superior_lake_precipitation,michigan-huron_lake_precipitation,erie_lake_precipitation,ontario_lake_precipitation,superior_land_precipitation,michigan-huron_land_precipitation,erie_land_precipitation,ontario_land_precipitation,superior_lake_evaporation,michigan-huron_lake_evaporation,erie_lake_evaporation,ontario_lake_evaporation,superior_land_evaporation,michigan-huron_land_evaporation,erie_land_evaporation,ontario_land_evaporation,superior_lake_air_temperature,michigan-huron_lake_air_temperature,erie_lake_air_temperature,ontario_lake_air_temperature,superior_land_air_temperature,michigan-huron_land_air_temperature,erie_land_air_temperature,ontario_land_air_temperature,date
65.88890277242142,98.97923153113749,111.08472843173044,185.09336761514223,47.50851466129979,90.51536674985675,99.39997449451472,161.13782810200226,106.81169524197416,79.29771409969419,50.52331809469771,71.39031485723018,16.383121509900274,22.47192055006613,23.048358093527384,28.464476648510384,262.2553405761719,265.4331970214844,267.7224426269531,268.185791015625,255.09309302098248,261.5323079427083,265.3639160959344,265.0670096329817,1979-01-01
72.94713505570608,55.9464940056935,63.410141637792314,70.12236523100502,62.05398358861866,46.70885969210477,65.61554778735427,72.42029453349939,54.09625789085932,59.22901328836191,42.40736077411633,68.65897904858818,16.115779242996762,17.711793191174063,20.770883569851296,22.337270544825856,261.8752136230469,264.28863525390625,265.3082275390625,263.4831237792969,255.8980930525943,259.6264668305715,263.26641042608964,259.9390600009227,1979-02-01
140.38197704800402,124.56179016074542,112.5198543588198,88.02964877957605,137.960517962317,139.17601171650898,114.39537668708452,90.42087637067311,31.075612501242727,18.882358629123413,-0.3715598510436102,15.809096215258691,37.85850552247071,35.67813093779037,39.507209225169035,41.66377606267019,268.6036071777344,271.3538818359375,272.9557189941406,274.45562744140625,266.1633657022301,270.5525206724803,274.12695171958524,273.7252437561516,1979-03-01
82.93737079102556,127.19740842053372,166.09745805955083,149.83797700681797,85.0558793095408,120.15556488445915,152.60951182764393,137.05229097314475,12.489237232170616,9.028745418473925,3.2641529043202984,8.634789342382135,41.468041750897605,51.05629116526803,57.95205648188827,68.30803133935383,272.3412170410156,274.95819091796875,276.3537292480469,277.062255859375,271.5252849685243,275.1657876968384,277.484783774928,277.4512980303426,1979-04-01
119.76416195765614,96.16873441872713,129.44575348338284,96.73330928695042,118.67832705986396,110.21335398461105,129.13058770084552,109.7898583540498,-4.519336962650775,-4.817536896133402,0.7090216073838351,4.152079556781979,54.71990299537627,89.9862734134957,110.57130540441332,105.5315441410648,276.5958251953125,279.6111755371094,281.26531982421875,282.96624755859375,278.74303457556493,282.1061584154765,284.76207873695773,284.63359562430793,1979-05-01
130.25632478376028,70.98474564003553,84.77633362426666,82.30963596672224,124.0843996880938,95.0739947518138,104.16492031155094,84.44280883789106,-16.954732939462012,-7.960117561894846,5.860301947681316,22.290228251147877,90.67832811557189,124.73519978336684,138.15742161083108,137.05836731002134,280.71026611328125,284.73126220703125,286.7620544433594,288.9681396484375,285.99717280779225,288.5663540363312,290.30173050729854,289.7159757839413,1979-06-01
56.4424789652848,70.73906589882917,87.78872619961949,79.3836627817217,70.19710649836689,85.63996012009221,99.27348053469896,75.11837591912257,-8.007273817967612,18.0413321827024,15.98135627168771,33.79426874155451,102.10979662326584,127.0944014849022,145.0329916193671,129.14395433565227,284.2897644042969,290.11688232421875,291.7095031738281,293.4426574707031,291.4036808089906,292.54681277275085,293.1763582731548,293.147043062946,1979-07-01
37.87821760165707,56.707276865679475,89.54603173601012,115.425006617997,49.613193248434456,58.249491269732246,102.89752669981031,105.85928479033946,22.062785552153255,51.87359313315786,43.38972633166819,84.41729203513655,77.93227521887823,82.90421889889892,112.18678159406328,89.33513355216441,287.3709411621094,290.966796875,292.61700439453125,293.2012939453125,288.75335389399436,291.23077090581256,292.8129684046695,291.4499201737051,1979-08-01
29.286131829278855,24.22450912788434,62.94346506756186,87.02347131448055,32.71464892682992,26.372201106654245,59.322545920691816,109.83102833647564,39.479970952037846,65.12428710245491,51.60932119494408,88.51750917022704,55.46767355480092,46.525270833697974,67.33153660438614,64.13087838652264,285.5685119628906,288.67205810546875,289.7652893066406,290.0845947265625,284.83252548886486,288.02169553438824,289.32307293540555,287.6844280573327,1979-09-01
120.62072252489207,88.8967277207338,80.22205030241597,138.31709373328874,118.42487829152137,96.36305927494593,73.70437819430748,114.755425960695,56.65071581735212,64.57634385559398,65.2490968573052,91.08046033814438,33.32729914505279,33.40531468516844,42.42257233745748,46.114982634209454,278.6471252441406,281.8298645019531,283.46954345703125,283.4120178222656,276.4098865767399,280.2444496154785,282.55439416985763,281.29256385142406,1979-10-01
65.93859998017068,104.16217316289024,136.67900945348816,103.68750090388464,75.47638933778039,106.33222632904972,136.950924476388,112.92525625075214,58.17883878467296,55.465702910637546,40.88518349258574,49.953971471610586,33.07507204676761,29.44589906165853,31.491986976941657,30.678998588745685,273.4085998535156,276.486083984375,278.8101501464844,279.3080139160156,270.10835150608506,274.3871959050496,277.5009938290245,277.2864745132566,1979-11-01
62.18919495748155,93.3251579694412,132.32541665786692,116.7289024225604,68.93865058239422,81.31491507952927,96.83035768262025,107.5459334698063,72.9390379588953,60.86405521922263,46.61591874016304,63.65113799235272,31.332671587461665,25.608148823173995,26.406871503623076,27.212623644967827,269.776611328125,272.4095764160156,273.84954833984375,273.3048400878906,265.44207192227185,269.7592363357544,272.39618763170745,270.6879933274637,1979-12-01
103.4267209235656,70.03558168121839,47.71355755504836,55.78077404291639,85.71978840083949,72.92911119718315,48.62466803581815,53.12612468343635,95.46723500582246,73.5352150917644,64.3209065209116,97.52844467841696,21.758341307569925,24.834540163042448,24.190987419615684,24.2647978064497,264.9839172363281,268.222412109375,270.2049255371094,270.3638916015625,258.47434572014674,264.8155167897542,268.0145942286441,267.06966754582925,1980-01-01
39.063289698785454,50.112326609532,54.66571923374666,44.75768070861436,33.59039721029826,43.531749991049814,54.89987532005529,45.65586736508737,71.44046420042335,59.883501906722,43.77556541096987,60.031195152323065,18.55222077868912,22.391315948805666,24.165935084917415,24.515829716703703,264.3064270019531,266.8918151855469,267.97259521484375,266.5397644042969,258.3735838506326,263.3161503473918,266.51219096936677,263.83076705331877,1980-02-01
54.00388700149022,89.29589661147718,161.5066190382861,143.3170232772092,61.45443126947533,91.50081327453216,150.72872522231577,152.45357655918403,52.636254508567035,39.33239116877077,16.001955754415018,28.62207894659976,38.79384857590469,38.714198807882234,39.698533208272885,42.73812796438489,268.1416015625,270.4906921386719,271.5950622558594,271.9640197753906,264.91899333817076,268.91702485084534,271.50686243960735,270.3646732840951,1980-03-01
73.68521653405655,106.49011425691803,127.04806457266228,151.37633648735047,79.46486410645466,119.8704780160856,116.10801714491843,130.47445955247017,9.640385504184495,2.4501169695988443,-3.006799010599199,1.5393901774728862,43.71080193830582,48.83722656323657,63.17434644693391,58.70743410401023,274.47174072265625,276.33087158203125,277.2738952636719,278.0030517578125,274.20387225512013,277.22932863235474,279.23966317427784,278.52835034948635,1980-04-01
48.31583086825278,65.97061765850464,87.10046951270543,82.22513251901223,53.35315696318416,73.67648796095563,107.9296907369957,81.30077939908465,-2.0050773669865256,0.1323074635419056,-4.786979501387559,8.554687586397307,73.48366585531355,98.16832290618508,117.9982470712636,107.24586969521576,279.614013671875,280.96185302734375,283.3731384277344,284.34075927734375,284.4924072022457,285.04300451278687,287.06338400589794,285.5402031845934,1980-05-01
47.29946297449524,86.00674293973907,111.036302407913,102.68816803687903,47.98873919487334,91.42188367906468,129.958275160712,116.9525071908512,-3.686920791305184,5.774829265741837,15.010958736076956,47.06891225077529,82.1842154906412,117.19123127993632,138.56968149557366,112.42348066246912,281.2510986328125,284.07684326171875,287.1039123535156,287.9380798339844,287.32845886959973,288.1566923459371,289.93383126509815,288.033926655927,1980-06-01
33.13861272040007,27.51609876459612,75.19606187883095,57.55262453790779,35.95171433958996,29.107917187194033,86.4433692435422,57.49248672649931,1.5731669390866705,23.731912186272197,24.826531445321717,49.28424887283065,97.41604871742366,111.8912964269623,129.83997407803832,114.27552176993574,286.2547912597656,291.0430908203125,292.9922180175781,294.26324462890625,292.11630346290616,293.8170292377472,295.2566006309108,293.78960100309115,1980-07-01
41.52537627374341,41.371042440550816,68.21967707036602,34.94362418264891,54.840884178519865,45.85748421254739,69.9954195494493,62.58913678303443,30.73126391546531,52.24746346451141,42.64192460666666,86.30387285140804,75.27957099189442,76.99339421894483,104.993362640784,78.74949018784089,290.041259765625,293.3919982910156,294.7620544433594,295.5071105957031,290.91267571316297,293.9171833197276,295.5118155228464,293.8337623415969,1980-08-01
98.33287564443968,66.59182683312736,40.97097704178972,63.41221345380306,106.93134464690324,69.65142472806983,48.78913148117998,59.53386152063233,52.23800315273403,74.79565150059231,60.57556887459047,120.76248733476906,56.59412212383711,58.5962788904458,62.973828391630704,63.589066160418426,284.47003173828125,288.4561767578125,290.6604309082031,290.540283203125,283.2232544431648,287.25619117418927,290.2747634084601,288.000644473579,1980-09-01
65.96442031099778,57.26787281868622,75.28418805795984,100.96889403839992,78.0867763418198,63.97801560843569,58.536056824082166,91.18032340935902,71.85966073286596,76.14798474861179,77.6387428471038,112.15171405979612,39.62904791282562,36.94649869381836,36.081276601386975,40.32467460831596,277.6990966796875,280.1649475097656,281.8210754394531,282.2325134277344,275.26955374303566,278.4103548526764,280.7050100627698,279.4627728800135,1980-10-01
62.507131384469766,58.49437530566404,46.015334988366114,89.6845415918354,63.13646270960111,57.1807141849623,42.757447183532136,87.64319852138311,58.78427398165958,63.90635098054851,57.46812620087085,80.11962043047602,30.65176062558055,24.17038306204288,25.989265606773586,30.162235020772965,273.559326171875,275.6868591308594,276.77484130859375,276.5809326171875,270.3554963495627,273.50716638565063,275.4411884107088,273.61466991995263,1980-11-01
66.81003805394411,103.53013274854771,80.90415855956724,87.87109779112903,58.58881501921073,94.5713716452455,79.34392271132437,87.96144204257006,104.4281474657344,81.52374033183676,50.48285424119767,75.08804738190317,25.24111480692563,23.87246595286799,20.89075217302352,23.72280850946981,265.28997802734375,268.2929382324219,270.4010925292969,268.8626403808594,260.081901337521,264.8251078923543,268.7822643079256,265.74937258742926,1980-12-01
39.82879267662912,45.53224632842509,53.37168893389532,41.29758973727909,35.51028663844386,39.585981226520474,45.097436358590606,45.16547890600305,85.05712989147247,64.4173406617824,40.78726097834848,62.35942850338897,20.615092279746012,18.298772791504778,17.816955590464637,18.86324463109218,264.8966979980469,266.62054443359375,267.1629333496094,264.96728515625,259.7832561356138,262.90280771255493,265.30667977584034,261.734832523376,1981-01-01
97.92421162630328,98.94157286433978,111.53459609249622,170.69900749306993,92.87509078111236,102.73178050511764,98.54467859303912,141.56710952013128,40.125480857089826,35.895140416581725,14.494051818444625,26.420355394438864,22.047629771049166,23.15146850159048,25.20141701694246,28.06658003394449,266.3630676269531,269.3848876953125,270.53558349609375,271.8572082519531,263.43340991502737,267.792209148407,270.3422733106111,270.4164061058225,1981-02-01
57.70341031921096,44.94437311197413,48.49978075759562,58.99702238147675,70.34732560287746,52.798820965048,54.48649491571216,59.28267975564804,33.13795931123598,26.426216461793167,16.8249207705895,28.41477621608183,41.197162893340135,39.35894612150267,46.25767443507714,41.88368987360342,270.4178161621094,272.4112548828125,273.17510986328125,273.6253662109375,268.5252249060399,271.6065247853597,273.52717951724406,272.11978750153787,1981-03-01
98.73319212707592,120.85341298899164,119.95953512355628,106.30391153497789,95.33592048211952,122.64116232041928,128.07569943606802,113.02073394204312,17.91574202135711,11.940253205946313,-6.36273289369004,13.477128393476642,52.35478535764917,65.02505611249788,78.28204886084346,62.88782875516782,274.6780090332031,277.43475341796875,278.74224853515625,279.135986328125,274.69438834019394,278.449303150177,281.6325528998124,279.5326288178211,1981-04-01
85.02813406928755,64.77530191747675,93.49067492215032,79.21771905794068,74.40880036730576,75.00325631497209,122.7500122318346,88.6505648670578,4.347431739399632,10.438879177061672,7.248113398904616,16.68174272730561,76.32604467336196,99.39669250355784,105.79887379941825,99.93406455129588,278.47259521484375,280.68231201171875,282.9291687011719,284.10589599609375,282.2097073133248,283.8204629421234,285.5005585519891,284.8995068167138,1981-05-01
109.6515487337634,64.12905587982917,99.09224054287992,72.66956165583628,95.16365151348394,77.30801430666025,138.91461797578657,83.14707279313049,-13.41599273604623,2.043911533101834,5.602083064875589,36.226732558324585,87.48538926888219,120.01370907673824,139.9336427288606,123.18140078403864,281.6278381347656,286.4419860839844,289.60107421875,290.5639953613281,287.7539877112643,290.2280333042145,292.2990104273746,290.6966353288786,1981-06-01
13.586212081295075,38.912707750338335,121.81923886042804,66.28586758526718,17.70715451653222,47.050868888471946,122.70567065471332,101.90867573512423,1.9939668677051463,42.7649892940324,43.33990844819405,83.3388743619018,101.0521468474294,104.79397137968682,129.89920515961478,108.78045419955366,285.73187255859375,291.62139892578125,293.52691650390625,294.7288818359375,292.30079182780594,293.4082321325938,294.2225480330618,293.42940226877766,1981-07-01
36.09103371783028,72.11217056419414,64.94361682121506,76.87852162388475,42.78774027543975,77.80181412794569,72.65608163911541,79.64870663161129,24.780559014355337,44.89302301271005,48.52501319230097,76.97515203154155,74.1354291624687,78.8820600065701,101.50713182265876,91.64427736257998,289.74493408203125,292.5399169921875,293.6268005371094,294.398681640625,291.2576259901799,292.58419942855835,293.39914261667354,292.08118925319883,1981-08-01
40.89549584682844,99.68590260081577,161.51325241698672,145.45076058101,38.75590588713282,78.90464871925263,120.48444087624527,128.99386277060498,61.10348464944516,80.28075560641932,61.719810024430544,106.69572004183996,43.11915611383117,58.00939614815009,74.9201995702431,68.5124640164719,285.03692626953125,287.82275390625,289.1059265136719,289.09112548828125,283.76624495669665,286.37248786290485,288.14936346756787,286.57874496339815,1981-09-01
115.41370541658073,89.3146487715499,107.25815545213555,154.69473188151613,97.51642447783676,95.853453087133,94.1632846237033,136.62147625562272,45.94535416496055,56.32991156757257,54.44761147312637,81.83029125725118,40.27539211260739,39.417893819733195,42.58621288297264,42.923296567958914,278.2933654785156,280.4838562011719,281.83892822265625,281.7659912109375,276.51604957124624,278.9953376452128,281.0575936969958,279.3783737543061,1981-10-01
37.06316945701894,60.38003130355454,64.03199710813975,72.7010504083008,41.65294601874388,58.327012273660735,65.43767365852987,76.02959187444031,48.920429171888046,57.68866652064144,70.91354373090006,66.10116320712494,27.409254981874305,26.60875463962477,29.49544838141406,31.414485339045168,275.44561767578125,277.19781494140625,278.6068420410156,278.00543212890625,273.0261901612301,275.04320883750916,276.63634270115904,275.2024865338183,1981-11-01
65.15228607938957,69.27862549985332,92.5363840449338,72.30513301226094,63.008396295659054,66.78685089863117,91.8573224454871,72.08855846901726,88.07772250906194,84.44742680088234,76.19644618258161,77.72148389295174,24.62016485567959,27.463572989589036,27.169378328512867,28.568817192418365,268.6860046386719,271.48187255859375,272.6650085449219,272.62109375,263.041093560329,268.09094977378845,270.09072193346526,269.32935964028667,1981-12-01
103.42302372652136,115.38159711267276,145.37800869681104,123.65923556918274,78.60820267238142,102.65049598354922,140.43093175903226,119.5927685314219,132.61629474416767,110.82235829294687,77.28798815391414,104.5972935258579,19.554591100881364,25.994291596623512,28.250760849273128,29.8672553145606,260.7160339355469,264.6694030761719,266.41357421875,264.9465026855469,252.61600436632375,259.49987443288165,263.77691610235917,261.0108825203002,1982-01-01
46.46502070491636,47.11138598429752,63.69708418710743,64.01125923905205,38.67340167103312,48.75785173904528,64.02664023741364,67.93868715216661,64.5227070276604,54.046581479345726,32.81258157092134,55.37382721202132,20.056919494910055,20.7396933331504,20.35596554598524,26.688977453477744,264.2667236328125,267.2397766113281,268.4313659667969,268.216064453125,258.6039369742709,263.5906086762746,266.57100075169615,264.9870211383489,1982-02-01
86.13254277280448,99.18717391231696,139.05175647353562,126.11557182740968,83.74565751718126,101.6744100487752,142.3570913388961,126.21143436677428,43.78795378651116,33.02442443294997,6.9705619714916285,30.828850726568977,43.97248296252251,42.98474598950192,46.36602789541485,49.69041734894367,268.2084045410156,270.7195129394531,272.2662048339844,272.3370361328125,265.0109271167284,268.9011122385661,272.59722659462375,270.3073177788201,1982-03-01
108.17086175495513,92.08473040693106,105.29851286178533,97.36059303743563,102.01247799526293,104.33748659146389,96.19799604007603,94.8294742746793,28.199556996025137,19.523249635332423,9.659909523658548,25.733800150621043,59.60445907796286,67.14487864331818,83.00870340808169,79.79325287549175,272.6098327636719,274.527099609375,276.56488037109375,276.600830078125,271.4086386388042,274.66095821062726,277.48552583393297,276.3885627806656,1982-04-01
131.8716071351565,114.53985558796909,87.21073056673019,87.18069616713545,114.79793720354844,113.82334196514768,120.26685438848943,106.11017228457018,-13.027844387272468,-9.509528010898189,1.50948794951564,-6.788437237402137,71.92799405998494,94.83808444361875,118.64769279321398,101.14135122704629,279.5108642578125,281.5765075683594,286.3418273925781,282.8992004394531,284.2883866146741,286.5759831269582,289.6155941611842,286.6135049654743,1982-05-01
58.49968431495048,99.69537314781743,158.81652624483644,139.03940834489185,77.94071971103617,100.53026778952444,143.46937559880075,156.68479895997953,-5.318638391253423,1.8000210297438854,24.12508316170498,-3.397027223675649,81.58941549274054,111.34749824198218,122.65697618921304,113.90990942012428,280.6241455078125,283.2300109863281,289.0664367675781,285.8022155761719,285.5259965995393,287.39638352394104,289.65107847514906,288.14481407826344,1982-06-01
144.28616117857837,86.3742603980396,72.08560725092458,60.94073407249313,141.55930247674542,107.34142033286402,91.755225360868,69.85544988822521,-20.264585213032817,2.8756379681930047,43.07909264922348,28.05375810075876,99.01938354232338,132.00638080800164,146.9748964499038,131.8426775215388,284.3717041015625,290.1784362792969,294.75128173828125,293.146484375,291.2984343144998,293.0540865262349,294.53350569072524,293.0562318816898,1982-07-01
34.74952638595111,66.60552806405973,71.11778966086561,57.946631322369335,46.544891608737345,75.40194558842735,58.39826886239273,72.4262755056415,5.8647512878587085,56.57084597434657,98.85707566294803,90.99615297709632,76.44451169738824,85.68135077262374,94.807028467383,81.1912511831052,284.6289367675781,290.45318603515625,293.4781494140625,292.052734375,288.2875918202191,290.2414746284485,291.99572673596833,290.109434353085,1982-08-01
96.03146499247278,78.38427167792233,75.4123591750237,71.99856955988609,98.72370209207158,83.273271118778,65.87505998327877,70.07103480429944,9.406467787900953,45.50139171743362,71.51977587311464,53.0039573278988,56.88062874231856,56.72258843419612,51.65325166996381,53.63357757370345,283.5210876464844,287.4854431152344,290.1655578613281,289.0458068847656,284.2040761514489,286.8977129459381,288.7685641238564,287.4709244375154,1982-09-01
139.81805200656373,54.52185930044848,34.54824356005853,43.426621225836826,128.1901607522052,60.10527334604318,28.591176418201563,41.78227565008426,23.522738179702632,58.30940517244082,87.99624279353836,72.28967783796969,45.63238701674047,40.04786775730287,34.090076958138646,39.685462047046606,280.0112609863281,283.75714111328125,285.87066650390625,284.59893798828125,279.0837074067013,282.29240894317627,284.2544896979081,282.10185638187437,1982-10-01
87.6350867275336,124.02724000105604,136.62426133363795,122.06020890382236,87.21710112266996,121.9781444224308,123.90996935616988,132.34255415823583,60.555342878876594,65.4333235128897,74.8454394058773,61.23092993413351,31.00574545419529,29.746754236918115,36.501383077459735,36.91214767516437,273.1904296875,276.8273620605469,279.8287353515625,279.16888427734375,269.8385982437438,274.92955803871155,278.1280638042249,277.0724477692852,1982-11-01
96.8480416081102,123.44399090697834,153.91208008362773,100.06965649050883,87.64055771027745,118.1338292556338,136.23050874189997,115.10472613328444,77.89901461756119,58.18644263050498,39.39501141147142,54.53736100562074,24.228862658041077,26.04145532567418,28.767523543085098,28.916025844674813,270.1075744628906,274.00518798828125,276.3804626464844,275.3409423828125,265.95105102052725,271.8590579032898,275.41780451724406,273.4577814537709,1982-12-01
61.6429408785909,63.3997867913857,58.25663141748392,65.73774724876216,61.40582659591915,62.90128060361032,55.67320746031766,67.63641780738186,78.11296134182143,70.14334075962711,53.04943403182829,77.67878486192254,24.61377591260136,25.977290593817862,23.64134858519339,25.60833104783064,266.9482421875,269.9446105957031,271.9073791503906,270.9707336425781,261.4288601818313,266.53417499860126,269.5774040222168,267.6086509884812,1983-01-01
46.58022328054479,59.761159385937624,53.1961121946732,79.97767234161125,50.60241472239638,57.13956740387881,49.64734360833495,65.88304800746621,44.033847529747426,34.71949565454406,19.708503691836015,50.22883998830361,23.418301210146815,22.587618141943555,22.959675199448903,22.679006559942017,268.15673828125,270.6988220214844,271.84228515625,271.1073303222656,263.372672761104,267.94249137242633,271.12308502197266,268.3618212121678,1983-02-01
74.5826251102248,106.22740097945416,100.27808150762876,90.00885412943884,82.33885586011051,103.72553708276467,95.54796951155078,88.44097457164767,44.5285578983848,31.55507413514642,17.05592225401519,39.47821884051061,36.64598043257364,37.94159194132688,47.17997999032252,43.49839640283048,269.80535888671875,272.87762451171875,274.957275390625,274.5240173339844,266.8203458140096,271.3172749678294,275.1040890342311,272.9889699380229,1983-03-01
85.71532208697411,99.54471424675648,114.60773874192634,156.23788018971317,91.22764494253984,102.59476654849756,143.680006548718,151.71528546412353,20.718449870501892,17.083883873111297,12.724704945715605,15.303939810308275,51.38885429017737,56.998053936385595,70.54868017372506,62.26422497750855,273.82440185546875,275.9017028808594,278.153564453125,277.8290710449219,272.9648815626167,275.7892417907715,278.54310045744245,277.2611134446512,1983-04-01
112.47232917096832,165.43138921809066,110.5329849121855,116.37482938683576,100.0187141028143,175.7973678873764,131.0698955072263,122.06428804915022,7.829758813055505,8.6553241382737,11.656982351762585,0.9030845015383352,60.612993459179634,88.78591919008338,110.65871577727656,98.5403518851001,277.9129638671875,279.7836608886719,283.1231689453125,281.95458984375,280.1175489691624,281.71644894282025,284.1134679693925,282.87909632404956,1983-05-01
105.92900393144468,70.69040849658279,79.59789245854196,43.24007469963589,87.5822372968044,77.70234579289574,107.48052181289364,81.05424648135163,-14.994621887838818,9.492301628052996,33.54197616459317,18.92227527264551,94.262343377813,136.58266628581694,137.76988103710795,135.24480645741863,282.2336120605469,287.28717041015625,291.5083923339844,290.0321350097656,288.50534154884366,290.3808199564616,292.2303410580284,290.7591778612512,1983-06-01
68.95071105229702,73.23264349298714,156.94547690197209,88.57776700563302,99.53998210500944,86.76548955276536,167.54654155718214,88.79551726819024,-17.026498442370457,25.882501971556703,42.417341492510786,45.56229603649842,107.29724374473162,128.80738356645043,151.51689758545942,114.40394573779184,286.8370666503906,293.6376953125,295.7180480957031,294.9771728515625,293.5152980606869,295.105295976003,296.0477154380397,294.4263810285433,1983-07-01
47.60332104435775,75.5130759495551,72.78819935399747,60.0385396362241,55.99249541851265,71.01447596481388,57.1667470715722,83.04904527380243,18.75067171659462,60.97246059045801,68.06393452399949,72.78420744996937,88.09144759851613,85.35172462295412,101.1402765164923,87.97646933640239,291.0377502441406,294.3251037597656,295.8455505371094,295.1221618652344,293.2081454455615,294.51060422261554,295.74193673384815,293.32961747777745,1983-08-01
84.66847706654558,78.6634605341142,59.52396444698854,61.19713684651485,90.15166394066468,83.47171112478406,56.61010016148179,54.713769298417674,52.082119729820874,101.86629300562628,113.54349061478392,109.41678297819088,60.64493110454523,60.78625904275949,58.6106938266225,61.05398052760997,287.011474609375,290.36767578125,292.38800048828125,291.9987487792969,286.3062722255509,288.99634130795795,290.78340068616365,289.28493349570925,1983-09-01
102.75696910780113,84.18977583918316,81.34932648030244,91.94369359231972,116.2921103298388,89.20277805284088,84.22294378804224,85.26078361433927,50.88898924614523,83.79918113086684,112.11944043490374,106.84606672827196,42.142129493544815,42.99007340021294,42.9788321043072,45.91943635515679,280.4349365234375,283.40167236328125,285.50274658203125,284.4620056152344,278.22864730044665,281.41783769925433,283.68442655864516,281.7989014152467,1983-10-01
117.0325507653604,110.7162256109272,147.01249634096823,143.3290095413575,115.11403108059868,113.70699931258928,150.5913014850018,136.07192931369897,72.20408775529735,76.58471084532874,74.49400667395692,75.99088225799778,33.73563976519123,33.88262188603272,37.073763418515675,36.825917379327166,274.5571594238281,277.0918884277344,279.35589599609375,278.14404296875,271.27570297423586,274.9314244588216,277.6724682858116,275.7624329093873,1983-11-01
75.31413951396013,103.44386034329077,118.6940267379088,190.4858307644363,58.283255479752235,91.1681286246734,112.20836001752168,149.1114500073726,120.98326062568978,110.29846174657254,98.89354785260208,119.033855397092,20.078288791775385,26.85084621102196,26.225986675179392,33.315861469457666,263.6482849121094,267.17120361328125,269.653564453125,270.15521240234375,256.59920000175083,262.8763629595439,266.44278476112765,266.5108712263933,1983-12-01
68.65014617219336,62.44697957555545,65.0784771027027,73.71255821636714,54.856453419054176,55.393541391135464,59.759667632478305,65.1361099261903,89.61266468606551,72.94406999284962,40.26791024662249,76.31762689026623,22.65326123295368,21.888127900987985,20.737655535559178,22.760389877077003,263.66766357421875,266.2576904296875,267.1725769042969,267.1954345703125,257.4004190756505,261.8355250755946,264.9899416471782,263.3680621770423,1984-01-01
59.171917325725246,71.58554017356501,123.393706386549,138.0566013421186,64.18765693626477,70.61550873460804,102.66500448511196,111.1657240614649,37.48427895656943,24.830716729705237,5.958476087217854,28.350169472587783,27.939917072980027,23.64141067533034,25.730843272120826,25.594192820391505,269.002685546875,271.0599365234375,272.0734558105469,272.2227783203125,266.18600634084754,269.55605840682983,272.4015948646947,270.5599696842704,1984-02-01
68.96219569807026,89.76383987510266,112.39729046163508,75.64443551474982,65.77751986483459,78.03207209466035,114.06551853633783,91.95597043864971,52.26494013463116,50.741108389393375,28.66388260200105,48.584896834983965,38.90986145008031,41.69118595611155,43.27232698843142,44.30521211118597,266.49755859375,269.2643127441406,270.23114013671875,269.51123046875,262.9688856877179,266.9759582678477,269.472683755975,267.11252167468933,1984-03-01
70.99603488002414,100.13931261558504,102.4379481224234,113.62442724189243,76.8503583553661,107.34118170242338,118.11286343051734,105.90408687078671,4.022598701380809,0.6782337429928611,-5.373809660194287,-0.0865045716882926,50.76896687998904,63.570425179690034,74.97194928198881,60.58035448339062,275.24530029296875,276.9364318847656,277.5344543457031,278.12884521484375,276.00609804434606,278.11460010210675,279.75228359824735,278.52628813015195,1984-04-01
85.25067906027381,112.61617626418428,151.83093650332444,111.2873361809764,92.79188590544544,113.5530970558841,173.41303774070155,131.15463563231103,1.500192123229996,2.502748524368517,5.678411297815245,-1.0999977402156358,72.55620778700575,92.52882305590208,107.13344117508252,96.90257458717292,278.0564270019531,279.7420654296875,282.4822692871094,281.2476806640625,280.89383080471083,282.42039163907367,284.0897212781404,282.5401897280235,1984-05-01
137.08024488625776,124.09996367024851,100.5992684720008,89.34761325964251,137.8870762580373,123.74614094058322,101.3791209870588,117.9028994137983,-18.468652722569423,-14.723573850652494,21.614265044443783,-0.281613488755666,88.93719334786657,132.33329374804617,158.94664486408013,141.97543129144438,282.2210388183594,285.4416809082031,291.2886047363281,288.69720458984375,288.27146540789965,290.4426627953847,292.88133781834654,290.6175073338306,1984-06-01
60.56906642639683,55.32482959285099,49.45283991359226,51.053271866026115,72.79368682164385,58.579788415510414,56.11018318686559,71.04111802271267,-9.223551953934958,25.85565426905131,59.37014882483882,40.36906934802336,102.47872737561282,123.18464466713505,130.03009402780037,123.12599981585578,284.52337646484375,290.36236572265625,293.8782653808594,292.8169250488281,290.7913885230562,292.255004008611,293.57987253289474,292.39517356091596,1984-07-01
48.4085810567489,52.84815352623512,68.75174176281364,84.90805074244756,47.86651404164424,56.74053948729299,62.7255077241654,94.086140433882,16.299233847049763,58.806441949591,76.27089539576126,65.42025394688356,83.07580513032187,79.8456146373065,88.47743024035333,94.31666589004044,288.7839050292969,293.3179626464844,295.4997253417969,294.8618469238281,291.7161460359733,293.5680499076843,294.97084888659026,293.16589475616695,1984-08-01
65.92721880033893,84.98385916408738,46.94360307526201,47.28606979243351,78.38364061966102,79.8669441623624,50.40890140941369,59.6554154139189,46.86671779559913,78.88359356098655,100.27986874377164,90.63325808897932,52.65201921133536,55.25902538963142,54.22274879996307,60.77952816079886,284.4584045410156,288.01141357421875,290.1419677734375,288.96832275390625,283.084254291428,286.6376160780589,288.76551015753495,286.5123065137488,1984-09-01
90.94808784929567,80.21007977541211,55.040834746903194,39.68739553949718,92.99505311851765,85.03108248087939,60.734329752455984,47.26631345514837,29.258502227185495,50.43889602324231,55.77149328088994,52.22846134409048,41.13224281437856,39.00363186968267,36.706837650701026,35.99647187011125,281.0360107421875,284.2283630371094,286.93402099609375,285.684814453125,280.1463118473372,282.98670840263367,285.79419387014286,283.61820275013844,1984-10-01
64.97452234124307,99.2392080015494,107.2819852668306,86.07166061127207,74.60217656905921,103.1266915458659,107.08104862747524,91.92643198940618,62.272109927391945,78.77534649294084,106.30579603600631,80.56878912752364,29.99069242424352,31.89729359121672,35.284635158066415,34.87165854656943,273.9047546386719,276.8016357421875,278.7545471191406,278.1253356933594,270.9771721220586,274.54369982083637,276.33065314041943,275.2421726016548,1984-11-01
107.83350794318734,122.49069051237456,118.11276727869289,102.38666939603394,102.3546842415148,118.99393435037736,114.47953569897354,110.92436681570136,95.90466176936064,74.10598039777041,54.61054301440997,60.743054746148395,27.561067838174875,27.550161401104173,24.96932542867466,28.72545398826594,267.5589294433594,272.17462158203125,275.39825439453125,274.83953857421875,262.4059780166444,269.5550413926442,274.1431742216411,272.50905434916336,1984-12-01
63.46371454852597,100.2803594704462,100.39818381928087,101.50518051649472,51.13343485010989,83.2821651416807,85.89115549902806,90.80886105517538,99.49856710387525,93.09680369085552,77.93431359470901,96.53779631171804,22.108143873071395,25.802009981990917,27.40813437006265,27.15036503733006,263.630859375,266.7030334472656,268.0475158691406,267.6888122558594,257.1112777284417,262.24887045224506,265.4043733697188,263.7539636807179,1985-01-01
73.75931666028515,109.35965735337828,139.7089866920378,114.57888627583142,60.27978331307588,105.8972455472378,129.89547305825246,105.4828834553004,66.21660985137879,53.21164455284781,26.062554016814303,45.10342770868101,21.14408097801702,24.965406916007527,24.216750431401444,29.19601453201598,264.37225341796875,267.53143310546875,269.1456298828125,269.1430969238281,258.6783087984974,264.272874434789,267.4125639262952,266.58246330201155,1985-02-01
92.0117275420924,133.5814595436854,144.43478850296475,106.4696179777934,93.11083809612283,133.7568867770001,153.5379766033829,117.24109422199984,31.731195541035067,26.34757377454097,7.568204850528064,35.680005712841954,47.84243606099113,49.726492478288726,51.72727428515338,50.59576624668861,270.31610107421875,272.3641662597656,273.7107849121094,273.5927734375,268.56762014442234,271.23435831069946,274.6100849352385,272.01676183985916,1985-03-01
100.0838034711899,127.68468732548104,95.3672707183574,91.00791941122402,99.86129845322318,127.98516884548812,95.06265686260838,97.36908943097984,8.130160598671283,3.4297103224103993,1.296366313014607,9.598102584261351,55.79770963100064,72.23975879107626,94.60656955652068,77.4141227420008,275.10662841796875,277.49835205078125,280.22747802734375,278.464111328125,275.84599334595214,279.4079785346985,282.9056259958368,279.74244365541955,1985-04-01
135.88350623467176,118.22781111095054,94.56752600472896,91.38817735040092,130.3595139795104,107.83019663087826,118.2907084869784,97.47295264670102,-8.280176524674763,-7.329502502971711,10.0889363305078,0.0760424420987652,71.67141396045379,105.61771712015133,122.03908988447296,114.01995836538876,279.41021728515625,281.5754699707031,286.04254150390625,283.56787109375,283.522294489036,285.8867875734965,288.2520266081157,285.96138829509107,1985-05-01
66.64410430955014,51.31815186885304,85.94181768609143,87.43081891705936,76.79216994901329,55.181035106552976,80.82301880155335,102.35709802238968,-6.220277687419287,8.994490235222049,43.947748691539246,17.0671907998872,88.17447649941593,111.37317218502304,119.60279423276997,110.25769249359776,281.3926696777344,284.7840270996094,289.267333984375,287.1348876953125,285.9666800327985,288.20197860399884,290.02006912231445,287.76292479507566,1985-06-01
61.266197171011086,73.19462660039544,48.7133526629804,40.38519147945694,76.10841886605824,78.45996884838452,81.31671157133229,55.74180706874588,-3.2461379489044546,40.30989600446742,64.15040816715296,39.86968347733583,99.4034314123162,99.8491421629124,112.93776607923331,108.41212985362418,284.63818359375,290.98309326171875,294.3282775878906,292.8658447265625,289.9325329298042,292.7015917301178,294.4923832542018,292.5653518316314,1985-07-01
88.48621397111297,74.61465908565394,65.26376294372503,113.39403524602702,83.63850905788331,73.36256100269573,71.43562384575006,88.53689949817847,12.095467005947,55.91308803660868,79.61486366181197,68.85376076089761,78.8631982150383,75.03429067640027,79.6955774610111,72.72461136989463,287.2509765625,291.8121643066406,294.0599670410156,293.3608703613281,288.92260632761923,291.51435764630634,293.1469782779091,291.6913173405204,1985-08-01
120.94374606837056,80.41640135660292,55.22023343603282,67.04370131960319,124.91918620300136,77.15096652050093,45.56218184955399,75.38806574897576,27.021322084120342,72.96685517219426,100.6734631133305,75.93495104691108,59.55857218282799,64.4271966019735,59.60998237729503,57.97228866747093,284.8818664550781,289.5210876464844,292.245849609375,291.1007080078125,284.3454980128315,288.57230790456134,290.87746308979234,289.06978336844855,1985-09-01
99.20075413787784,98.63750028545336,95.43449432529523,80.97330196242163,90.6528847655566,93.3010620975531,76.55361834894416,87.53148225250295,34.7224152263696,71.09807160753529,102.04801868272064,89.23533253092748,46.348584056090914,45.56555739036269,42.13230516264372,43.160552360005454,279.8152160644531,283.27606201171875,285.96002197265625,285.0357666015625,278.28664066877025,281.60056614875793,284.11775709453383,282.4371001476378,1985-10-01
142.57087455726946,164.12701108878306,211.7125206761843,209.339024664524,120.51699659669534,151.85974252481117,191.7550159584108,193.8045221280281,78.87041511320481,82.6455670893603,74.91328251159577,84.40759783150448,26.983216627565053,31.818594405689613,34.604055500849356,34.79419792533646,271.9106750488281,276.1313171386719,279.7879333496094,278.10888671875,267.54604676995143,273.82198746999103,278.21833720960115,275.92485851377955,1985-11-01
77.36198201696351,96.0112485154072,88.79055571546584,90.6874240054703,60.20895282296627,86.3492466702535,85.65107411457488,85.01185124169173,118.3746166060743,109.40777598829987,97.88803542900791,104.66395629158195,20.115902269337862,26.40604532117306,29.723386527749778,33.43697125318468,264.3353271484375,268.0135498046875,270.2998352050781,270.6429443359375,257.89504773873256,263.75509150822955,267.38370513916016,267.2044185127799,1985-12-01
70.95686919526783,69.45047715227028,76.07041033571879,103.27851104732652,62.0884092583828,64.25592686382944,70.33721720077743,89.95334490150414,80.80407066975997,72.65099153394978,37.27846524585873,71.8962914024289,24.52118255897999,26.771737426993177,25.59397708569507,26.79025563395557,265.3036193847656,268.3668518066406,269.5346984863281,269.19158935546875,259.67112294231276,264.6695793469747,268.26848421598737,266.05401563268947,1986-01-01
47.84793690282317,65.95073731553687,112.69236307437718,78.26881580827472,45.47356252836761,61.29448350711433,106.16198118260932,86.90153275537448,47.96326586820207,49.08027406382087,33.421194208747195,46.307483686220266,21.68259302567759,23.74868455288255,22.099338234429126,24.82761865852139,266.2012634277344,268.1712646484375,269.47314453125,268.6033935546875,261.25187591917484,265.3227371374766,268.5394576223273,266.05054960476133,1986-02-01
92.3239624170005,109.58227856286452,75.15178474539383,112.95861576306588,92.19578389262936,116.86484691593188,86.82260640258883,105.57818673629988,31.32973775644431,23.82837926302517,2.828866427576142,19.99338397188112,39.087698840407455,43.07768234185193,50.18153589001911,45.27806388214542,269.4651794433594,271.9772033691406,273.5215148925781,273.1172790527344,267.2173928796533,271.16225870450336,274.3401003385845,272.388187919076,1986-03-01
82.7927488334108,72.0969590971629,84.45223243693998,90.75686770732514,101.89004564021006,74.0492803262273,96.08494950307596,87.83008494632352,1.0536837597086446,1.4809191730134397,2.3511287126538885,2.584031094722016,53.9793207198935,64.91291608754518,77.95834780186735,66.84907100650598,275.5135803222656,277.76641845703125,279.30462646484375,278.66729736328125,276.27100144344496,279.54083347320557,281.44476378591435,279.7710765928734,1986-04-01
45.63648054682958,78.36062964810466,86.81229905849192,120.45481792336044,63.593170709338,89.29470459310576,96.71269560671423,104.38389515499942,-1.488717380053877,-2.805534176333648,2.0393525136077812,-5.381933296484415,74.00080413871223,96.62436390054096,116.04866346064853,107.81206016720688,280.1174011230469,281.6266784667969,285.5138854980469,283.547119140625,284.9217507411759,286.05523324012756,287.7262794093082,286.27939419483573,1986-05-01
121.50232843322068,125.60502261476408,147.92767048077152,123.823568848342,121.89878296980687,123.38349380429084,182.409267270182,122.0832241835641,-7.814326684158068,-0.5261327835215764,27.68736458916768,6.42817331754697,89.0938437013437,118.36770294218154,141.6287629485821,128.23625799390135,281.9825744628906,285.1190185546875,290.1405029296875,287.49798583984375,287.3106756324312,288.92220425605774,291.17469586824114,288.94212713767223,1986-06-01
97.0729568806914,82.25055746060433,172.57111270573273,103.8872691086661,87.82060997363868,74.94840938527459,145.39533053258475,118.49159328539268,-11.650153891323434,15.236547971015488,45.81849242430134,28.184793272343008,92.98806508994406,124.6123326383979,152.59073744097398,120.19127786518202,285.38580322265625,291.2522277832031,294.7682189941406,292.855712890625,291.9045633870767,293.622971534729,294.9979414688913,292.8279760165477,1986-07-01
45.66816182927475,55.58019830484971,65.67080538105115,97.74672770659508,56.708269882047254,58.68587855179877,55.18602275214766,102.0270108508609,28.956799230055257,78.06963542661087,102.510342901669,85.39401755798713,76.1985897206745,84.07790321230911,109.41940183856774,101.49769965305444,287.59967041015625,291.4966735839844,293.7841491699219,292.96380615234375,288.6063446409674,290.657945950826,292.05181603682666,290.6997043879952,1986-08-01
108.6805916775868,195.9455642071405,142.37395283503383,136.41011741886982,108.20501043522016,176.88363945992378,155.98957231214595,127.93293696839169,24.287060582076386,45.08905945573803,61.38472755526971,55.41382573374152,51.55988416157076,57.13263722475366,77.46968565359285,61.950329459908815,284.0627136230469,288.0352783203125,291.0076904296875,288.92401123046875,283.33722398005636,287.39407896995544,290.30954120033664,287.2685121551273,1986-09-01
92.21539415963534,72.56377582217267,85.87891688734655,83.10957933333812,91.29493573911648,74.90714578992718,91.45267139614153,77.9380556616607,37.56886065279362,60.01192393347818,94.41461297244544,75.96105813287342,34.464365930172264,41.45124376946471,50.01378731835088,45.22407329050848,279.1703796386719,282.5682678222656,285.110595703125,283.5781555175781,277.5419180212743,280.835409005483,283.27093807019685,281.1041488046721,1986-10-01
93.54189095453891,49.49187829798016,84.13884302425231,77.52824334059203,84.54356417263209,55.54062766641358,79.08399324850987,83.97016880758137,81.05230626007686,91.74065950488304,98.82187299381788,96.42544365823808,31.134360043250087,29.51437820850093,29.380213334680043,31.15348104837984,272.1738586425781,275.1643371582031,277.6861877441406,276.8818054199219,268.1982116699219,272.4706208705902,275.2433999714099,273.9372695562408,1986-11-01
49.04725459720248,62.690950723550934,111.10440634137,141.20145040779855,51.352490452209665,60.427100802591625,92.95681328582842,105.87913880126666,72.09546248484813,69.90369265638303,70.06142763889416,76.9470353468947,31.09165977963876,27.4325949173053,24.591185634118833,28.24653756249202,270.3480224609375,272.2263488769531,273.77532958984375,273.73394775390625,266.2251023980251,269.34182953834534,271.61997383519224,270.7886393389364,1986-12-01
53.716584914368894,57.99369189033779,71.44777566298369,93.3984442208651,44.76349770405944,57.8465137133506,75.67297049539437,89.7693483505364,68.34663263986879,62.591596480512386,47.43782881947132,74.40747332592198,25.650458743861147,26.006958131325806,25.35069401641008,26.680905237356747,267.4994812011719,269.96136474609375,270.92498779296875,270.62408447265625,262.61334447366784,266.60400406519574,268.84021658646435,266.8072906253845,1987-01-01
50.855932812261784,29.28665766015858,29.110002744766007,40.658511306545584,50.89177831857218,30.09140135626526,24.777406589024917,38.05897998520829,39.04151370165339,37.66768354849981,25.07344273575736,56.70359552952541,26.949595273424848,23.249701484338043,23.114936630911952,22.86139493415927,269.2872314453125,270.5690612792969,270.0452880859375,268.1255187988281,265.3418181521959,267.4721459547679,269.7262531079744,264.5513048547459,1987-02-01
37.857433971939166,67.29218683887842,95.48123120201892,102.00449594457436,45.00909529431023,66.97498191374788,85.48726567041858,88.51723574866946,34.35541631576875,27.2191661897605,14.11032651732608,22.820441536966996,35.38074558436988,37.26049158205604,43.0961385672103,33.4397819409687,271.4501953125,273.5829162597656,274.67803955078125,274.575439453125,269.2887721574639,272.8672381242116,275.55515208997224,273.56220539723796,1987-03-01
24.43608857532855,85.08642196037134,103.7886924966368,114.03148628797204,35.7757774499723,73.83069523719749,98.82068552489028,121.09473013203744,10.905783836688238,10.39759243269534,7.19120379369539,5.267426643084636,49.9019498499616,67.26301778092768,76.24084604755913,72.85669000381614,277.17633056640625,278.5274658203125,279.65179443359375,279.7676086425781,279.2038903711327,280.5224202473958,281.3249367161801,280.5695601335661,1987-04-01
84.47560482838962,86.52026757298319,104.2374831314966,81.684408087921,84.87968728950877,94.77647032381064,135.8528468663113,90.8165335561868,2.2948147185164425,-0.9109994873628944,8.873617106588872,0.6379461193856677,71.4608031688187,108.20291132550469,123.66510302118066,113.63748196353464,279.92889404296875,282.9396057128906,286.543212890625,284.5356140136719,284.43041870603525,286.7872123718262,289.0173649035002,286.3889650359867,1987-05-01
41.21806205556067,115.02181582075482,101.8087897846344,109.22147102878444,57.66679499134647,99.51090389922511,97.37934673289048,98.96999754894912,-2.1234312417452084,17.662843142911512,42.88506320381453,24.01969874071532,94.79487606345714,120.11472550468903,139.90376794829214,121.52214957734752,283.7650146484375,289.3176574707031,292.95172119140625,291.1780090332031,290.1131310937889,292.2053877512614,294.0087579426013,291.6371140367403,1987-06-01
62.26066229937117,33.45173727795001,57.80531415319347,46.6103333105216,74.97893502464582,34.89347318859107,73.12862065035955,69.5593266820715,6.340638390052859,43.691498877165614,57.60328143703194,63.37339881555887,93.89632807628864,85.16249873752965,127.12556230987778,108.01425449132228,288.69219970703125,293.7757568359375,296.1718444824219,295.5149841308594,292.51133794898533,295.6104334195455,296.68703781931026,295.0233928049643,1987-07-01
51.39658418129159,107.95759544459509,99.69190349762384,49.99104905014126,57.44868661402131,76.87881648724043,86.8363421810304,71.01265518243987,44.330967975442114,79.68146729244438,110.10569991988244,116.149787672906,72.53909841839402,68.71263459909784,76.18848325819658,67.49180568073167,289.6773681640625,292.8768310546875,294.738037109375,294.22235107421875,289.99430233168886,292.5483832359314,294.4523148787649,292.35438886026697,1987-08-01
54.75234306461276,90.13514184942088,72.42485641094834,114.12022697624212,64.62736156695136,78.47262974975602,66.05611076177618,108.44090652410524,45.769524689424074,63.09720554085696,63.27075095707827,71.65400725584351,52.30064359143503,57.66616964958918,63.72397003086954,54.99769362864219,287.0095520019531,289.46563720703125,291.150634765625,290.2332458496094,285.90358402814525,288.1416163444519,289.85155286287005,288.166268656573,1987-09-01
78.4060140647264,75.06484085999054,81.66947261014299,55.272585861293045,81.29305450873561,73.56975465336535,71.02861192109947,70.91651972276236,72.31273002950354,90.13233093460332,108.7714536365639,92.94497774743198,40.77991613002988,40.45084923522362,43.76601920183086,42.83665942618095,278.297607421875,281.0699768066406,282.74432373046875,282.71429443359375,275.46946187418297,278.6587209701538,280.3031945479544,279.6259840116726,1987-10-01
82.5203424025327,85.94422646037265,81.12991583722484,111.06812852184258,75.09489389249833,88.75685388151456,76.22663711452194,90.89892196230534,61.86204902835913,65.6841346759447,75.77032749746054,83.34241097751234,24.045390113312152,27.828361805993065,30.617513769907596,31.95697840429018,274.7145690917969,277.7789001464844,279.7303161621094,278.7473449707031,271.9486053588381,275.8489503065745,278.72880594353927,276.186233160064,1987-11-01
69.28471426077404,111.34197773813872,98.57569383239704,91.25033508435584,68.5107915808158,104.64985689002152,108.67160545065856,90.73126922457824,68.05391505484329,68.44655408776872,63.93517270942189,77.26577305219803,26.168800938648285,31.58368019855419,33.475718295492655,30.06516870964623,271.0439453125,273.0450744628906,274.711181640625,274.18255615234375,266.87118542431836,270.37230412165326,272.8863039518657,271.323182834415,1987-12-01
89.76828599029514,82.97927090240192,47.739384804577874,57.56445576486937,69.7111945391133,86.07787137291803,53.47918790993188,55.359327297334296,105.98229937988644,90.12865785919792,59.341580187471905,91.76369990137344,24.125216612796105,26.656764513832098,24.967835847991516,26.822864314936787,264.0850830078125,267.96014404296875,269.454345703125,269.95782470703125,257.6158776150282,264.074986855189,267.66988975123354,266.4910057248093,1988-01-01
61.01343193871934,78.9101012982359,109.47255444320773,110.37737509556229,52.58665062572405,72.74780838618449,105.57198672482956,110.51636257891778,89.62580679446256,76.95390890752579,41.27327646096094,69.25348654939455,24.80434246483081,32.38591811379312,35.6311595898085,38.38934665454595,262.8909606933594,266.833740234375,268.9963073730469,269.4664306640625,256.5840539818266,263.56147559483844,267.87296857331927,266.40722512072466,1988-02-01
110.08253696963308,90.39601887098644,88.65323616591434,66.97922608441573,109.87721180982518,95.55061501404136,82.61647886328093,82.01259142491622,51.67727179811984,29.352260157120934,10.990567689192613,39.62998839803535,45.57159429232762,46.02845169304128,49.544583789868966,45.77095892426593,268.665283203125,271.59832763671875,273.3902893066406,272.8289489746094,265.55994758757936,270.2728958129883,274.00261648077714,271.32748725470594,1988-03-01
34.045401177736224,88.39669118022327,85.16072274345304,90.33406478920736,42.38884147467691,88.54931414758725,90.5917137520733,97.16164258388012,14.842513915667698,11.549371516149549,8.696683051757484,9.137614656795291,45.83484547769216,60.83839268739851,74.90808919547355,57.26129405522451,274.8028869628906,276.7785949707031,278.84295654296875,278.23876953125,275.1572463806882,278.0815043449402,280.2040053919742,278.2777548962691,1988-04-01
49.921333917340895,42.3696880938129,42.6014782923677,50.312585306582115,59.33779664758472,67.05314439339186,49.930086172822406,71.20091608557085,0.2058721388723121,2.846954511407442,12.62660416347679,-1.2468982853127466,77.71503474362034,109.5148425700942,103.25099200178234,100.855987121639,280.3344421386719,282.05859375,285.6629333496094,283.7974853515625,285.97735024258435,286.8639280796051,288.2474584077534,286.40107715035987,1988-05-01
36.55890575257243,26.249681249261165,29.861158009026713,34.12041985001381,37.54918993953474,22.678598469102266,19.16556954290474,30.042325726457896,-2.768685475687364,20.364194160851714,56.33162863942378,30.701276572565845,87.48948819303205,103.22840906504791,96.55736432837392,108.36204821173236,283.3971252441406,287.29791259765625,291.1300354003906,289.1069641113281,290.7247355791677,291.61342040697735,293.2448310852051,290.00822677011564,1988-06-01
19.41501828595076,26.57799030788029,28.37775986561308,71.03111527365255,26.3515264952911,40.41429027943564,43.092973637738574,82.46970076131961,4.625087566563512,36.30617952463046,53.64854281473935,39.15106421913563,83.40032888390542,72.44383600344904,72.58636506927593,91.43763127344434,287.69049072265625,293.446044921875,296.4837646484375,295.5058288574219,293.91392365109874,296.0825921694438,297.8475315696315,295.60925437146284,1988-07-01
96.81615881656404,49.77916251884458,34.5593121507429,60.22075306977897,116.30602060296395,49.10755258565686,33.824217426889405,57.133954327545354,19.21601266813327,81.81788096171258,99.84739559851788,91.49536476084666,75.77526800850856,60.37525063150528,61.59266180974854,67.08758898752387,289.13818359375,294.61370849609375,296.88861083984375,295.8419189453125,291.20289763796376,294.8875669638316,296.79773129914935,294.3611133004737,1988-08-01
77.67093926586641,75.55339178584023,54.01785239734726,69.56851231263859,76.26448700248751,80.6508898334605,60.0420417116963,57.57794431172979,39.280039906419745,75.35294505557965,91.56127728754602,85.94792467914964,53.54751101800659,54.74961461981832,52.27222626938756,54.188996794158456,285.6511535644531,288.970947265625,291.225341796875,290.14990234375,285.0233140922638,288.252029021581,290.1548779136256,287.89331222894623,1988-09-01
77.83710482665025,123.2827462970054,116.68625229168724,111.94815737984064,84.79853742441394,111.43947752142807,88.32859732829797,100.79595077196709,69.2017750566425,100.870864307368,131.97966950151957,105.30091688161916,39.19767267360888,45.03825730516813,44.00504086287527,46.63838080327473,278.412109375,280.7819519042969,282.47283935546875,282.1846008300781,276.16726587303134,278.4991494814555,280.09441496196547,279.2173425869679,1988-10-01
144.80905109908,136.35098853897904,121.3685955207499,98.21364575784736,141.3853110438474,142.83206749339345,129.78721941934083,104.24136773758886,51.18660287297786,47.492318894633954,60.98960363115006,55.611730305857165,33.39353681577,33.828929123348274,38.781484514769865,34.60100899500073,274.3944396972656,277.43231201171875,279.3025207519531,278.9133605957031,271.48999716466165,275.5506956577301,277.74207827919406,276.60949346587415,1988-11-01
85.67491574291643,75.78754984203101,68.35084959749635,70.13927467317629,74.82811381188326,75.99727030306528,71.18687962080061,69.2518538794122,97.51488989070184,87.19504452189976,76.11320914075358,92.49902832742887,28.089790638824766,29.654587447215732,27.58842484659883,28.214254074736445,267.0793151855469,270.6869812011719,272.5679931640625,272.30352783203125,261.8748921550128,267.6731746196747,270.6936573229338,269.19290954109255,1988-12-01
84.86493445687293,67.35466625069819,68.957934920892,75.10075525050462,74.14918225998358,68.44360805363203,63.09906827793382,71.53785384390511,68.91365854252275,58.73218512460379,32.50087928232508,77.35178297847037,28.220179255301876,29.57605373859725,27.79289482251069,30.86018538345995,267.447509765625,270.8928527832031,272.60406494140625,271.97265625,262.00098112189914,267.9663253625234,271.76747231734424,269.04850540761873,1989-01-01
54.24891224204416,45.94611727107221,45.06916878579095,50.4173650990392,44.246554979604554,44.518272202131485,50.71795745524518,58.055976444719896,91.5247638453019,71.0190009723297,47.13520755251507,71.08955899330208,26.111344257198812,28.10280528862417,26.392361521992925,27.68012433023625,263.06964111328125,266.8164978027344,268.80157470703125,268.579345703125,257.12616106618447,263.17367537816364,267.66614773398953,265.58065099040357,1989-02-01
73.5451228450142,88.60733218002721,67.57815449680662,74.40443774812233,75.44558724238709,89.1681249104379,83.54353873596237,81.48925872890815,52.4731857171736,37.82346187643688,16.378391734678306,38.41883661529451,34.66383383875207,37.61940037631727,39.51708859101737,40.70926186404715,266.8425598144531,270.2109680175781,272.8469543457031,272.0444030761719,263.27394839586964,268.77443321545917,273.79501483314914,270.45422699695496,1989-03-01
65.41541396206138,53.019901184470186,81.35564146466776,42.822996570890304,69.39051476377395,59.38801727944132,99.5028423574866,55.74909480266461,15.611936847617002,14.618387791978344,14.555947965377213,17.554519218889453,52.23541739054733,52.72106422121136,68.98375326212022,51.805090052699256,273.05718994140625,275.7145080566406,277.7610168457031,277.1273498535156,273.4354561733535,276.8244709968567,278.73600046258224,276.826904296875,1989-04-01
81.68925037461221,87.67239527138857,100.42278120083242,125.60442781263237,81.37544015961893,89.49930363441018,123.7889487095601,143.48750533996375,0.700599509104414,2.6794495004518457,5.547168603884405,-0.6575568617583901,69.63084936509559,91.72721053507232,110.34452197336962,96.77494349354411,279.04290771484375,280.7833251953125,284.009521484375,282.77056884765625,283.7886812126494,284.81801239649457,285.85648948267885,285.20443533349226,1989-05-01
91.12617723752474,82.56968939786826,93.41593003612108,152.27518749714707,84.33531700715832,96.42275639375116,128.05980472421902,134.3173052685999,-5.21490345248879,3.640557712499876,20.859442664304165,5.784249954430179,83.73521237504026,113.40015456194212,131.59045222727002,117.71474508352844,281.2751770019531,285.1024475097656,290.6649169921875,289.2848815917969,287.37641596699143,289.59782377878827,291.8655785008481,290.8898192878783,1989-06-01
10.323921790153026,37.70555791966756,44.64368999608365,23.39849156483184,20.65051487601275,44.635419248565725,85.9835199875768,57.667899002329946,-3.749955496069164,31.25986337816676,47.94472061547688,44.187639672095365,91.98016274021052,113.89424401084216,135.1527270161369,107.07718215452626,284.7196350097656,292.21710205078125,295.3090515136719,294.7124938964844,292.98666612845494,294.1863079071045,295.3054841694079,293.9806225393701,1989-07-01
58.70627919889281,40.36866081042425,43.533630599200386,34.55997071297965,54.34602163809232,42.734443744169546,39.92507939580167,37.724422899573874,10.49593297554986,58.378340264817616,74.78069707440719,71.42579863293096,66.70168500119611,67.05074374057214,88.93487401805476,68.18839592160519,287.0209655761719,292.3483581542969,294.456298828125,293.7802734375,290.2827798911775,292.49326554934186,293.81383654945773,292.13901645930736,1989-08-01
41.01841173923202,47.88160269925376,110.12707745228388,103.0966573333383,41.60321221069649,53.00991813729801,95.5397254390508,97.520508332874,40.171433741697335,81.18912785112305,89.98671403255919,77.8419099415754,51.52247201255459,46.1667325758265,61.198639448581105,55.85595458104426,285.7349548339844,288.9504699707031,290.46466064453125,290.0838623046875,285.75515163467225,287.399121205012,288.9205591302169,287.9451195423997,1989-09-01
45.14967659427089,69.0509132008436,76.24462596859348,103.40156573225552,55.15797271190282,72.21825090057342,64.58602432346382,92.00874079340748,35.93255140639898,67.94840568696233,95.11088387559336,73.91474254208283,30.48257702462576,32.25037941391753,39.67185947278493,43.137308001217896,279.4690246582031,282.6860656738281,285.0469665527344,283.8624267578125,278.66100162338927,281.9506626923879,283.770415657445,282.10299009788696,1989-10-01
74.95155282239438,96.36633507669838,87.12396449664229,121.53263237749944,81.42708072110236,98.4222773361009,80.50366026174495,114.44520425646996,85.47963371347039,89.5781697932254,105.85542976160497,87.5300880879597,30.674726155860817,33.229663690657,35.15421952759345,42.13416120186139,271.2562561035156,274.58282470703125,277.6029357910156,276.8655700683594,267.4350662535405,272.34314544995624,275.6770218297055,274.41182654673656,1989-11-01
70.88544859872269,68.31414198975358,76.54017378842889,68.25028536282926,54.200679076171255,55.069067153187,61.81689874079813,60.01563779800989,107.61026854766448,98.04750406599535,77.98087187878531,107.63512126197368,16.450631670196497,20.012300475292346,17.771586116967637,20.03254705063259,262.97357177734375,265.7393493652344,267.5445556640625,265.7664794921875,255.91647958945467,260.9118455648422,264.545731594688,261.5991505299966,1989-12-01
76.09331091633764,95.39480939605345,83.8354753119873,89.45038312281316,83.11044668144915,89.89305931847801,85.32740985239225,95.4637769298187,57.598186054475654,44.4387482771868,9.51175518098189,44.32522604785596,29.72804977026832,32.33505819354156,27.828018079488057,30.05370641168694,268.4318542480469,271.8570251464844,273.0434875488281,273.4783935546875,263.5344722793397,269.43683735529584,272.99788384688526,271.29138303741695,1990-01-01
62.80634339052627,74.6074962225522,155.82513593860787,123.2400741352118,58.48351571043221,75.07952072221786,155.8407336024536,126.70941282225688,62.85735265690057,48.3867931874329,19.054598047100757,51.56019737040248,30.68925063504898,32.27834185211121,32.26221962392358,33.007346733743134,266.0167541503906,269.5292663574219,272.173583984375,270.904541015625,261.2365763994802,267.04750871658325,272.0372057462993,268.9766115203617,1990-02-01
61.06880354075587,76.9059595794057,77.53382140604762,77.77923708835274,65.89836845837864,74.69433734964785,76.42620262088758,77.68500675089807,31.885614038443343,22.824856948468096,9.91838342674212,34.90746312766021,43.512666074114634,39.64854062228088,43.98119720351329,39.37058050252466,270.11968994140625,272.8872985839844,274.4292907714844,273.9208679199219,268.35065280868713,272.40485310554504,276.14879949469315,273.1693398783526,1990-03-01
81.62419470452508,77.33012728314067,86.83913978085475,134.09742146764262,89.529367087891,77.24206911931846,92.19380505452568,121.24703305096104,12.737732668369974,9.008835575745174,8.948176691481885,10.078009765545184,51.0299373361536,64.98631112345352,78.73967008677211,70.95019254000805,275.1805419921875,277.3345642089844,279.4537353515625,278.78521728515625,276.2367986549894,279.40285054842633,281.2949845163446,279.77604398952695,1990-04-01
64.58667105613952,99.0253777195667,144.0797640244814,138.47652457210842,83.1978036342691,110.92962843118644,156.86111400052988,151.64779971734677,6.0105307696208445,5.538933101428997,14.641143647389368,2.6442868103470714,66.59354592903053,93.7761779357178,105.4098730058032,94.32259205447502,278.1590270996094,280.29583740234375,284.0520935058594,281.75823974609375,281.38687741708947,283.345566590627,285.23204562538547,283.3557289904497,1990-05-01
93.67272629508756,114.41139315796516,68.5388417994499,74.76269056235994,109.63831194785496,120.17525150624898,84.15432054386186,87.30764437584445,-16.65547600018427,-9.766998283513349,23.49629915763541,5.825402357897534,84.90538902653277,118.72165519238624,132.71715572820636,125.77649757240688,282.03387451171875,285.7214050292969,290.74359130859375,289.1133117675781,287.97888937414405,289.96618723869324,291.8931352715743,290.53295345756953,1990-06-01
51.51746189631297,63.08424753587984,85.27675057896661,63.4281302442432,57.15616867704702,64.83613419295787,103.74296071152058,73.19308950586331,-8.365705757650067,18.944116786527797,48.83919819752532,37.64140552899887,92.13419639090746,114.2278870804106,125.52276560897435,113.57534024157346,284.20794677734375,290.4761047363281,293.91497802734375,293.8767395019531,290.672586509431,292.62055802345276,294.0775206716437,293.24234825795094,1990-07-01
24.036825836009186,64.69245228246135,83.8637632259264,68.57329899721591,44.18658126274097,65.67526883759287,90.72895531001532,70.03242617576139,12.169041402189997,43.94101646612736,56.45527442491518,73.30332008637143,74.32207385419343,84.21223796617492,100.07206801118512,82.28687399920437,287.53729248046875,291.9897766113281,294.27716064453125,294.4825439453125,290.56004059932144,292.18568269411725,293.35130530909487,292.44650364673043,1990-08-01
58.00059117601064,56.01882675615101,56.07113833605722,75.43225139954238,62.55988541988265,63.0637539278378,60.201861030465075,90.01365757542177,29.42098695510266,87.03530224950012,103.37908906741916,91.53983677527884,50.11222773283097,56.7446696528648,67.46575477632544,52.37112787847422,284.4475402832031,288.7124938964844,290.87359619140625,289.56402587890625,284.42259198070997,287.45647525787354,289.28553169652037,287.27898473063794,1990-09-01
99.66894280769952,112.04939032425624,127.73844818581584,126.1466301603006,108.58999446214922,113.76235931673268,117.60401589845615,125.97704663646957,42.619227140415866,73.32356757512113,107.50944149575452,80.26506815461468,44.48258595235795,50.03534070608115,56.463507168166146,51.91093067126544,279.08917236328125,282.173583984375,285.14501953125,284.02001953125,277.1036911922622,280.4966742992401,283.17690638491985,282.24198084553393,1990-10-01
53.86122012897246,115.23642862352246,57.58809719942911,64.96774753535453,54.048522659860325,110.33168980785076,66.73099232473218,71.00730756732774,61.17071292998947,61.77720302092468,80.00274942611054,66.32027868494947,28.34091119857981,34.02093503036655,34.70017023897914,35.65913296282243,274.997314453125,277.98614501953125,280.1513366699219,278.8245544433594,272.5251800415525,276.3153164386749,278.75878424393505,276.6885967104454,1990-11-01
66.61039028309136,104.15669413584976,191.39040844460567,182.98518958269827,62.638099466701895,91.8791318369985,180.910613912796,176.41512421367705,95.68392856817724,83.06129379738559,65.0748202126818,72.26645184349036,26.46435240380168,28.30953559092363,26.29242595962273,28.920023483364815,267.8947448730469,271.7632141113281,274.81610107421875,274.1608581542969,262.5237393930139,268.95271309216815,272.8924333672774,271.86875807394193,1990-12-01
70.28535202479466,64.23107707480384,61.82824271773145,79.37035206636622,60.945070770594015,62.73764767685172,67.12774530130122,77.00887275765626,98.78850287472017,89.10329145335857,57.893741630530286,96.49398381107214,21.512681128899487,28.2932767156175,27.690802858339374,31.716520247599476,263.8147277832031,267.7551574707031,270.3165283203125,269.6814880371094,257.1692611268792,263.94169584910077,268.51134250038547,266.406003696712,1991-01-01
41.102897977861566,45.768474045073,58.518056527120166,58.8889698248327,43.51619000864359,47.494673666441145,59.47501554556322,66.05080496292325,49.97487210054178,41.321831103178646,22.271198853927302,49.45365342692043,27.45698226690176,27.04216225749084,23.910012438211144,28.110171463562093,267.5644226074219,270.5157165527344,271.9381408691406,271.941162109375,263.91799647114664,268.335995276769,271.7272009598581,269.6941895973025,1991-02-01
104.84898422057728,122.99843573647286,88.76841715607785,115.8429787601046,95.35682089871804,118.36187469576532,97.77876739037522,117.84626387799868,30.436663746675936,23.78590075179622,4.103586202634268,28.958079183383056,41.13353085431038,41.30421316819558,48.200728561412554,42.92226010292265,269.9253234863281,272.98309326171875,274.9302978515625,274.088623046875,267.9680825039685,272.28198289871216,275.62880566245633,272.95044017401267,1991-03-01
74.24068439904798,117.34503200099,143.88972150004125,116.94331870433848,76.94476080877223,120.76885106903444,146.7663134424954,137.9331342239871,4.286182051702046,0.7372062646299335,-5.746234185642844,1.67377227783975,52.17353795885844,68.96628575259493,81.56976151168591,72.0527304743697,276.358642578125,278.0467529296875,280.2667236328125,279.5548400878906,278.0156343619662,280.0646752516429,282.4005120929919,280.53636445773867,1991-04-01
95.95008294542257,107.91782364902676,109.3921806361068,105.78809227742332,89.08054698836465,124.52640129119304,131.29062804286087,114.52274828918858,-6.901936247314595,-5.161323668034821,7.894807816891805,-3.0748299330979205,80.12478653164752,110.78062119009071,132.20117039946027,120.44767126680924,279.9043884277344,282.7813415527344,287.90484619140625,285.6014404296875,285.6276398312998,288.020778576533,290.740700370387,288.0167457400344,1991-05-01
60.15229166203937,51.060559794238515,40.78690782626903,51.7806286900911,62.70247307951301,56.73566623855338,57.10450470308706,52.03529400412291,-11.074545602536562,12.653442094814409,43.92627866342753,35.3485811366433,96.90505029071282,134.77337265135728,131.43385667063063,122.4670607655339,282.9253845214844,289.0939636230469,293.2099609375,291.6389465332031,290.8436342520543,292.31159949302673,293.9503422787315,291.54710496316744,1991-06-01
89.92521904283633,77.86964725858353,45.21756861897258,58.48143988388719,89.53146852078125,80.69870884502625,42.70115131612931,78.00584760995261,-6.564661551901652,54.14961692326073,75.18741469367927,70.3353337013168,93.7614193293063,104.01454587999524,99.32167302753648,104.93801271198652,285.31365966796875,292.4985046386719,295.7625427246094,294.9860534667969,290.7905916616736,293.31383721033734,295.77008598729185,293.7873229980469,1991-07-01
20.967388465111203,51.72339463859204,66.3430742301517,71.42660101669208,26.71770499496556,54.97097415328485,63.61848019775584,57.79684987278575,24.82201318152515,64.86275689659985,79.12440756211322,80.53397056190863,76.08936241757623,79.45655187514967,68.63441630103856,73.2890627330249,290.1423034667969,293.2308044433594,295.07855224609375,294.7293395996094,291.9008860797046,293.20827492078143,294.7875157406456,293.25178131343813,1991-08-01
94.36433763584868,73.17301576421394,53.54657763069955,60.354101920558314,103.32626554078615,61.06433017307397,44.96040113448116,62.918653652233765,50.17874944987763,105.31828382310177,123.20242229585888,127.18412839197217,58.25504052467248,48.57653487745008,42.40033421059947,47.567797493778926,284.7406311035156,288.38446044921875,290.792724609375,289.92822265625,283.3872706196698,286.7039581139882,289.2470307601126,287.1360327052319,1991-09-01
109.11867777320204,134.92900805314866,87.62434905733778,64.4859156237245,99.36117229633038,138.41816733611762,102.43614970495234,74.90018737912024,37.32607954890402,60.8646820120692,94.87113577579314,80.17484667315716,41.931259791625145,46.434124778402335,39.86561787594483,40.73740486625204,278.28778076171875,282.50543212890625,285.84417724609375,285.0476379394531,276.7058762022224,281.44438711802167,284.58357459620424,282.762204868587,1991-10-01
155.07621495777948,96.81617693551406,64.04746875645077,71.33043895602135,140.85061043032562,108.87021042354154,68.7810010724725,77.44239234087749,72.68058227100144,72.93334286051339,77.00538493836652,79.37577254220632,35.51983650575245,29.33173324236563,25.67713491440596,24.26907798327207,272.4328308105469,275.3721618652344,277.586669921875,277.7060852050781,268.8046470125358,273.38065497080487,275.82396396837737,275.3471348079171,1991-11-01
74.220539758859,86.04310954298721,84.28802244059044,97.25332921653585,65.8457570707034,84.86446291576353,78.72316598756832,98.86791362329208,75.80470217665905,66.99870205884226,61.04664634881674,71.77407459097827,30.78400279761404,28.377854373575023,25.08604155128988,28.42057877104413,268.91510009765625,272.0666809082031,274.49920654296875,273.0887145996094,263.9949108594917,269.3580952485402,272.71361521670696,270.4546765905666,1991-12-01
60.34569191711972,71.14061478078621,81.84491903211868,88.01485803719558,56.52319150522234,68.59148012433877,82.59844951818556,77.5273420304351,66.96841842749258,64.53968140073444,51.10962620986827,73.23042193397447,23.48179799358053,23.50382520046226,23.533092001556376,24.35248340234294,267.0376892089844,269.8835754394531,271.814453125,270.6967468261719,261.99956545886766,266.67750811576843,270.09260920474406,267.78004179226133,1992-01-01
57.80323031657609,67.07489845899914,70.3170905007442,64.97521786596658,57.020458578509434,64.70428791384941,63.44492565535253,72.49379867120105,54.37244297665499,44.133817630172366,18.879023807898967,50.741541612765,27.321029679846102,27.055229231892955,24.86860335421782,26.096513457644942,267.4768981933594,270.12213134765625,271.23443603515625,270.2568664550781,262.80910464586964,267.40661636988324,271.5754053216231,267.47997061661846,1992-02-01
50.41421595428551,94.00506578056265,95.24594605062666,116.06660121430176,57.65405593083256,93.36981051375813,117.66440802039894,113.16204805792128,44.259250786541095,39.105355167510936,24.547451067578635,48.95081817096022,37.30057550755198,40.51502816076086,44.27037933347301,44.863686469203465,268.6221618652344,271.2473449707031,273.22021484375,271.51434326171875,265.34530749074014,269.63252512613934,273.76635320563065,269.60764486958664,1992-03-01
75.10426162396251,104.66404253879978,124.63378182816125,85.03654624947968,86.74456277100816,97.15100736431653,116.68985599512531,104.03760821268658,15.541603086564198,10.37758126475276,2.9655404104715064,12.579288713049792,47.130084612771114,50.37396679122333,62.80961741779145,56.30585073627052,273.9019470214844,275.7917175292969,277.915771484375,277.18865966796875,273.3987860812609,276.72052065531415,279.4893515737433,277.36309117595044,1992-04-01
61.61798515604642,49.814897544554775,65.71753947974464,82.88447580129953,75.49867798084429,60.09453271049042,69.94610896613167,85.82783071345906,-4.686716309936653,3.248080324552899,9.49959248297489,-2.5307268054725083,75.92914952179083,101.63707528819756,102.12772157718668,97.4495714989574,279.62646484375,281.0719299316406,284.3264465332031,282.1390075683594,283.7077881102543,284.7056791782379,286.0147839596397,284.5675341989112,1992-05-01
65.25063813988389,49.69987277794505,44.39880948243074,48.36984649505579,65.64054572045413,65.39484931123079,51.14789295663648,54.89594467978531,-2.692591582140729,16.17872311134469,35.37836065891872,19.72659635623908,78.70823286122295,109.19804989948216,111.51828179795076,105.035171607563,281.1805114746094,285.450927734375,289.343505859375,288.0430908203125,286.48379784086313,288.3617328008016,290.0922195033023,288.65726332777126,1992-06-01
132.14804468245924,99.82054158747594,192.1323568311845,144.99096366985253,123.91799347953344,103.4110303268175,178.99234386875588,170.58018744503065,-6.812764302756438,23.52335653440468,46.34064767759036,40.919783958057025,80.450608678872,96.75964480772969,121.90763982323188,98.52969838726708,283.1108093261719,288.54412841796875,292.37451171875,291.136962890625,287.39099461528883,289.8730618953705,292.603226511102,290.4101170817698,1992-07-01
55.74763534097638,78.04769516589958,112.52477198115513,119.41034537409035,78.64401887534095,70.38169287065526,105.53671123870126,121.473729790484,19.096832524676433,56.291951144773535,73.30498270687494,57.67780929148191,76.61148258387195,84.13319439473257,113.05988941211449,99.77126846085424,287.1055908203125,290.21673583984375,292.2943115234375,291.8122863769531,288.0130988497183,289.7979956467946,291.04552519948857,290.18658687561515,1992-08-01
81.34927734511047,114.18833574934828,126.84376291891977,127.8638371051328,91.71905631467683,108.63643946815836,118.39637555663997,111.46832138008004,24.549431523792304,61.12991069705392,85.36498919220969,75.3464763290108,62.57510198472304,65.76026485204765,82.1065771623922,76.88079197248983,284.27191162109375,287.7082824707031,290.42486572265625,289.46612548828125,284.1145732013353,286.7057246367137,288.45917330290143,287.32284089336247,1992-09-01
58.084293829312266,68.27604839956375,67.86632494368956,87.66669876059623,58.36319097072124,62.23201848519469,57.081256712267745,88.73503589352462,37.962874704590654,72.97099370334483,111.57537742315262,87.10826537884203,34.410564258678825,41.340835311555786,47.44950698774629,44.074310543681335,278.9529113769531,281.86669921875,283.95794677734375,282.405029296875,277.3051879396477,279.85843356450397,281.6801797967208,279.5449689729946,1992-10-01
97.09415606605332,163.48855282054524,165.755503949963,150.00715629383876,92.03843863169324,155.00747697662254,157.5280068940285,142.32122915945294,63.75793428114378,67.60526197354879,71.72396813062976,64.14791685575663,28.83676470103636,29.28286769089542,34.33908562092286,32.82713468053785,273.1658935546875,275.99749755859375,278.5919494628906,277.60504150390625,269.6142603657635,273.75473340352374,276.7079987776907,275.2459803303396,1992-11-01
107.8374760666592,79.71285729535109,85.51572533429287,108.7925456932601,93.96835655130064,82.67143432207932,74.21434326272701,105.09124811196064,88.0386324005451,77.5679220426958,69.1780423777556,78.06355013407997,27.073139980820343,29.032081170696916,24.283287940269,31.55120977944644,269.055908203125,272.32989501953125,274.0869140625,273.5067443847656,264.06184624295787,269.4482039610545,272.1554997092799,270.65372473048416,1992-12-01
64.72676757837806,90.4853188570752,127.38509466279362,127.36740238400029,58.65202446077991,89.70342043080595,121.19844338722334,117.77387314965569,73.75794583498484,66.38155642075132,36.93388537107475,70.67581874633883,25.51647571015496,28.561335447884694,28.28101642094973,30.288755314088544,266.32525634765625,269.6221618652344,271.9628601074219,271.2336120605469,260.26809619432424,266.26527468363446,270.47347861842104,268.6253092608114,1993-01-01
29.11112224213814,46.1845907411952,67.06152771791739,79.07034172135421,26.549479707013653,42.025128287305705,72.553299314489,76.72020439776853,67.2464700310419,59.03541806794292,45.002794761968666,73.09264455129976,25.14951060347591,25.79826088095771,26.68091937778831,25.950612114247328,265.0499267578125,267.09869384765625,268.6907653808594,266.4879455566406,259.9279478764629,263.5346002181371,267.39740010311726,262.5215961125892,1993-02-01
47.115679764558216,72.44916730988511,105.42705731052882,97.11548484004273,49.29525874475667,69.13000599183769,120.56286561352832,107.6156796273436,35.967490537836305,29.904915833927312,18.71524423581199,36.96014563222506,36.49112477529324,36.76011502774865,36.59400141613179,38.691286504766616,269.30987548828125,271.4288330078125,271.8966064453125,271.5360107421875,267.4525575675812,270.21878329912823,272.614135942961,269.4024811992495,1993-03-01
90.24618929854856,159.90787172877236,117.7602649018392,155.45811025707997,88.07375141848097,154.9210371940959,133.06804994934197,146.1622660739261,21.31899806641206,10.299651939850191,-0.2198004074114079,2.489106181086826,41.54743029014586,61.25256961897855,79.68189070410908,68.57707632964215,274.0147705078125,276.2586669921875,278.5796813964844,278.2312927246094,274.30207502509495,277.2088995774587,279.9502824482165,278.8994006059301,1993-04-01
149.37421731080423,95.33664828846231,81.67931156129747,82.01777767295619,112.52730369752123,108.95147640403933,83.49494533260959,84.7750995714076,-2.270675718132935,-3.574257258633459,3.110282602285556,-4.165072113368192,65.59632154750359,95.61184316222868,112.79540626445494,101.71659046392617,278.5620422363281,280.67315673828125,284.2301330566406,282.2331848144531,282.30722264749596,284.3966546058655,286.52062626888875,284.86110561100514,1993-05-01
100.57583660917744,132.82407645034422,89.09672692405552,106.95200449050115,99.20997376097202,132.71602881210148,118.28222860362504,99.70868932718706,-11.742518459685586,-4.70771223219633,18.00191630924409,4.109851816765728,79.80669306281698,120.39923935084302,133.64739527167177,129.62137901923242,281.518310546875,285.0395202636719,290.1524658203125,288.04949951171875,287.082888538619,288.84332887331647,291.3609313964844,289.5861842838798,1993-06-01
98.00979010618502,66.50280508968639,67.85033664531451,68.44285158576824,108.3330291099866,78.93254275590677,62.99908522034654,85.90836191065979,-22.16072183913924,20.504071340165517,63.84384486441099,43.079700590089885,95.13544708024192,133.51500904327298,137.23719385590726,122.5981850284324,284.5571594238281,291.4909973144531,295.69000244140625,294.2286376953125,290.2681572294805,293.07861312230426,295.5908207140471,293.75687029981236,1993-07-01
57.001444939510336,86.84101646381929,65.412151791297,97.10808999426064,87.46459903643765,98.68150685515432,74.1861145527152,113.43007976617814,0.8977718183515271,40.82137091378049,62.80144474585389,51.986096375735755,84.9939056172327,100.8498799350001,87.60371058828814,94.25336374112538,288.4156799316406,292.9911804199219,295.45709228515625,294.8553161621094,290.69575105340357,292.9198913574219,294.85120050530685,292.9581988477332,1993-08-01
78.14827950593433,109.09433992310753,142.9471728510611,109.78339574022624,98.32231498805233,99.29822519544824,117.75871459723052,97.61962794567845,46.73425973003885,91.17801233319132,122.293077295326,111.05269059826888,56.572531491440245,63.942722575299065,59.11204837940285,58.73654123604673,283.4416809082031,287.0404968261719,289.5274963378906,289.4171142578125,281.7932322224773,284.83131686846417,287.3501004670796,286.4652102012334,1993-09-01
103.84185742068668,91.56824888939327,98.22726256664762,112.49332189200706,106.59956417494878,97.44501964113712,85.36275008306323,103.32792986245892,50.67040430713995,72.50772725598083,99.7180969430454,83.68171673058526,41.65168029909075,46.05149649775069,43.43650377275669,45.10249345378034,277.80072021484375,281.1352233886719,283.88909912109375,282.82830810546875,275.83436286591916,279.52105887730914,282.0696204336066,280.44866486797184,1993-10-01
66.23442818603577,85.9535966477319,109.34122083896646,105.61717660097048,66.5658374647885,82.41723027713866,117.82203809279106,114.01681247244068,70.07665987779221,64.71717382757413,76.01694343262966,70.15488965890196,28.77195291198648,28.151069178921848,30.59010499658142,32.77142875498213,272.8418884277344,275.93304443359375,278.47100830078125,277.6837463378906,269.251740109873,273.60372018814087,276.5882732993678,275.3155760276975,1993-11-01
55.35219163272962,49.10614580250782,59.805710305339595,84.53770852235728,50.91233688542721,50.172526263593525,60.35612380800715,81.93701912143133,77.00649626243657,71.2714135704795,71.34736050598067,80.1462055811484,21.5887262517559,21.740617511662673,23.19865954933544,24.55325754154668,269.0585021972656,271.7528991699219,273.17181396484375,272.8067626953125,264.4729165612939,268.89870023727417,271.12748898957904,269.66652697465554,1993-12-01
77.91216022098396,97.27993778061642,100.89254742424215,133.96436910685188,52.19921429154096,83.2407922202799,97.4176544312562,115.35029702603536,115.5034753332514,101.68821265509736,66.87762232191719,122.85452729214924,16.079659788174123,21.672614854618654,22.516101887568595,26.062968494786652,260.0896911621094,263.966796875,266.4216613769531,264.23614501953125,252.61465630398328,259.11962989966077,264.18083030299135,260.21918998177597,1994-01-01
40.40532746165038,75.31110949818472,60.34597168347684,65.95282364482499,41.52829948561719,67.66891933891884,59.226984188733205,67.61390124005105,46.644717908001134,57.45431631564848,37.68828778493718,67.25802273567915,20.619702466175173,23.07363929631875,27.265276359650077,27.767603562183233,262.5381164550781,266.0641784667969,268.45172119140625,266.9494323730469,258.05857119617235,262.8866038322449,267.45449427554485,263.85230693666955,1994-02-01
78.76046315604594,67.85600149911015,113.00314728774138,90.3984245283132,76.36635547655487,68.12461936603478,104.27975603368816,110.93423815732162,31.75460849434903,22.66546732603989,11.940434237429145,23.214036908632384,42.420460598161945,40.50263157798329,42.684083071959805,44.52939622658912,270.120849609375,271.72088623046875,272.584716796875,272.6207580566406,268.45549540120766,271.1392831802368,273.4437743739078,270.76016619824986,1994-03-01
102.55318644290426,108.48279011994222,147.9276722777785,158.0859730177463,105.48664557798013,113.85129275236346,162.37875250785976,154.91823405923697,15.83800054631936,7.1110388843275985,-5.4804079525091245,3.325707284759168,58.48648755627107,64.43486365336607,85.62048557910656,74.01595465195989,273.9457092285156,276.5565185546875,279.17376708984375,278.187744140625,274.3121198069052,278.0366880098979,281.12621588456005,279.28050340066744,1994-04-01
87.84529224497356,66.90592879676353,61.042019979410995,80.60147812145105,90.63945367228506,68.72962620637271,69.70185023921248,97.30756756296353,1.2250779187046343,4.888295944407374,11.325459215169616,-0.9361149452916384,69.40452733418995,102.35253013052224,102.51521774864878,97.49213185524182,279.1007080078125,280.5616455078125,283.3853454589844,281.27105712890625,283.30582637710876,284.1918327013652,285.29895742315995,283.5051649198757,1994-05-01
51.35743055156476,94.87372714725612,132.3074386183013,78.01431178608564,66.27034335123659,96.3713792762306,115.95209251466368,100.69622265576388,-8.960334092502924,-1.3730883135315044,21.323886527079186,-0.6832722118541,88.57316098966702,115.68690073508148,117.38742541661225,124.27999064067671,282.73077392578125,286.0776672363281,291.5185852050781,288.1895446777344,289.9441511298556,291.26266264915466,293.32261035316867,291.2347147783895,1994-06-01
52.9290750964939,91.74527628179575,73.29609105715099,82.06954052498358,93.29989116240289,94.4545797741872,68.1921175843782,100.14235002484736,-9.13446995114547,22.10280850295635,50.826059413277896,26.163507507589426,90.65021173768434,120.8342339581764,117.43488492465886,125.30153593430502,284.22552490234375,290.78424072265625,295.12445068359375,294.0466613769531,290.153283837307,292.6948119004567,295.16551429346987,293.9371573380598,1994-07-01
39.22448728962094,57.069652346643295,68.82061443189097,77.09179340796123,57.269870021707824,53.34824652347928,71.89645740956358,84.5439358240539,10.604617466935244,58.46200778056093,86.17010901282815,73.65099074955333,73.95797172888219,79.78044703873803,76.70096510397478,79.77785561387707,286.43603515625,290.8018493652344,293.77752685546875,293.0902099609375,288.61522951164096,290.80820027987164,292.6132005390368,291.0611286313515,1994-08-01
79.27764869772861,61.0998804922195,44.960128434599184,81.26307150066397,70.89631230137947,54.16439882586551,29.976620722600455,59.00454776139601,21.107218967535836,55.55381112184129,100.35594989010406,74.96019163917744,51.93270580735992,49.52796169505941,42.57010028601013,52.01399113791814,286.1249694824219,289.5418395996094,291.07861328125,290.0899658203125,286.2276918935586,288.43742911020917,289.62891648945055,287.6468426561731,1994-09-01
71.00619048083534,42.88400113751189,38.58347012453,20.7436730937597,69.01431608899986,44.87533875963024,32.81276830055508,34.96651900259259,46.24730634884409,82.87296080532496,99.45610296423008,78.0084480857795,42.66536462600138,38.14171130711093,27.76854343234588,30.386042080358052,282.0296325683594,284.51422119140625,285.8046875,284.8097229003906,280.437967611974,282.63024258613586,283.9815587495503,281.97469419944946,1994-10-01
68.76594854716002,109.45560344954464,101.99761889156238,135.7348305041044,72.35844045184987,112.50644278844544,118.96293010035036,124.56946494970288,69.15910437872965,81.88023924767091,99.67244012436716,80.89242426500809,29.842692322037113,34.21871430589041,34.653366593304824,40.47420739085646,276.38641357421875,278.9800109863281,281.457763671875,280.433349609375,273.3774212233099,276.77852551142377,279.5605804041812,277.968477264164,1994-11-01
31.77996832483106,45.46473078505546,73.16000044712385,63.26957819175677,38.809658297557725,45.476019672174,70.45260975629621,67.92549328478923,55.01444314024556,50.79472549851607,52.81300852388354,58.91993525770019,20.381421008141334,17.50878689373726,18.194663465884407,22.570539573848787,272.32098388671875,274.4653015136719,275.97528076171875,274.57220458984375,268.71296612864944,271.8629911740621,274.02942597238643,272.033196637011,1994-12-01
64.20328491527272,96.76005166203544,113.62622229486188,131.06521957069813,59.991186411758434,92.79690861551752,116.17117959667732,112.5567520985949,93.47174059318556,72.16354194915701,49.91604827756925,62.56457720368883,25.391167124389508,24.945190817545328,22.858322818679188,27.066350592920873,267.2257080078125,270.39117431640625,272.0032653808594,272.4521789550781,261.93427024324575,267.36560376485187,270.28742539255245,270.0143485482283,1995-01-01
67.34435916271245,48.76372897648175,59.06750209374495,64.82614406176506,63.10254166258106,50.467489270363735,54.96490923690509,66.32491501525301,98.61509067769228,79.06965246454163,48.64326478786179,81.21447396255203,28.18011854458863,29.41032503035693,26.385198459129843,30.923151622976334,264.7846984863281,267.4751281738281,268.8141174316406,268.1207275390625,259.1923798336926,264.33387939135235,267.8984045731394,265.13035475362943,1995-02-01
63.98106907303112,71.54821134216131,73.48260538446677,60.400009098363014,71.2170559544451,78.3274319780067,72.14736271372581,63.79992345448463,41.03938354813078,22.060686490547123,8.712947152746167,16.70425912912213,32.26614783968444,35.74059984742116,40.11668235848106,41.12401721511867,270.1750793457031,272.7369384765625,274.10552978515625,274.2343444824219,267.70622077121203,272.22490461667377,275.53095907914013,273.4537790854146,1995-03-01
64.90552638082137,106.01509443187874,75.15252902093584,71.3061070186516,79.93116620922471,115.02902907732772,94.86398840739612,71.30994292386377,27.317683107818983,21.766819949058256,15.026057235290269,25.20813612585961,45.59894196204024,52.59860319927567,63.44755492675668,51.508593895409135,273.75146484375,275.7037658691406,277.84112548828125,277.04473876953125,272.8907927858877,275.9011291662852,278.58029496042354,276.60657651405637,1995-04-01
81.58640823366935,92.42705929286588,63.39084740097181,63.22077327451605,88.26657626912758,101.7682325030638,88.77244905681768,68.0945172880181,-1.1280033108754994,-1.238402250486233,9.263803006660265,1.798267617954122,65.62316111565536,92.03520408767444,100.05225944284818,91.91472816153708,279.1759948730469,281.04229736328125,284.82562255859375,283.55792236328125,282.7375232954899,284.3546835581462,286.2749625758121,284.7157141017163,1995-05-01
34.23445316024903,65.1855601833084,69.18466333166967,54.372708917724175,48.35168512741765,77.47453567227795,120.3778712174424,78.09359765404041,-9.269978862923503,3.4925846419414706,21.380474243483206,17.58145366996234,90.94180775379644,128.45640400910588,129.79965390276823,116.74058813632372,283.2660217285156,287.955322265625,292.5113830566406,291.1495361328125,291.62417797073425,292.3538661003113,293.53020979228774,292.3389647476316,1995-06-01
115.81466992171528,82.12539474776874,78.72831689923783,89.50806079359758,105.01892316665808,89.27395873819688,72.52950194098888,96.61880678715978,-12.421148624838697,22.79196157743368,44.48041044235571,42.8290595294256,91.48522920516598,106.7131787487253,121.6554793734694,98.09559787374111,285.2919616699219,291.9206237792969,295.26092529296875,294.64910888671875,290.9880713960564,293.7921377023061,295.56118372866985,294.4925097367895,1995-07-01
81.40121887815877,70.1286495582122,57.25357340801351,50.64447539881578,93.49196116192653,79.04715283510988,68.31866709523625,55.123319242026085,16.446163357544656,49.71471843778309,75.94355068043438,83.36141557040517,77.76654184642143,89.05422636353819,96.69756671796436,72.70663553695255,289.9855651855469,294.3455505371094,296.9054260253906,295.76995849609375,292.19582485487734,294.5965670744578,296.47081455431487,294.41045397660866,1995-08-01
70.43421765064141,46.6366449484637,28.05818222228468,32.402862275351744,93.00239532556915,47.82361793964361,25.716998657978717,38.71112789951651,42.57411617559038,87.49188641735515,116.81253228064962,91.43750545437872,55.17412440914922,47.84337847411673,39.75880219416348,41.82423918263794,284.8661804199219,287.997314453125,290.268798828125,289.0717468261719,283.8467688085548,286.2453119754791,288.2894423635382,286.6051988977147,1995-09-01
143.94863069247464,96.79878389231868,121.057613514655,181.74814870004113,166.97083198276428,106.82999567932087,119.66027997301612,164.61591540026018,46.301104181120635,71.38752466618689,103.55530239266808,75.6358337875829,50.75299196432369,43.88143381270043,43.63262263443957,51.358582973674146,279.944091796875,283.5215148925781,286.205078125,285.4210205078125,277.7458660232118,282.19850913683575,284.42950539839893,283.57988204355314,1995-10-01
82.19575668642283,140.69872018390913,121.89778008297534,143.62156369890693,85.37302041573228,137.037104013369,105.77254178990135,142.63894872791718,82.52047188341568,85.85361698560851,91.80543765615388,87.85706115224578,35.83771118794061,36.05184070104849,37.68786666110483,39.44827233262187,270.11383056640625,273.6251220703125,276.3162841796875,275.74456787109375,265.63310831381506,270.8011796474457,273.94876921804325,272.7493636964813,1995-11-01
83.68808495326863,73.97177447845976,69.1014061314675,85.77327253925382,78.47864228275957,70.22395655788897,69.27511730964387,81.90231462195028,94.89786511951706,80.61651958964127,76.03211121266794,101.7487900295862,26.185244455776385,27.937373523304046,26.26442450732289,30.15319698672458,266.8021240234375,269.1407775878906,270.7930908203125,269.8132629394531,260.72113681504453,265.67240317662555,268.68732572856703,266.38074715681904,1995-12-01
121.25481323973922,96.50952686612328,117.01746631953722,135.31559192089438,106.3191180908059,101.88344327506994,116.25602863399097,121.14931224162171,93.01191241206423,63.81302114981138,34.71100351261121,79.21338624539464,19.392699513092076,23.21562191094349,25.656513348786746,30.09832791514758,263.04376220703125,267.3791198730469,268.485595703125,268.1507873535156,255.8919439429781,263.52130421002704,267.1452835484555,264.6238588348148,1996-01-01
87.7450113649826,81.59376903717519,85.83309710776786,96.61261321078504,80.57523716362086,76.4806376510781,79.38038771252117,81.1446967004532,62.76972830573554,51.97330922159916,26.907801785287862,52.55260077700891,24.27320449330839,27.064562922308696,25.48567346715499,29.684173407426,263.8382568359375,267.4065856933594,269.0055847167969,268.89532470703125,258.8869607021134,264.7268087863922,268.8620161759226,266.60454649437133,1996-02-01
66.27946879671347,64.93889395270541,92.25067425512988,65.933271931896,67.8882717942886,69.93969699188783,97.9173492227944,79.60817777993482,43.59765221634133,47.30771697072265,32.75081065102537,47.16145134870819,38.01057141359437,45.80688801510787,46.94461256732723,48.12648340980331,266.10015869140625,269.2416076660156,270.94342041015625,271.3006591796875,262.7479062023391,267.47524150212604,270.867767936305,269.30462838721087,1996-03-01
112.09273027633276,148.1368647471309,209.24151699735597,178.15190717196683,115.39893459196009,143.39206761168558,185.66739439819713,183.36908167065312,21.124115960199063,11.464284411259982,-1.3562105492933925,8.629870046688897,51.878237730286145,61.15958215509477,75.76876610838247,63.0321961974323,271.5082092285156,274.5500793457031,277.1909484863281,276.7235107421875,270.2129713567605,274.9964175224304,278.4918740925036,276.60481802872783,1996-04-01
59.66577551600561,82.29798440694522,95.1672325698223,98.46079388614451,75.20036759226659,86.42917267810053,124.3563417339954,114.3857847816231,1.2465638358937343,1.3896678130571876,2.942491152645803,-2.3505728065413343,71.58716693360634,91.0840292666468,109.01554482314864,105.22994454585589,277.1697692871094,279.46868896484375,283.2437438964844,281.0452880859375,280.3760891492623,282.88926672935486,285.3238111797132,283.5661265455832,1996-05-01
100.61660512899655,141.7813813325975,167.98452817198825,149.26573981731437,98.18656885741908,138.49072092456208,159.90624476793954,165.75650034031426,-10.856025837830623,-13.38094534764462,5.311734798380004,-2.2717655848720457,89.05416142368796,109.75441541809528,133.19497636256915,119.64333852464608,281.8906555175781,284.4796142578125,291.0885009765625,288.4195251464844,289.4283247867903,290.1700910727183,292.46117842824833,290.6703106737512,1996-06-01
135.7485500748652,92.92109364514408,76.57215223475556,114.29179172489197,129.06587034253704,115.31258882745148,116.76916670308518,109.69487095708826,-12.97296190527837,18.088103361997742,66.23944990748869,32.647376356052604,93.99121232511796,129.37957473420136,140.1535778078606,124.98989014103783,282.8460998535156,288.8167419433594,293.4404602050781,291.84765625,288.8958938416257,290.5277205308278,292.6384935880962,291.59638292207495,1996-07-01
46.63680624770329,56.39309075588658,33.63699925745887,38.250391751394176,48.191094286220185,56.70457376437953,45.75442845363278,60.44135979113857,-7.935002953182246,43.94565719871965,67.69157102020677,63.16462535362151,90.00449347341365,107.2476915600153,101.76589173923554,91.3977431510162,286.57305908203125,292.43023681640625,295.11138916015625,294.37078857421875,290.76999010792764,292.1221669514974,293.5454209980212,292.4145534245048,1996-08-01
84.13775952476567,123.5452537663258,241.4634036303025,191.63444625153195,89.38998179334459,107.33076045182224,161.6086018309013,174.991718345319,23.03780132716994,66.410934505709,94.48262309643408,81.50705371741564,56.910954449945535,63.07231453615845,66.2930388596594,65.04736239962061,285.44146728515625,289.3872985839844,291.2591552734375,290.8986511230469,285.5111728379451,287.74002901713055,289.0747578269557,288.2150331031619,1996-09-01
100.53843941206812,87.36512745157258,86.15478771866537,98.37323445391716,120.25433759938748,88.71178420156141,78.47157138575682,94.28151654538492,41.42627783803082,62.88421197153771,95.6615825671597,72.7126626745572,44.08324228968798,42.33426399918295,46.012478312220175,44.24470180910743,279.58056640625,282.56439208984375,284.9919738769531,283.7034912109375,278.076940650484,281.22487505276996,283.35866365934675,281.48312714343933,1996-10-01
95.617807037443,69.14442866380242,73.64389974910823,121.95257277808172,95.55439488689294,73.52141197036399,98.76655735852454,105.81029706800255,70.9003863925553,77.50119996370098,93.69668016516344,75.25148494312022,32.46877701774405,28.76609670388912,32.38402344047505,30.439228234395067,271.6600341796875,274.39886474609375,276.062255859375,275.5670166015625,268.218661486865,271.8282914161682,273.39519962511565,272.5535802165354,1996-11-01
98.37269049259284,113.9015326400522,137.18991160315682,150.035561487885,90.35314926101778,113.6291303698633,133.0291409027852,137.48387427392404,80.27742826294646,58.99580420870138,53.4107795533148,58.93216321903567,25.46617050818063,27.357242169204294,26.093123705026887,27.046315380177056,267.8795166015625,271.6888427734375,274.4895935058594,274.5802001953125,262.0514570137419,268.9296706517537,272.70091548718904,272.2330567367434,1996-12-01
122.11579416324336,111.61194519710452,108.16325063779544,126.29482730854716,104.96958112248844,111.99095943932844,104.86814280431987,113.7552671905078,102.07393913116024,77.56277461313644,56.184841586164914,97.1945491759444,24.143374117376688,26.867581019150247,26.376356650945088,36.16119348337324,264.23944091796875,267.3540344238281,269.32806396484375,269.488525390625,257.88618584743057,263.6545078754425,267.7611272711503,266.18115162286233,1997-01-01
43.81845720994784,116.65727164032748,127.13610792552925,109.11771082634246,44.03010710357524,108.84029341202957,121.55201154031027,111.899648324548,54.184234892047165,36.476094867220425,9.270679839191784,38.11182693739165,24.201050838149968,26.53970704589637,29.773296817067028,31.515278540083,265.9021301269531,269.07489013671875,271.5639343261719,270.7754821777344,260.83580083961033,266.44232511520386,271.5985420628598,268.63508666031004,1997-02-01
92.26247642730029,98.54125709248042,148.9422403286291,156.08736685101928,95.17743441616192,104.26914676543896,151.780330871857,160.71248093937862,42.12652222513852,32.19129134468322,10.45142250665799,37.53421527630669,37.468469289115895,44.132567869283754,52.03277715278495,51.07061603096583,268.0182800292969,271.01849365234375,273.7106018066406,272.3370361328125,264.70274505007313,269.7289295196533,274.4754046389931,270.6683191014087,1997-03-01
53.403382715579326,66.69652529078809,61.64151962193036,64.45734715675667,77.17018788743356,76.17534205787796,74.93983065636554,83.84680362501169,11.528595781216112,11.84395744589743,12.453895805161594,12.866043399749962,54.01895607135204,59.68183176223578,75.86619744328,65.02602372714966,273.1452331542969,275.3592834472656,277.60443115234375,276.9581604003906,273.1265567612363,276.3040126164754,278.84033122815583,276.9823019673505,1997-04-01
83.32714375490377,113.1701330683636,129.6384190074958,80.21782465178178,88.75633772116018,114.60638724062288,173.56051872079496,106.42161035216252,5.3987659442035545,5.884665920676599,12.430598227222,6.119790746667951,66.61626995936489,88.50078259364143,107.24950597168568,96.44041395039584,276.6786193847656,278.5611572265625,282.0596618652344,280.7019958496094,279.44689029526427,280.88407850265503,283.0403107091,281.6959021861159,1997-05-01
124.37177448593006,75.21985822537148,121.23213594104428,127.2257619525957,101.8410870224664,94.9645382643116,121.70121486654472,130.32807254254433,-5.534476594382674,1.6629062479673973,10.39078985245428,6.469551333701877,91.16019395157733,134.64837038841472,143.8107050948996,132.34181960285792,281.33837890625,285.4297790527344,290.7117919921875,289.74713134765625,289.1567230832529,290.65486216545105,292.23565332513107,291.1213599978469,1997-06-01
78.69822592393118,69.89671526630225,76.90582691968457,74.62362488517937,102.69826308761776,60.90443211800246,86.16816089299971,81.87406285143756,-6.088670131064044,25.63656138912752,54.10777934236642,50.12912922861512,92.7470233103552,114.3600548640256,134.02175428708452,115.86200001997972,283.37054443359375,290.4023132324219,294.1590881347656,293.1161804199219,290.22153378672806,292.3476538658142,294.061346556011,292.41889244740406,1997-07-01
46.341273950487576,115.78809446852785,94.2645971201184,108.59998158958456,47.883554765384346,108.30705135230248,96.32750079584844,93.29700904139816,9.843260470208014,49.787797062892366,76.92865795828938,60.25645709697705,69.12434218341988,76.88295859046612,89.5430679837393,80.25991379897982,286.9938049316406,290.5922546386719,293.0352478027344,292.8402099609375,288.7982035481122,290.3272376060486,291.86431001362047,290.93561608021656,1997-08-01
68.2318247161228,94.05475301242372,94.04985093599846,105.78206005225697,67.42355299295559,92.35855400787804,91.14260157390744,95.7355277266754,32.00302108634741,59.681947080337686,78.05961523002489,81.39781329781093,55.82606955272827,63.739374539276014,70.12908145871809,61.078701541395034,286.27362060546875,288.4808044433594,290.521728515625,289.69732666015625,285.72757456502114,287.5952836672465,289.0829311170076,287.5117478258028,1997-09-01
74.28467079003224,58.270844260459974,49.89431869095501,65.38515211639151,65.68380544315424,62.62001784209948,46.70560737279981,54.279334467847015,37.419599431634296,83.98381579043304,104.49753081262875,87.6807746657644,39.831651119542705,40.71600882972245,40.979018569542795,38.43703892104617,279.8267822265625,283.2821044921875,285.3492126464844,284.1524658203125,278.62216344582606,281.62108794848126,283.4327422694156,281.35762564591533,1997-10-01
76.27907159057395,62.449250683892274,80.96369777178768,115.3949414464127,79.17415229938278,61.374495645847475,83.56928984995801,113.4855148432698,61.50535647198742,71.16435613250425,79.50926272222279,70.33475991818676,27.93489081674587,23.042730386439462,28.673133246038343,31.780834064918157,273.3587646484375,276.25128173828125,277.7961730957031,277.2790222167969,269.81426697993186,273.7703796227773,275.6305523922569,274.41873144915724,1997-11-01
49.566482164537305,52.41899202866417,105.227014420794,88.99100091806226,51.56824223996867,48.29025229077899,85.19748228780254,89.15485823123831,59.732271056551426,60.78016869291323,51.0569835322712,70.11492799937348,29.75182894130165,24.726950477605204,24.84993555474638,29.39310175023131,271.5155029296875,273.22686767578125,274.474853515625,273.6602783203125,267.5408086890718,270.5245164235433,272.71322692068,270.7490416999877,1997-12-01
68.51877825569478,111.86270956344002,146.57742368390493,171.6976980599082,62.83435833759427,111.91204426331625,128.59490958666336,173.30415023919116,71.0192983780689,53.409757275869566,21.228472460014892,56.08904627058771,21.033401368221988,23.8038994248135,23.661591941436907,26.856840171198876,267.4980773925781,270.8157653808594,273.5395202636719,272.0979919433594,262.1163178098154,268.17293334007263,272.84419953195675,270.1981782687931,1998-01-01
52.39278127599096,54.68174211278601,77.27111544094747,73.4676706093882,53.74526111963568,57.3022225930257,77.65887915448882,76.81033600804771,19.46789052994952,18.46442083485318,9.951851804224424,31.719271265994312,27.531402537427027,25.418594398393257,24.501689913304546,25.49049032009707,271.8580017089844,273.04534912109375,274.1380920410156,272.9015197753906,268.88201174793016,271.40262881914776,274.19322706523695,271.0966419610452,1998-02-01
103.94229116064534,151.85588047139356,113.46184469201869,139.4000215981259,93.20269057460594,157.60630591095602,127.18498677654344,130.11792328466808,49.38312134621284,29.940827245482776,10.32635845501346,24.36875446921428,42.69968135464966,46.278760204657075,56.79568131095543,51.06543159473274,270.7823181152344,273.2997131347656,275.5522766113281,275.057861328125,267.6738908623319,272.079209168752,275.7808841906096,273.85300259327323,1998-03-01
51.04787187571932,69.21417121080272,107.60132745061227,61.73043789091827,53.07752556480872,73.16589853827591,121.3991833919074,87.42482282692117,12.480024061827493,13.816569825976831,12.927541838416325,11.78886906266608,55.308367301135334,71.57417027354927,86.79369084776003,73.79090316294786,276.9644775390625,278.59576416015625,280.6400146484375,279.7305603027344,278.495122172443,280.1681377887726,281.62671059056333,280.10169394185226,1998-04-01
47.259568613520024,83.25213444628426,61.79626658154291,105.99988298365838,66.05103850540848,81.39426018675815,68.81077603634499,111.31219148498022,-1.5705798571536935,4.776304522574178,15.0345266788392,3.979452304453819,73.98666149862507,107.2818182835244,118.37327883776922,114.91379773183546,281.01611328125,284.3264465332031,288.56646728515625,286.80340576171875,285.7607314881101,288.2876706123352,290.27119947734633,288.5825594203679,1998-05-01
114.4378272396992,75.17316949192325,97.10519531776488,111.26879655279691,91.24132071412684,113.36136476061166,163.28979636395076,124.55313873389076,-3.616073713848767,12.837403743493145,36.27947460500729,21.096304516531298,81.01042274186081,106.07310479767204,123.1315379971892,113.99562290992128,283.6996765136719,288.10076904296875,291.6585388183594,290.3902587890625,288.0824659127163,290.43079137802124,292.48527326081927,290.66685113381214,1998-06-01
50.82424678072007,49.73549702976351,117.43765763216504,114.85174380054374,57.18913395400981,59.99560400167144,141.940516615,91.60892153955568,26.83117147485805,61.18079208615273,84.74099944644088,57.691378535248894,99.46566923085416,99.16221166031517,122.5086688694598,116.29317789865024,290.0022888183594,293.1529541015625,295.3651123046875,294.1882019042969,291.705420748646,293.44678775469464,294.6865882873535,292.96083657572586,1998-07-01
55.81913038945323,80.22212903543983,42.7597070122172,95.18360543121194,69.98283241688218,75.01046421865641,56.67245829964746,84.1422244970562,40.68835875723388,70.15870119503157,82.09031867651356,74.30974680635396,78.83234054437509,77.98454259221403,97.9062321869079,88.71393078691902,291.5480041503906,293.85687255859375,295.69403076171875,295.2587890625,291.687354585564,293.3136710325877,294.55843052111175,293.03350878137303,1998-08-01
54.59613932387446,55.532824696775776,26.54598302569424,33.807823450925184,64.9307167747886,48.33631487308709,18.819282298743055,32.97627519494914,65.82366263127875,93.70122741232154,106.9063417285583,98.52826778106972,53.37775764464043,46.66137809854521,50.19750886408765,57.44393589657349,288.47711181640625,290.9104919433594,292.7698974609375,291.8940124511719,286.7445016078265,289.49992903073627,291.5286782917224,289.3677875188392,1998-09-01
91.20523612890356,73.22401619465089,44.624012090109375,44.29923602288501,113.74911950230626,68.0870612969579,53.31871283919276,55.61701695049733,61.87565778973605,88.6964122970869,122.31422638462928,107.532018128028,40.61666526962375,38.00541319160437,32.23166688407068,36.47270348454675,282.0838623046875,284.63201904296875,286.3197326660156,285.3475341796875,279.78074214372975,282.62648407618207,284.3020826640882,282.56159985159326,1998-10-01
103.11901083504227,84.10567951664197,49.32575052776949,62.91040115333319,96.9051448400074,89.0945690574732,51.727990092394144,61.07317241839318,62.059479687146776,72.59007051306322,81.88262896329435,77.10508257151018,31.534764661721837,29.531182029632394,23.667852032076087,28.558384483789283,275.8443603515625,278.6958923339844,280.56231689453125,279.5671691894531,272.678544732204,276.66001566251117,278.87055286608245,276.7428264467735,1998-11-01
80.14210630236033,61.98634750552481,75.46332501232312,69.10515227302635,63.89943599031264,60.06024845345882,67.83399766480787,73.57441816734993,88.57942573217974,82.30095984045049,73.82184943488203,77.47322895664558,29.497337733125253,29.313574795487035,23.91829262830405,28.426403633487208,270.6272888183594,274.34747314453125,276.7962341308594,276.1532287597656,266.5029230003813,271.9193865458171,274.8757039120323,273.75760536494215,1998-12-01
95.44290943421828,126.84685061504,165.52708740264129,187.4340418885128,74.79881625692235,120.65043721643045,163.10865817341394,167.64672105406729,95.18666027333826,80.4887666997724,48.255608021646395,84.03019770538441,24.62087094949075,25.99336329149109,25.624390377697093,29.64197903995337,265.1690979003906,268.3175048828125,269.58917236328125,269.4449462890625,259.066598535059,264.4164671897888,268.344181060791,266.3182368240957,1999-01-01
84.30048023425128,56.506764174842374,62.44749709744312,49.92629714372222,81.50275328866415,63.23761338536694,66.55649538354,55.02517528186733,49.78779043230737,36.805310304240415,12.12205591678882,39.722085702772475,33.733028436181314,27.65391342475296,25.974325497334885,28.26805598683376,269.62353515625,271.90313720703125,272.16534423828125,272.16558837890625,265.5429411504373,269.6049834887187,272.6262361626876,269.6299275075357,1999-02-01
47.32562846613352,36.97530362335741,69.58961762583918,125.44883369052498,63.74422343870656,39.44704005919687,70.36018552465065,104.95491387241532,34.4278184062648,37.29783459267028,22.70835388922661,45.03853827614963,48.0403989680294,49.26186634098337,52.72922126848909,54.76680119900328,271.0758972167969,272.7364501953125,272.8453369140625,272.5466613769531,267.5485180858597,270.8676919937134,272.88324817858245,270.48010806586797,1999-03-01
70.91767022999657,84.64219936443924,103.39240141508812,53.34904411334883,71.62817050146681,91.45810605246298,127.763830798932,73.05204634106381,10.545567784405646,10.258386804428616,9.658825686359998,13.903902484388768,45.32917801065261,63.01031204942925,84.12354644976881,67.34788225969538,275.9809265136719,278.14459228515625,279.58905029296875,278.6385498046875,277.35968005419727,279.6259461243947,281.52857951114055,278.9608615664985,1999-04-01
151.5239040366532,74.35005198267856,54.5292529755889,54.56739507555121,129.39142583558342,90.87736343903914,58.98417243102901,60.80289122174249,0.8225025529312362,4.19581179857449,20.23050817452983,3.0598267382231827,75.9365958218043,102.70844381512808,114.2433490057144,111.50986946773456,280.2226867675781,283.0052185058594,286.536376953125,284.7779846191406,284.54906047197926,286.73083782196045,288.4741522136487,286.9991786686454,1999-05-01
90.18808414893556,109.58072852534016,74.84151909937951,115.53406528210584,82.36624040324038,99.40405234716896,75.52339299393147,80.82833981485365,-7.401406364886376,12.87757040294953,35.04888870209758,20.621309397870206,87.80264367444751,126.95800277016758,124.45214542737774,122.74974223994391,282.3264465332031,288.4830322265625,292.6310119628906,291.70501708984375,288.5326704655985,291.4637460708618,293.8221156471654,292.09350249523254,1999-06-01
102.76489259238534,70.74068925173066,49.87341091700274,63.269579781204335,87.81354063913957,82.51700601830619,51.03885249646075,50.15296131574237,-1.4756320925849105,31.579124042330868,69.65816509100569,58.328288521777885,107.19174041908212,122.60981295672876,105.48138497923988,108.12184895464492,287.61114501953125,293.5141906738281,296.7620544433594,296.03021240234375,292.48419238086717,295.05542890230817,297.5393411736739,295.2822549174151,1999-07-01
87.80829097852305,41.08413244731346,54.65427615183339,70.32000966915368,69.01321876850456,46.34352225933561,42.72122778759095,67.66355410903473,30.878144248972315,76.63887162768931,106.85280604601842,93.56482458391696,80.20799645136047,74.40048297093665,60.00990675261925,64.62314736549938,288.9762878417969,292.0567932128906,294.0812683105469,293.7017822265625,289.2820695975862,291.3035709063212,293.09136942813274,291.5586358017809,1999-08-01
77.84645672094261,64.6639467612303,49.78036121567119,95.15696446218584,76.92875033258728,62.89428289498346,40.17040705142813,97.00441197703556,49.61087997119558,96.48464085698669,98.12868233474197,93.8962517247717,61.152021128344984,45.01922508247239,36.23288991407739,57.98742639326409,286.64801025390625,289.68328857421875,291.95025634765625,291.97064208984375,284.9684044583385,288.0920663674672,290.314194127133,289.42489431786726,1999-09-01
91.64405888431918,58.24138625247942,60.89608995033725,70.65189975697969,98.56441471010731,59.33035516234778,53.13642494913557,65.93239787238149,63.49307423399537,96.26574463992443,116.80826409964752,105.61534939226526,43.233454311972174,38.44957613874982,39.31019575906191,47.33601278783937,279.47344970703125,282.7628479003906,284.99310302734375,284.0039978027344,277.17802192110463,280.857416788737,283.2101841976768,281.2401324895423,1999-10-01
42.237763165339906,44.48745668819827,80.05328486050577,110.92471293515337,39.41873108206473,47.77929235430569,60.678689025843475,97.47807794232084,55.755785136227665,68.43909361009378,82.70579084086125,76.9960435884261,26.268411559072607,24.81379058370269,28.54316917643388,34.77265304227273,276.54119873046875,279.3918762207031,280.904052734375,280.0635070800781,274.0951091872743,277.5606160958608,279.5592324106317,278.0748889352393,1999-11-01
54.03075884164731,85.1130274915541,89.75468555116748,74.90670847954007,52.58482104055551,77.22772255694328,86.73794537909832,70.75133436285614,84.03315646027505,82.9492452446821,76.00176737998561,84.83695548901785,25.37204762122124,24.352328931916077,26.9520717026669,29.085906640833773,270.3042297363281,272.81622314453125,274.7416687011719,274.2906188964844,266.12152512994896,270.03338678677875,272.51265776784794,271.3500599297952,1999-12-01
62.65479828269587,64.22501811038788,65.54086318979093,80.61035299425816,60.85341981571493,70.34711748534116,68.38970818948705,87.81348321998283,79.26607648439342,67.04077452661267,46.0249737216531,78.87522698292499,24.41305791517576,26.00845182759159,24.907708686002582,25.993878215242045,266.0694274902344,268.4900207519531,270.26556396484375,268.9043884277344,260.1324244039467,264.84487613042194,268.5006207917866,265.79157166969117,2000-01-01
48.61959730104952,73.73229895941937,72.48561760387864,85.5239885777175,54.85722638127728,76.31195643060344,78.05239127261764,90.21854548056564,41.99755456208873,27.51321968136658,7.487849503143578,37.304556125363334,31.590998202508576,29.16789664698218,31.267813921784157,32.122179640216515,269.0191955566406,271.2459716796875,271.89080810546875,271.1903381347656,265.3777103500062,269.15706634521484,272.43994662636203,269.19222830224226,2000-02-01
65.93425215887135,51.172759096814694,53.94061476906653,68.7555145500342,77.32012676930275,58.57473032176509,63.81962174654646,76.12022920785623,27.122909439209067,17.879329435501134,6.682642963241241,21.670493924034098,46.60056688736725,41.292680622715686,48.05112882825168,48.0232140663038,273.2213439941406,275.227294921875,276.6524963378906,276.0151062011719,271.9277721876167,275.5141457716624,278.03243857935854,275.554445522038,2000-03-01
56.42909132885228,76.95725481971043,108.3998641747166,142.8343509753668,73.12927802812935,72.23245046826356,106.71881318831952,152.5706430797269,24.3258669256179,20.56532641210789,14.7478542792688,15.04429433921296,53.8653956397235,59.156578754282286,66.24728440719913,64.86154686924198,274.86273193359375,277.1862487792969,279.278076171875,278.0145263671875,274.815461056166,278.41500838597614,280.70801504034745,278.23819954939717,2000-04-01
62.79966030204601,104.76702563510308,68.06759955097898,138.18663997286615,73.06803666342955,102.7100367558997,83.12598286228075,120.20921740104856,0.2751382245980703,3.7795017059946874,10.787182386874282,-3.04477943079707,66.39851522811085,93.64847288937672,105.53310381917213,102.14396064609883,279.24908447265625,282.45166015625,286.30181884765625,283.8630065917969,283.44269893083913,285.9125124613444,288.68530052586607,285.9736907238097,2000-05-01
110.78210690005496,91.38631014134454,104.74195558739,143.8479974725619,107.5349432706423,101.32436571661924,120.2280164783392,134.51485004488856,-4.146179389996136,10.38892154081885,29.01000649472398,3.5191248945759894,78.17076226017012,116.63248937809504,136.29517220177763,121.81522549811233,281.4899597167969,287.1100158691406,291.5065002441406,288.5798034667969,285.9079389230189,289.4274920622508,292.53472860235917,289.85169850747417,2000-06-01
31.14572378306252,51.64580261970751,83.510410167131,85.1881779826538,44.11122050829281,50.8638427527388,78.55694206310578,93.6684795975534,11.37550590102008,40.69802130375778,65.00504784905927,40.907355366200456,88.52219218862737,103.00341809722698,115.63224409503152,121.11646878832708,286.8172912597656,291.079833984375,293.661376953125,292.5865783691406,290.3426557442107,291.71737933158875,293.1083745454487,291.2183657668707,2000-07-01
42.05135702926789,32.08201446630695,31.803440912004053,45.20438865884865,49.76831571169943,36.50034162116557,34.43241284606705,51.68523364854139,30.00184248370626,59.96068079697649,84.3892919978722,71.26640654962655,73.07433631401217,81.17364825200144,91.31677055545003,97.17617659952168,289.5511169433594,292.0853576660156,294.1441955566406,293.66558837890625,290.11250432838955,291.9320871035258,293.2884790520919,291.5029222383274,2000-08-01
36.5179413305242,49.402433092046834,61.20833022640679,96.71822511698338,34.83227979374478,46.94963743814374,61.06829238464913,69.92477880365821,69.01974382928519,110.46533542744916,131.169990293264,117.83465377124608,54.872303628874725,55.56836912375999,60.61568629143645,65.59364028889063,285.9101257324219,288.8319091796875,290.8511047363281,289.72003173828125,284.3878246778511,287.40763370196026,289.2644486678274,287.3252135749877,2000-09-01
55.51032738933622,42.855914520764394,51.80535786754064,51.223654085842426,57.92608333707681,31.104419538503233,47.341187559212536,53.37810212905193,55.01078793456349,71.44769492953688,87.8388671498791,83.78021539363024,34.010856332128434,33.855820111237186,40.03578349341002,38.814369987258935,281.9231262207031,284.5221252441406,286.2018127441406,284.9626159667969,280.21901675524464,283.12628801663715,285.01149609214383,282.5422512264702,2000-10-01
69.10424931924854,90.20723668102434,86.5555034770659,107.83940848091292,70.99088575691157,87.92484639453585,73.42809436403107,83.14572758480921,65.89569390463136,88.93111717821348,97.8177282003889,90.260760909348,29.143242651342277,26.90160538398051,25.828966560389663,25.78240665568904,275.30096435546875,277.48114013671875,279.01361083984375,278.60443115234375,272.4415143381552,274.98058700561523,276.7390421817177,275.244840126338,2000-11-01
73.51963148276542,90.19046204665284,98.55109829309156,124.0059179888368,56.30381687020991,82.4974261094422,94.54878929162729,105.6499173205864,105.72466832047716,96.40669367593986,82.91719473014565,103.9795789955546,21.85784360763757,24.239425426459658,22.792629733410195,28.93986099772521,264.57177734375,267.8754577636719,269.63922119140625,269.51788330078125,257.774372723948,263.7511838277181,266.6420272024054,265.9467122235636,2000-12-01
77.70265128823162,69.0175392060057,59.830756966775006,68.72028422160841,71.92798914330936,66.41213108238071,56.88509395421847,70.89492341426336,60.557383098508346,48.19252777571661,23.275534649971892,42.17535861565438,31.39912518943621,25.915219139069595,22.196405244196747,24.643483586124827,268.63421630859375,270.36566162109375,270.54669189453125,270.64898681640625,264.06536391056864,267.3603793780009,269.7178836621736,268.0458957942452,2001-01-01
76.74214614161099,93.51497128136477,82.70820229833657,97.5751909151886,71.89157001172339,91.36860460752342,85.1491495717462,97.23523358128088,69.24903896282937,45.720100176805225,19.753808260937554,44.64744567864892,29.4234213401998,33.35908191103239,26.50651543808507,36.09070467940527,265.7007751464844,268.9637756347656,271.12506103515625,271.0234375,260.597656310792,266.5976204077403,271.3133733649003,268.6458843561608,2001-02-01
53.27901831564465,48.48273481728263,65.8597803691112,104.9420975997694,60.27909164589627,51.05713329873969,57.28099001430555,118.71485978526913,33.26600932897676,29.094670250087816,15.535743133066518,28.49537163935778,41.51902178811245,42.507727523581394,41.82011278730997,46.19870811504904,269.6201477050781,271.5726623535156,272.76239013671875,272.3666076660156,267.43945993370266,270.32023310661316,273.00564775968854,270.4702540119802,2001-03-01
175.96310817301827,103.4442621764656,98.83199789314752,47.31183196312097,170.7300007384341,105.35850032451565,120.57484923123089,56.298307830314954,1.328040333140839,-3.324911278543481,-7.9935160420216445,-1.1401558117805464,61.75614301391552,66.58541381714477,79.17482187100013,64.83737773864885,275.5781555175781,277.62353515625,279.51702880859375,278.65972900390625,276.2328071746218,279.5569586753845,282.2775959215666,279.3952864999846,2001-04-01
96.53718940651616,122.42039067783656,119.85205103724778,86.63553376541712,99.34592778312494,136.49299099865394,113.14644216135362,86.9490351585035,-4.413749743953315,0.117791821751449,15.397936858910414,0.3386549897617217,78.58465429515972,101.21894526261514,103.46287569018024,105.27596396114124,279.6173400878906,281.7665710449219,286.1308898925781,284.0998229980469,284.18926576409206,286.03481674194336,288.1953928094161,286.4119409275806,2001-05-01
96.75438098278406,69.79187736482423,52.52707695692545,72.88740430060606,94.51188128882296,87.1296023545317,75.72497146348259,83.15077053366628,-9.752660772231737,7.306090762965583,22.309150375201824,8.90902998713537,92.2117660356964,125.56060210414527,123.72463801224032,126.21292673004172,281.5643005371094,287.0977783203125,291.6360778808594,289.98712158203125,288.45548543132156,290.44734088579816,292.550258034154,291.2152027520608,2001-06-01
79.8902234325686,41.7706998381157,29.919458386866463,55.12734558379379,59.988006844544685,44.58915490658656,38.49925958872195,50.863557018498184,-0.925306098197211,38.62004178231727,80.16601540262269,47.41020489416019,85.92217224717479,100.79970146973838,98.17489389040416,96.76671402578924,284.33740234375,291.16314697265625,294.30218505859375,292.7231750488281,290.4623558986709,292.6956576506297,294.6919473346911,292.19848248339076,2001-07-01
52.97413550761048,98.53754517662118,64.22749662728054,55.45775723404229,47.2117619271847,90.39537483410513,63.048281444028646,62.83713666876759,19.236230792149577,63.22218757025568,78.43436984371033,68.74282991888657,82.02871393604278,74.9142121705783,66.3657474986859,77.70247784887971,289.8702392578125,293.6702575683594,295.80157470703125,295.8467102050781,291.99077505894394,293.8288215796153,295.414590534411,294.3192871574342,2001-08-01
74.41725664619322,116.2993638907026,66.91993591097383,87.26020939672085,64.26140715631907,107.84519613433773,69.18793868068151,82.43886141700621,48.790793833908445,86.8001144044423,109.53128158231992,104.4927949510603,47.83525042735138,59.97197663641583,55.12130747579156,52.55288766700095,286.28497314453125,288.59869384765625,290.6798400878906,290.7337646484375,284.8702497140345,286.9530711174011,288.71341705322266,288.01968287670707,2001-09-01
118.70136108363172,156.07564761956556,140.9049932038527,95.29926738962232,129.13779627684073,159.74117265304912,154.97760525245272,102.20045490749868,57.37644761205772,74.64974319639605,108.31737509981303,99.34548171074644,45.85009448263451,55.11445816159467,60.27217837157598,55.6961161444564,280.8087463378906,283.0845947265625,285.3396911621094,284.92169189453125,278.50517668097143,281.46820823351544,283.6750371832597,282.74102518877646,2001-10-01
94.97701062424343,91.88575466643444,86.24330693342377,97.02652722277824,94.6769942460627,97.35231888925912,84.1172559138504,92.94673755418042,34.1387087870772,37.13697891917945,49.03336064468845,46.27258239248964,30.717893144226625,32.885226671149866,31.999143575764194,32.263483582101365,277.78057861328125,280.3214416503906,282.40826416015625,281.3538513183594,275.9558890901239,279.1495249271393,281.2300686083342,279.64767047551675,2001-11-01
71.0916351488047,70.64356419313249,88.16625176882096,85.55112695081728,73.25961180766198,72.4985052228058,85.71417555075543,89.26303731675084,62.85033334169877,68.40595467641232,71.53253467121804,74.03593147004332,31.855828983693645,27.458060378041953,28.93706268743985,31.915870065671616,272.3351135253906,275.21392822265625,276.7903747558594,276.5998229980469,268.9018639796284,272.93050416310626,274.7879309403269,273.9041411632628,2001-12-01
49.75780722471195,64.02006160867366,107.07409901852972,120.30662076629854,51.20453105626004,64.56374915236509,93.84497306174556,110.99366177968116,65.60944377897715,58.58158582630482,32.541428426275594,62.302650269730286,25.95496784965234,29.83349406093796,29.0984964751807,33.887697131527005,268.5869445800781,272.3746337890625,273.6912536621094,273.8211364746094,263.6641281553474,269.62600835164386,272.58186300177323,271.02010099155694,2002-01-01
70.81527608223027,92.5770019211573,74.45611579955572,78.08019076162081,76.07529061569332,99.94240779638446,78.24654015601966,79.82250922528077,62.70895923109611,55.34223765500028,29.687741225349104,57.57016943511937,35.82655083454976,38.49852301357907,38.084650583491566,40.51610758336361,268.9004821777344,271.6435852050781,273.2555236816406,272.9193420410156,264.35293870903104,269.1333541870117,272.5837067051938,270.5630216823788,2002-02-01
103.42118497321631,104.16294720009792,100.75276721028106,103.63554307746956,99.35547165119507,114.14908528916358,110.48921117040928,117.28795165287384,71.69223145651425,51.69253282042735,27.505326780069268,49.81796731288048,45.16118502315918,46.76406089964254,50.78274429491281,55.49577824235832,267.618408203125,271.40728759765625,274.3260498046875,274.2191467285156,263.37915950942323,269.4957369168599,274.20692544234424,272.73246056263844,2002-03-01
102.43721847272252,109.33877638995526,159.143006024791,159.4594449366612,100.43258996689832,110.12491083972309,149.4444473019749,139.03315438890672,16.97646125650154,10.51585718115538,3.183189042745068,11.85211903735787,50.72308484484186,66.8130627693103,82.65266852780186,75.00822024467348,274.9163513183594,277.1477355957031,279.4368591308594,278.8064880371094,274.30028749747106,278.1777296066284,281.5803003813091,279.5181211937131,2002-04-01
84.09774667234386,100.43277049649278,156.09160950564504,160.7450561756243,94.48989572529518,107.89432840903017,138.0679188362911,166.59696608169853,8.814417582671144,9.584330999480644,12.04330815515455,5.230472759421344,69.88572746178455,94.5414442023399,107.33672870782289,111.45618866315358,277.6228942871094,280.0055847167969,283.128662109375,281.9989013671875,279.9820200399574,282.34384115537006,284.72984615125154,283.20542487197037,2002-05-01
95.46100566089012,114.08388037602452,111.47067975908936,154.74102828155046,112.90088237344752,122.38908208863045,113.95505245811032,154.84176202671154,-8.711003960152327,2.6667403282499076,14.145563402031271,5.2817540912959995,89.89508013200718,125.30914999354128,134.22393792245597,138.797336627305,281.8793640136719,286.85443115234375,291.363037109375,289.658203125,288.64585371891343,290.6365045706431,293.246253164191,290.89461847740836,2002-06-01
73.59118429125753,48.043268838968224,53.79222546459831,63.39854928489038,66.34850301424807,56.51917536997664,61.024384473652006,64.24834542345984,1.1352538565199208,43.092618302228146,62.458428785239526,50.75466185503496,101.59089015757144,121.70360237224952,116.38192387142672,129.959676835467,286.6655578613281,293.67742919921875,296.2352600097656,295.1763916015625,293.26554682150305,295.0945951938629,296.7680001509817,294.5703016866849,2002-07-01
60.597631160962614,72.596611744404,50.87812596107353,63.47545618968291,58.4561671807705,66.68328015056083,63.14745253310315,64.17630148957119,21.22342210792333,67.884368848176,85.99654307459564,83.89168925174795,79.81877342432003,77.85938415548424,64.6369471327131,83.33291413229792,288.992919921875,293.38433837890625,295.779052734375,295.2972412109375,290.5666716678209,293.26071643829346,295.46029502467104,293.6566183736005,2002-08-01
110.145825648911,61.83374466567265,76.38942574124978,87.86221143868377,85.15734081207954,52.85290523595632,77.63488516425518,91.14666111661076,29.53142409016351,80.05556309985879,92.7396579875708,87.0670559439729,59.46409439095345,50.77054449214379,45.725305343236066,55.27686785734214,287.2822265625,291.62457275390625,293.6150817871094,293.1102294921875,287.14947145013696,290.44500430425006,292.24411111128956,290.75740784171995,2002-09-01
106.29066476883564,80.44319034693956,61.96187405602942,98.49185011740272,111.37752310872531,78.73308937566782,57.810512088577525,94.5906313669333,66.60849897471721,100.87796122839885,121.94059899903874,102.5685636553492,39.334791773017514,36.99402030139095,34.31039718703324,42.74193255171452,278.4601135253906,281.93218994140625,285.0018310546875,283.9272155761719,275.5309029993308,279.71089911460876,282.74313173796,281.0296604426827,2002-10-01
61.8189863692617,71.3613624993731,122.33215743415172,131.65878176944588,62.33311832309508,69.97116562772806,97.78528155331472,126.42630121024705,66.20491835673195,79.4427811753643,85.47192552712855,77.02915958827187,28.10791440135752,25.01023636084047,32.84536391927521,35.87172105824792,272.98297119140625,276.29364013671875,278.69830322265625,278.0731506347656,269.3292629044369,273.9983497460683,276.57783026444287,275.4410657507228,2002-11-01
59.569075284603464,64.60478370443279,95.96206439498457,81.20432031321722,63.07012076409416,64.39032541062856,97.30215946494224,97.47718726312536,78.67537350818492,74.73777217593907,57.98844571968503,78.19575324448019,32.903743070086,27.886038218559964,26.327475528621655,31.455246408851288,270.44091796875,272.5401916503906,272.846435546875,272.8146667480469,266.343656380338,269.58295305569965,270.9769997847708,269.4465175838921,2002-12-01
47.39087645682997,51.299221931441686,59.33963369319439,85.95252698720564,44.5009066340055,49.236186903549594,54.90307708374094,81.22766645066987,106.68833464281263,93.38270087049352,65.94818370993549,87.84264423018399,25.15323553292216,25.44946203731658,27.23569595637408,28.244540674094516,264.5852355957031,267.3310852050781,268.115478515625,267.009521484375,259.30130631040294,263.70469093322754,266.2025003935161,263.4419940137488,2003-01-01
57.86974762287857,53.547059554571256,76.3649323479295,96.02113568151384,46.2108944294928,52.42291049128403,78.400176998175,86.31435382204266,87.41378354551296,68.08240299799137,45.90633767122425,56.0530496232768,23.919261059738535,27.54400606692714,27.44039696594398,28.8334351035877,263.6395263671875,266.7126770019531,268.7379150390625,267.04437255859375,258.0974127172949,263.09637061754864,267.1085747166684,264.55836594949557,2003-02-01
91.4399162455564,90.2574083557208,98.90445181611376,87.68296741955372,83.93773980633019,92.34548654809278,92.70053129396548,97.47990993728364,47.47554929333591,27.241323797598916,8.60940602897461,20.58018219457539,37.27143680496592,38.24243119190152,45.4071151241267,44.49062481354371,268.5172424316406,271.0603332519531,272.6815185546875,271.9269714355469,265.8357666745129,270.4697045485179,274.3542315834447,271.82375209538014,2003-03-01
75.08590325895828,98.34091534264836,96.26221153207652,85.92251795567368,89.25589121825988,95.13991549408624,90.69926979315277,96.1331116039218,18.517968341886704,12.79966492526817,0.6838376793630835,9.294061494538385,56.10592635297469,65.11221850276549,71.92977266299656,66.59086749845996,272.61004638671875,275.3550720214844,277.30029296875,276.0545654296875,273.55013989452345,277.30840007464093,280.7329999020225,277.3881146288293,2003-04-01
123.51555806363464,115.81090497707244,141.0619915914974,152.6874218862069,94.3433690457877,120.62863831707432,147.67431074476343,160.64214055186977,-1.6519360852889955,-1.1347175069359208,2.539878466514298,-7.929628209550142,70.46785597751531,83.81808061065341,93.94417440291744,98.38123514061527,278.4293518066406,279.937744140625,283.7457580566406,281.65478515625,284.0661527474088,284.11684997876483,285.782874257941,284.3877332792507,2003-05-01
50.539472698296336,62.064424732746446,91.72364448302793,87.26879694932735,66.98132829873234,69.12087466950265,92.67573879668326,92.93814654427254,-1.205516899570725,4.16415678207272,14.820578451949435,-0.4072600285271558,80.38666928702617,111.02617676094026,120.93662771602126,123.3663661034927,280.47589111328125,284.5622253417969,289.3203430175781,287.4642028808594,288.3899797538362,289.4705540339152,290.88598452116315,289.8767916461614,2003-06-01
66.20137812184676,80.20632941225813,97.205753744816,92.32290909136188,71.8296810697931,81.73206525857871,80.8633262358339,101.4871146422862,-5.764757801105869,25.612300538454047,37.812239143343554,26.66412694357458,91.52754054807748,104.17016011641438,124.92120190383253,122.07495982935389,283.4417419433594,290.6697998046875,294.07952880859375,292.8555603027344,290.69107894593503,292.7792791525523,294.51285352204974,292.95838844119095,2003-07-01
39.71987228723866,37.233348907783565,54.24231285724547,72.11700264068564,48.707104546698645,50.297874446321096,76.30861075384912,102.4524241750912,15.708906528069244,53.8237478974413,65.58898488527007,60.52672619467821,80.69699918633754,75.26191659534186,95.63024345381382,103.78690141944926,288.9101867675781,293.1811828613281,295.47735595703125,295.0409240722656,291.5288704799941,293.40931328137714,294.6757210179379,293.48167239211676,2003-08-01
84.13595678868047,91.37324470491484,146.88436634216572,122.1835868507011,91.13154373499044,91.55712299099118,128.9516987344584,127.40686976031256,29.9576328302446,88.33354171695416,107.64595008335944,81.13916288040694,58.73116002806897,51.79992717147921,64.03200166250511,62.90723345885987,285.96246337890625,289.5892333984375,291.2975769042969,291.2750244140625,285.97394844450326,288.13654081026715,289.16999395270096,288.77141829363006,2003-09-01
70.79076656772818,71.15188419619143,67.8404972299332,113.8874326764545,72.92182965408509,74.93777928331663,66.80526000780884,106.60725259205024,37.26949930432575,72.08493919275489,101.05322588129052,81.68917666523721,38.319464930161175,40.19248198659113,44.878877235586664,48.246496132750245,279.5989990234375,282.63067626953125,284.50701904296875,283.3853759765625,278.2604224216416,281.01889689763385,282.6471848738821,280.88867043322466,2003-10-01
100.95100443164355,159.41517117956116,123.9986734076946,172.95343615433032,99.63641475120868,154.54592920151364,117.9980042001081,157.16871307908931,70.8559836334441,63.637953245321526,64.26100841602204,53.61491556549857,34.76868592220483,33.406492391924914,35.70529639565452,37.50252290034098,274.5212707519531,277.782470703125,280.9635925292969,279.2408142089844,271.26046923147254,275.9164498647054,279.5199165344238,277.51319825179934,2003-11-01
76.42655683468116,73.28732561099305,98.9081414200477,119.9333211280144,73.33180285986288,78.70100756702959,101.54541478172108,108.35561364431344,68.67845201967685,66.60538517441859,67.74033776320198,72.31463986179642,32.52954111008612,28.205861223234013,30.83718982016369,32.10144902956986,271.32275390625,273.5167541503906,274.747314453125,274.1498107910156,267.11631610763976,270.72055832544964,272.6592682286313,271.13868172713154,2003-12-01
73.07420495714976,89.88234417247573,105.83286941198487,104.38806138487566,61.96050008617156,74.73647163162828,96.08797227017337,98.53480156842996,112.29258829839448,103.42101915439044,75.90970121070454,100.42122111406186,20.666520942326112,26.09762135840632,29.185931441739925,28.306617235085415,262.1890869140625,265.97540283203125,267.61370849609375,265.6786804199219,255.4731799121872,261.68395376205444,265.89738885979904,262.26781649852364,2004-01-01
54.08956678985833,63.24926169924416,53.93827463236309,56.848301424093414,60.60114556520209,61.834739694593694,48.487233781823655,58.09040677636084,47.01866678679069,35.76223657934753,20.509278526988822,31.35193532294976,28.38124342832485,27.331850803111656,28.37542436898455,29.408860098792164,268.18402099609375,269.7030944824219,270.4869079589844,269.33697509765625,264.21054393266775,266.93483360608417,269.4582093891345,266.55147858867497,2004-02-01
98.86800087335423,114.49280688312064,125.11620967255742,98.30963879429596,109.35325165117683,124.83352636037026,132.48230732440197,106.70011002479706,24.565748455600737,14.347480151791077,-5.482103781430656,6.135170629069188,45.01365630279834,43.86404216596212,47.269297282777714,47.870796580140166,270.6540222167969,273.16278076171875,274.1687927246094,273.8879699707031,268.35649966053757,272.8646581172943,276.09704710307875,273.82331427626724,2004-03-01
87.8019995044285,79.08903739183592,93.26637739363814,111.42366425199728,85.82400851554789,80.47656516841724,80.7198430630931,113.95369784718108,7.863077874430079,6.754725218372977,-7.621174118696355,-0.4681326930166964,53.09356966942703,63.520462836348656,79.73231281803668,78.1493950074389,273.72296142578125,276.68499755859375,278.3444519042969,277.6272888183594,274.58848565698145,278.50811258951825,281.3413848876953,279.0372235155481,2004-04-01
132.22762277745937,203.71644769354543,162.74661971263714,211.31706050778823,125.48893614536192,189.0267940064916,186.91725753070077,197.6942760785642,1.7210048522059462,-1.87749876387337,-0.7375969177267573,-6.974570795938066,65.04331295707753,91.93945833009836,120.89338436327238,108.27341675589184,277.6750183105469,280.3930969238281,285.707763671875,282.6150207519531,280.52838195557615,284.1403540770213,288.358221556011,286.32969965897206,2004-05-01
43.43643477767474,83.25904859455126,114.78823468103135,76.61650844252605,73.35896150303934,96.06463041310158,128.4655244022523,95.52921303148416,-2.9878211638523857,7.591322870487525,37.85367291194864,14.821802226002932,82.3569386530249,124.58849391817104,140.33317868323044,129.28212854624982,280.9993896484375,285.2605285644531,290.6805419921875,288.1609802246094,286.057196506941,288.5217129389445,291.1873319525468,289.146526186485,2004-06-01
74.74151273561421,84.18486944414622,184.24718676523364,253.407248619962,75.78478389565923,93.48319316337792,152.29822325137943,215.29455905398015,-1.2897741340364302,25.059644076891004,51.67849960018414,20.498452251492793,89.46071371216837,124.18854129997136,132.46305149802552,124.226287499951,284.80206298828125,290.39483642578125,293.5904846191406,292.7076416015625,289.9248591571215,291.69475332895917,293.35698358636154,292.27933364027126,2004-07-01
87.6889669598317,76.23867737774732,85.43005936267735,124.5330282666262,94.14663690029184,79.32780580784342,101.07459423594668,132.96078611164515,20.537492265828146,57.07396520044707,60.92453117964869,58.46921769123014,72.7884935110411,87.39086248244826,101.38754263637388,106.72405232339868,286.4226379394531,290.6103820800781,293.1803894042969,292.9683532714844,287.41080015874,290.10251720746356,292.0084477474815,291.1916477473702,2004-08-01
78.73416997540863,26.009461289047437,51.20805627401744,115.34914213157784,80.53867656833583,28.657082146638444,49.57045149358786,96.9147481031883,4.402059071082343,60.09493033299748,78.0313508586651,61.72861029608239,62.02582556320076,59.267908792645144,71.31697817193042,81.57627021574271,286.40692138671875,290.9942321777344,292.6184387207031,291.68798828125,287.4457674672404,290.03945835431415,290.9593417519017,289.45869505874754,2004-09-01
161.87601569605886,103.76119911573628,74.98740805634301,91.21631563778308,160.25491623170322,100.24136066494415,75.88687320139667,83.46565630158915,39.42123643778616,85.15644087761216,100.15644047753386,86.34713177142731,45.05436403371922,38.01068933654164,36.998715344996825,45.35586507177194,280.7289123535156,284.2337646484375,286.2042236328125,285.2444763183594,279.50822053582544,282.4676921367645,284.36092095626026,282.4163580466443,2004-10-01
52.051300090896746,82.7899627213447,98.09494020131793,126.49608919583892,59.97283035224064,87.92303280739817,107.20730441593852,103.80067643756593,62.86830818834122,68.5769439299355,76.19163054973214,61.7242317954618,30.24639074124803,27.51832037095764,29.63410026490067,32.486616885540535,276.4997863769531,278.8125915527344,280.59814453125,279.4448547363281,273.7718418318912,276.54283714294434,278.848084700735,276.9592909925566,2004-11-01
115.81855884414064,126.70611614473783,147.20910778153257,181.0133769593541,101.70356681702523,119.93329709326476,123.4144542002634,156.02330990465464,100.25973580191273,95.94346248517208,77.4438637639364,85.22053593053406,30.10908268008686,31.156611926368424,29.47620619308096,31.105875690220618,267.9783630371094,271.4789733886719,273.6632385253906,272.5369567871094,262.1746554431687,267.7648748556773,271.24021068372224,269.458980049674,2004-12-01
80.02914799035773,110.9421303057932,132.2213026372592,106.32585667209514,68.42791524142922,99.96212569871668,156.5089224027177,122.42542054494636,92.03156856608312,71.97901364046034,42.08336560733826,74.96713611721275,23.868930346920937,25.30086616636271,26.1503951858616,24.32887051830703,264.5633544921875,267.6026611328125,269.76983642578125,268.5042724609375,258.1699255833113,264.3076591491699,268.6766048230623,265.4330300158403,2005-01-01
63.29205751916509,72.29516844692111,98.43263551434394,96.65984715204328,61.743790012288095,73.35753680408908,90.49859259095096,87.7405289144035,42.50331255992221,31.012519153913633,16.45471145905031,38.358342550227675,27.161923913980036,26.907273431900695,24.567553324614895,27.231603516496236,268.15582275390625,270.576171875,271.170654296875,271.14471435546875,263.9630962235044,268.64388704299927,271.2033012791684,268.3858906903605,2005-02-01
62.82660294629161,58.36882837017792,64.92024792595699,63.96441777756208,65.09264444990691,63.463359095061094,66.52343081260817,83.63583383665875,43.78992112350467,34.56567183961034,13.58182584795773,28.783690791774713,35.82689278420106,44.433777888688944,45.51195486278987,41.74667977593971,268.7779541015625,271.15679931640625,271.8484802246094,271.75628662109375,265.2769618547295,269.3776875336965,272.31349463211865,269.74319169652745,2005-03-01
41.89229386054439,74.73489147151747,135.73170002523838,153.4494236607944,53.172930775524904,78.08710096126205,124.4272484253146,145.20524546711528,7.824791536071544,11.957330568745926,8.403018675415229,5.701301956584503,55.96370292768698,67.35631361626228,86.30518561163305,69.23210986317453,275.8541259765625,277.9690856933594,279.2750244140625,278.8730163574219,277.86465235250404,279.98803838094074,281.5600108096474,279.6744471272146,2005-04-01
100.08810293502444,48.43707086658888,44.82897537654445,33.14810992021388,103.68204050857516,54.00239407743623,65.46876602754476,45.97560635492328,1.9146985331171889,8.026540248588727,16.100809645750736,5.172689307986894,64.61773923420706,91.6381171128478,111.32598488989062,101.98517909471464,278.868896484375,281.14556884765625,284.0083923339844,282.2991943359375,282.6418855826693,284.2755289077759,285.39236309653836,283.6562704251507,2005-05-01
92.21136261903784,49.58054208756209,54.43437860553418,77.3075392037368,102.92319665112582,61.97659704937989,65.86998905013182,87.25960750948056,-19.04966054674629,7.988167697575421,25.722429267635427,15.7174138560945,100.20667524239656,128.00239787858757,128.34019865408183,140.09143045598924,283.9086608886719,289.983642578125,293.7155456542969,292.7203063964844,290.5510225941935,293.5452039241791,295.11392733925265,293.5768081785187,2005-06-01
30.77734825725481,52.42707963048337,58.28246051292477,77.59702364598253,43.23900957265107,53.46527783387526,78.15535683683343,79.43251947574514,6.044944449303893,54.76653688083624,67.52199407720326,60.92500054343415,108.08106168649442,101.57902531872917,115.17306429401005,122.41600012472436,288.1420593261719,293.6508483886719,296.73089599609375,296.2790832519531,292.54045706821154,294.73031663894653,296.4480321783769,295.15722343865343,2005-07-01
54.27847914484733,56.93567556521496,90.00349880075203,119.18967558296734,52.32586244448215,56.24608876994785,79.07601746977505,101.09880825366376,37.536987007186,73.50193773947227,91.8985024092092,79.00493787151382,75.53925199490442,68.53118556745028,70.71251685320934,74.79235173639668,290.6903991699219,294.0249938964844,296.5166015625,296.0301818847656,291.0230468506832,293.68599677085876,295.7217112089458,294.2368469238281,2005-08-01
64.4488578682353,79.08719869658823,81.7293210519268,76.61936993461151,63.7784518222888,78.48868757812322,78.52761741862477,77.06561705623865,58.62157436089112,90.1520636442191,91.68265008618236,88.4218956567777,57.665448140040944,50.94795808170088,57.44409461939313,66.98767597072407,288.9626159667969,291.8393249511719,293.3777770996094,292.7511901855469,287.8421474016045,290.59747838974,291.85004164043227,290.3233998216043,2005-09-01
170.53018790297986,40.32583935661229,63.80527020673289,117.3361815165066,140.23614520014803,41.03603495451539,56.46919611563485,115.35447843179016,44.3283163429164,81.6629313984083,105.43988098642416,75.13996712625259,39.595410293678,33.197076745582606,34.796628975518615,43.19056434861307,282.3047790527344,284.9220275878906,286.383056640625,285.0208740234375,280.4234723702845,283.33402975400287,284.65301112124797,282.9117760845995,2005-10-01
129.18671194935754,133.540815791202,143.15344552227376,163.37060816060213,141.84058907880336,144.40456634229642,125.26209480944982,157.06371454372632,73.6127279879571,78.80379392685346,97.02728463238746,70.83639944056263,36.672816521880165,36.59958337623172,40.68350858541683,42.49101018132669,274.94024658203125,278.0054016113281,280.68170166015625,279.7852478027344,271.62124621630664,275.9847288926442,278.9173214561061,277.5940585399237,2005-11-01
70.28849554389258,85.85992231726836,85.86907700773843,104.89772959352406,66.26351699686134,79.60071883635091,86.92566799962857,90.62069571877504,85.74985331371313,81.50035868517223,59.87065130729557,88.67083923300093,28.13339361513127,28.326510393572978,24.85872207028275,30.19201738097276,269.3645935058594,270.7706604003906,271.5769958496094,272.1473388671875,264.7304338553987,267.8266593615214,269.524690527665,269.04948148952695,2005-12-01
67.44428891662525,109.59340339798352,104.32437804996708,129.13038012544797,71.1161045608045,108.3245927639559,113.78919187759912,117.54710775020332,53.052465448835115,40.48785901874458,1.5948736042982885,45.34690744373192,29.956687967527703,28.00278035466781,28.12299788385347,27.06262738245156,270.4983215332031,273.09893798828125,273.70208740234375,274.2107238769531,266.25801347831333,271.0585913658142,274.62346910175523,272.02730698472874,2006-01-01
50.567726990388,79.93030691151743,87.77541747299242,96.1287029583124,48.39038174738205,78.18716820280486,88.61858985856776,93.24861806280867,72.63178514108507,55.92832051315926,33.274401152143085,71.91540370676051,26.692328886346896,32.655784444347624,30.727274965143305,35.73699429206425,266.0423583984375,268.9543762207031,270.9761047363281,271.0047302246094,260.62079210015406,266.2966576417287,270.57887247989055,268.1678618183286,2006-02-01
76.04062180950838,72.46925730867927,71.43178551503202,66.61036283612646,84.40901484765507,80.48766777950397,80.32987040964825,68.55730973185041,33.98229885679721,27.03586139979768,5.702689571027782,38.90849086867415,41.63365125004119,41.88808374941005,40.69235367697265,44.91776231496109,270.430908203125,272.3545837402344,273.5112609863281,273.14532470703125,267.97677709571866,271.48184140523273,274.82300286543995,271.9801090270515,2006-03-01
43.21773809675094,90.1027947082232,70.33348598897656,84.67671775140981,55.458440160915366,80.72054662669684,79.92906844859455,86.33481742162317,10.175773862122652,9.862012873014844,7.007137415185278,6.1052493081869645,58.73822037230689,72.6409452483631,85.73107543743454,73.56938537595481,276.7708740234375,278.5032958984375,280.57342529296875,279.3028564453125,278.04650696530285,280.331583182017,282.7503919099507,279.74334957092765,2006-04-01
99.81601575986356,112.4966433941459,85.42513895498122,77.75557253279683,104.8219914910754,126.99416362708574,121.07993934678804,82.9251858233146,-5.700636306163752,-1.5583078565496842,14.681124893124435,4.013012801987083,74.6364858275529,100.3323460591675,112.74297034056843,109.5073319731122,280.0662841796875,282.3280029296875,285.9919128417969,284.5984802246094,284.1760259985449,286.13779099782306,287.5477893227025,286.39045775406004,2006-05-01
40.26057538071087,43.638299475027985,59.842114646039946,91.2286240565388,52.93491541177054,56.55135301807182,72.98752387863959,118.89450939186564,-0.4973630875059763,21.215000347552,36.10274518749339,18.98046210461594,92.58522164551282,123.14108232938716,120.98443445017362,120.11309057846272,284.12103271484375,288.7459411621094,292.0057067871094,290.69671630859375,289.8498290772457,291.0080424149831,292.1905945225766,291.02561001514823,2006-06-01
39.17071634219749,69.194476871748,182.40379177143183,89.92277313919664,52.58999060883658,63.97921776770022,170.21354749052676,133.4872325703167,12.569284272239388,40.37865939972761,50.05837586777549,42.712077750961896,96.38223899864715,105.00315457851804,128.57509148985793,127.98316623005694,290.45721435546875,294.0509338378906,295.99652099609375,295.4728698730469,294.0157842750093,295.5679870446523,296.22393738596065,295.1574260080893,2006-07-01
48.23676427832668,52.02086665524778,74.99724747172431,43.958471852568,46.7689865581465,62.460194020189014,64.02023208695107,72.56720344248922,43.07246107586318,81.72977388107086,97.57346871665708,99.0168141246852,69.39473259172763,64.86842858000594,81.57737895705613,80.2030984024455,290.71038818359375,293.3752746582031,295.61285400390625,294.75775146484375,291.30051899336246,292.89175875981647,294.5820157904374,292.80723463644193,2006-08-01
65.50959395983277,109.82153602703522,124.01176555778018,164.1217549175945,73.79812576720735,103.82498747300475,112.41339504016958,149.24815343642146,64.84210665116662,85.71215266405913,94.57015641766242,81.61782452978093,45.58453738364964,51.60937125245451,59.71560465041309,64.31070143380829,286.6676940917969,288.67718505859375,290.34552001953125,289.8404846191406,284.9767616545537,286.9337577025096,288.60844602082904,287.35025192621185,2006-09-01
73.83026412148133,118.89969350113849,157.5828817875174,209.33489723195407,79.39934695227932,111.30162065445806,147.00102019309514,174.39460985365454,78.46623237505658,89.43824314630156,108.40566835778856,87.94077544935453,39.82910498832222,44.87240444354521,51.78055858035914,56.59536014497686,279.7915344238281,281.8780517578125,284.06634521484375,283.5142822265625,277.19447332739355,279.9753577709198,282.10778929057875,280.955023097241,2006-10-01
48.86647778950578,90.06521098330403,96.14955228308156,119.64732677884984,51.22965332436577,88.27990606523873,85.3304753588782,104.57091571335968,47.43172314719306,45.25603140369094,40.847127832299435,36.9796842197036,19.218623235843417,22.642582981882743,25.821210323835,27.80852669502228,275.7822570800781,278.1973571777344,280.26409912109375,280.0662841796875,273.1535271268442,276.7106415430705,278.8375264217979,278.2795568751538,2006-11-01
81.49010699365736,100.8219227358657,106.6313908410811,123.11407528672784,70.79529643444367,99.37295453779392,116.14275859818918,114.336805238889,57.31357011721008,61.90981458003127,58.671136694764506,68.48532407656266,22.51239343341713,26.656167032991274,32.16187503406209,34.61977615815237,272.4927978515625,274.85235595703125,276.6912841796875,276.4866027832031,268.9353303339377,272.803733030955,275.3650673314145,274.2350627268393,2006-12-01
52.919275541164886,78.44546542400347,141.64447998290714,130.76734523836458,52.73675273775846,74.82891637945858,138.3728122633212,123.28826390073284,75.86652977814174,69.93689544727445,46.084789945815686,80.65682844819368,29.94014965344882,31.362489934610537,32.94139462559656,33.414339972254346,267.8063659667969,271.01055908203125,273.0328674316406,272.1609802246094,263.34723678528076,268.2830336888631,271.8046696311549,269.6467734509566,2007-01-01
57.27468858984971,56.43635998857309,68.01417252529222,71.55416082148561,50.902467868888365,58.39024802860763,70.53263450060977,79.42138525692337,99.60129302546974,80.30011012536153,69.27691940847768,89.43563028959136,26.462497541895804,30.44647512186198,28.263818632710773,32.323986127307116,263.4040832519531,266.0895690917969,267.3347473144531,266.9635009765625,257.73124451656264,262.76120432217914,265.41538358989516,263.98549694151393,2007-02-01
85.28430194722336,101.79176432082852,112.53461186809382,99.40735632425124,86.12251075021724,95.77881338301748,118.14648900174411,103.73231969379796,39.25332592340613,21.3846315423998,1.9152886501278448,30.331688271288037,47.41333319805325,48.82929948133452,58.31842689820833,50.9890230062179,270.7821960449219,273.1100769042969,273.8893737792969,272.9356689453125,268.6446646276223,272.85292927424115,276.1487061349969,271.98217677319144,2007-03-01
85.04396625255526,102.11075385792724,109.52291145121816,122.74551462143113,91.28468324236262,109.68552303249994,113.00129861805615,119.00347779550398,24.47060373263237,16.647881497104056,6.274375354327811,13.394225329688634,60.59841393841718,72.08156227887648,86.26392731902803,71.59738428425757,274.0264892578125,276.2410583496094,277.8839416503906,277.6510314941406,275.00932074922963,277.6729585329692,279.53409375642474,277.84996933824436,2007-04-01
102.51889018986508,69.1287548641535,41.53446616094359,35.39265414105458,95.69378240825895,66.83945414260397,53.66341720148891,48.66494928917781,-2.4466706905932467,3.583997957416378,12.74006147474907,2.5500119421062535,74.80322513121234,112.94814273143952,125.11883310323933,118.59351013409444,280.1273498535156,282.204833984375,285.7451171875,282.9736022949219,284.8270482523033,286.87582874298096,288.76112124794406,286.2818190206693,2007-05-01
70.4765058991507,54.98757635529455,41.85282614403382,73.53978949852302,65.08240558415753,60.47996242627948,46.47155749306713,58.61411622252169,-11.925179497187957,13.3232557242559,37.58793239943679,19.950584352113044,90.21219962879684,123.76111787055768,118.93786082741332,122.2623929278446,283.0317077636719,288.5981140136719,292.6921691894531,290.8077392578125,290.2839283734204,292.3676122029622,293.88096859580594,292.1847080020454,2007-06-01
50.015301850439435,40.77456703160364,28.659780278098506,77.51272242522379,81.92497183200575,49.3816926260173,46.24056335012468,79.65438188013984,-6.179119553989686,34.40927494671126,65.44590891962011,36.29410273606156,88.39849605555061,83.19354985737448,82.8849531519581,92.88726889698953,286.0950927734375,291.66058349609375,294.45623779296875,293.2141418457031,291.75215957459227,293.21157161394757,294.5448363454718,292.8262699157234,2007-07-01
24.87299668078059,98.2074986033958,174.2862193079482,29.949608408872887,45.327636201031765,85.73922934119477,144.97242496537228,44.789365473724125,20.418550736364537,56.24822604183713,64.51910290902784,69.05332640937895,62.01425051664774,68.45614905945585,83.88025379460672,65.57588137513888,289.22119140625,293.14453125,295.3716125488281,294.8248291015625,290.99115464411886,293.3956450621287,295.35471464458266,293.7220925158403,2007-08-01
146.30489879255,55.5703799422967,70.80476032056076,79.95257401032798,153.73686870005608,52.662192913480034,54.58282243049142,72.94392147087103,18.19793124728544,69.81426373715965,81.39020627840021,74.67474969249531,60.95376635455041,59.92043222381801,69.48407447103374,51.41708039223486,286.1909484863281,290.2491149902344,292.64788818359375,291.718017578125,286.26522681247667,289.51318351427716,291.11973571777344,289.8906144269808,2007-09-01
167.50647262051027,86.52050369932056,72.7345090470131,110.58953972001612,146.7449371400114,98.69984916980049,83.15797027996527,88.68323299845177,29.29140145781604,70.45438982669214,99.80690525743368,72.28485436457687,50.38305810754237,46.33603523478467,45.52222988129206,44.57556544058596,282.1582336425781,286.4219055175781,289.13140869140625,287.8475341796875,280.93718704284424,285.1676163673401,287.7078369542172,286.0541477954294,2007-10-01
71.92926207231996,68.19218853600717,108.86161782498266,112.96917797546848,64.04724997943708,65.65180265676224,113.24576413799612,115.33169710816526,79.15487411191513,96.29284082891787,101.89751288918995,98.09194205072772,36.02988537439537,30.75153455855523,31.5703687818609,34.85793463440254,274.51611328125,277.257568359375,279.2221984863281,278.2226257324219,271.1315182385692,274.6274461746216,276.98804333335477,275.17097028597135,2007-11-01
93.28904109959784,111.8885530802249,161.3373219562003,159.2341036736081,88.63592045474371,112.2343246133154,143.75986047310138,155.1827956007252,83.9392276350826,73.82036206081187,58.91067030937625,80.16810597331066,26.127993668495513,28.839052923801983,27.970245891343243,32.78724905801057,268.62738037109375,271.6683349609375,273.7458801269531,272.6628723144531,262.7770304280923,268.4141252040863,271.85022494667453,269.7099373885027,2007-12-01
84.14460129203144,117.97799963194556,103.06347052645204,104.98676694232842,73.38625338638684,124.0760192584882,110.49456515947313,98.23467901584893,80.91263653816706,66.66679901049645,39.75177670905826,60.839136269051394,27.38175581845226,29.06918647453086,30.41254262566562,33.13053124628033,267.3103942871094,270.2947998046875,272.136962890625,272.5948486328125,261.8817131376836,267.6180293560028,270.9320383573833,270.0716593584676,2008-01-01
49.10959643380104,105.93187013264338,154.9660268777122,140.56227790835217,48.237400949684805,95.49211108340114,152.71432265780624,145.1584671555921,72.73901231793391,53.21067999291079,32.98464537597319,46.94952097916247,26.049415190596836,28.376625441608745,28.04207181333436,32.31254584335922,265.5191955566406,268.13922119140625,270.04364013671875,269.7808532714844,260.0594567530659,265.22519596417743,269.01173641807156,267.62304110789864,2008-02-01
49.876048380728086,86.05531675513899,162.9306752104588,147.59106122496237,60.751295244335374,80.61105369754782,166.57187556771038,160.84795306923064,42.79761505756406,32.629738709064895,9.90915292572007,29.146262245961893,46.653050866022205,43.84562479894188,47.01723456691785,49.83506983172154,268.5535888671875,270.83953857421875,272.33392333984375,271.59661865234375,265.0353027586918,269.35134100914,272.775921269467,270.25056974155694,2008-03-01
99.71749831766466,92.14929726225638,58.7761954368658,63.08530547969048,114.47413222807276,107.45665353668004,69.86140036707829,68.42230872927136,8.661520440644829,1.7559296111774017,-6.457623940483294,1.291341807731084,66.82312124312676,77.41686892665541,93.08253590113624,84.3006757652818,274.9034423828125,277.54229736328125,279.9795837402344,279.7121887207031,275.05530697036073,279.80305854479474,282.662027258622,281.50721680648684,2008-04-01
91.95507871986374,92.7303753402872,113.11501543631547,87.01081885582384,106.22190668658575,97.3473919183977,126.83739944368838,87.56966166580446,3.7746573718685656,3.0023705188428775,12.438691782142865,0.2022055832781933,70.85360049328413,94.75297477695156,113.0924180578949,102.90177206850056,277.5957336425781,280.2754821777344,283.9096374511719,282.0294494628906,280.2973725216322,283.25640447934467,285.41498384977643,283.69150284894806,2008-05-01
113.88805760374072,117.2817421788856,114.35504663326306,109.40782237026106,123.77621275212545,136.01001835377366,140.0665677367576,119.32706019367603,-11.676022461111424,-3.599042524688293,18.10140447344035,2.1726268233492347,86.8347665349948,123.11471732926364,139.3700182261424,128.81748189849372,281.2138671875,286.4341735839844,291.96820068359375,289.8860778808594,287.1253877313014,290.2383538881938,293.3321304321289,291.6575305368018,2008-06-01
75.15720193264717,69.66379457083774,75.1628535645263,86.62518203566474,90.55841634552375,94.32239550109996,81.54679039748193,110.47265891537536,-9.294099245977408,25.63112604284769,51.5660255325659,38.28173564120494,92.72382478154437,123.05742421711,140.2838737454668,125.07206247045607,284.64532470703125,291.5728454589844,295.2039794921875,294.22332763671875,290.0904261372479,292.9137369791667,295.004474037572,293.5823840043676,2008-07-01
31.451608311725952,42.07278181460887,50.47311840321911,80.28881568259327,36.628473914921294,39.66973640475452,31.84926372650525,92.7897630754802,21.21363498746843,61.73391978574084,90.3295424553949,77.38340336939967,79.15031592366543,78.86908064892947,74.51372542396494,105.24324741570877,289.39117431640625,292.556884765625,294.2778625488281,293.70477294921875,290.7085151824343,292.1895703474681,293.7106367412366,291.4141559751015,2008-08-01
65.10228178137439,102.6561067934878,76.32158368140107,74.5419848915951,88.51619532590269,110.81868815408914,90.453697818169,86.80476496035891,36.98532847882531,65.56221442884217,71.56300347830916,64.20251158240995,52.665415379175485,59.76375345511477,55.98345299900532,60.75896628153924,286.83807373046875,289.7358703613281,292.22747802734375,291.17388916015625,285.83537967271536,288.29766233762103,290.83015642668073,288.9210020050289,2008-09-01
53.759674832029546,67.33035972651113,70.16718793068681,123.90504466235885,66.8984034513412,60.53673382677848,53.88081723194853,106.65694445092242,54.167382981965886,96.70239299705804,125.24783263472456,93.44573262632808,40.67312845570961,43.65844134627962,42.27258428721487,46.692990441314905,281.12164306640625,283.47088623046875,285.02392578125,284.0388488769531,279.2481487623724,281.2726074854533,282.92115221525495,281.06297602615956,2008-10-01
82.2344188201272,81.98207215784834,110.36905511917412,95.69312956656532,83.62338251739446,82.52376690840381,92.5706946002268,96.63976720882876,62.519207187011496,73.25845076266064,78.07811064726165,66.76509429875702,32.99014638433017,31.739885546650804,31.279214394751424,29.851355534273797,274.6169738769531,277.1730041503906,278.7705383300781,278.137939453125,271.8720830788175,275.0221463044484,276.85052590621143,275.62918475293736,2008-11-01
95.43579971258404,177.94175752339854,168.64491940350013,158.87115577389167,86.57750055314408,159.05357730673717,146.24196415189536,148.17658520602228,110.65273456723166,88.91079832536958,64.2252370617517,91.25006383194516,26.40573946212398,32.68009158225125,34.250672055220974,38.16952900467361,266.3043518066406,269.7896728515625,272.41302490234375,272.4266662597656,260.08879405473806,266.32306655248004,270.57459520038805,269.58424245278667,2008-12-01
56.24495707083177,62.67409226999471,91.75016130294804,86.28441760484749,50.636941942202725,56.5994585132762,82.23852213993321,85.28551810956314,86.85689906051988,77.0836379470368,55.16104136591911,80.62594453679803,22.377694012609677,27.025732749299134,26.918108404649367,30.81397137065435,264.56182861328125,266.9721374511719,268.3533020019531,268.19097900390625,259.48791771391,263.7449954350789,266.19722486797133,265.0835121935747,2009-01-01
57.08975709046677,98.0364600685871,90.69333904465208,77.26664225896772,61.059759792500024,97.6250413809453,89.72875234559663,78.08649165778344,50.144261870303815,37.60295341995511,16.91086901536249,35.52185425796198,28.944095039437965,30.432584109076057,30.976245248589137,30.614728003566015,267.57904052734375,270.1820983886719,271.70050048828125,271.291015625,263.96162323362796,268.370095094045,271.24961511712326,269.2555039773776,2009-02-01
80.95705940261001,98.4392545224314,138.38932751137375,96.77324249264848,82.97040360726213,93.33393195554852,139.18050542310672,107.9919723584662,32.83051137762708,24.33845552642405,8.524510050001865,22.514392586199268,48.013013777047,50.12244617060983,53.202387308873305,49.13271878584327,270.2908020019531,272.4561462402344,274.1514892578125,273.70904541015625,268.14931241829555,271.80283792813617,274.94510991949784,272.7521641047921,2009-03-01
95.07090503140594,120.46857489501144,138.0416557829698,125.26173705347188,96.77312039952396,129.3722480632391,147.53397450487788,114.1631110653312,9.148387048429589,9.848140551916751,3.967720251840792,5.852234930546527,72.11308835066285,85.6995180662885,99.67766845975086,94.96885413165931,274.78900146484375,276.73077392578125,279.7049255371094,278.3889465332031,274.8578380569519,277.68568364779156,280.93373168142216,279.04128115195925,2009-04-01
73.6896668050874,93.32781505117296,91.42140517613856,149.53625239996492,102.46720188488118,101.80456352834652,83.12125356007536,132.84241361928147,2.5733715226934466,3.644427742999974,12.67239241644046,-4.231449199999138,96.39252494500973,115.39037423318908,126.35647135165732,122.1048076276683,278.01959228515625,280.6389465332031,285.5889892578125,282.52935791015625,280.2619456257003,283.6674581368764,287.0860790453459,284.83809391532355,2009-05-01
75.98039957476789,109.0984251693898,71.5691916230637,84.59198281699624,78.56676847301691,103.78728217026055,87.59203113315712,115.49400817359228,-3.7479685136696146,10.459078763970956,25.304777428359532,6.692968631087726,80.19545712270588,116.32337030789822,124.7798665245426,117.16186608424331,280.833740234375,285.759521484375,290.76715087890625,288.3455810546875,286.34147868973326,289.01113828023273,291.52974680850383,289.32653688445805,2009-06-01
70.62381731495493,71.35477660523165,89.56079015907657,134.2785110385112,80.09262530644763,84.14848376913501,89.75530654199754,137.70169355552426,-5.024491184355815,28.889262494743924,54.14012996046738,31.579252274962617,81.58279035937986,112.8962318555226,124.18544355143602,130.44161160087077,283.7461853027344,289.60626220703125,293.0836181640625,291.92919921875,287.77450294038687,290.12577478090924,292.24349955508586,291.14518893985297,2009-07-01
115.14200327183258,88.74598877322069,87.68295699032275,97.9585205232782,112.21835658151656,97.4413744620678,78.35081461464883,109.07415052308076,2.4021137897638125,46.92665452397946,71.44134465513548,64.11546477631929,78.02125750420393,97.3330957390538,105.05077317367176,117.76015586002188,286.6655578613281,291.4609375,294.8579406738281,294.56793212890625,288.7041388887808,291.2893991470337,293.5624102542275,292.6765775905819,2009-08-01
29.348138785413397,54.89611299215182,63.12158374760606,76.15190635331301,43.03259744017677,49.73185771756056,47.45002606456015,67.71267069702165,24.29385140662368,59.92894457078024,88.94681236740317,94.2679359530506,54.833055037027094,60.10858715126419,62.655485466766955,64.39583442368304,287.4834289550781,289.9927978515625,291.7216491699219,290.92071533203125,287.7365750620565,288.4129415353139,289.8194092198422,287.91733364796073,2009-09-01
105.6565359178126,149.23971414607342,115.29294376940962,103.6340641100762,112.70444070110284,149.26725774576062,123.82248709162508,112.26690426173052,53.329832884353415,67.91246493462708,94.77393065939968,67.31184214521342,38.06868027004446,40.90940385487863,44.05299873182862,44.07125108159694,278.9682922363281,281.61328125,284.1298828125,283.0048828125,276.3089971656343,279.58668724695843,282.1545699270148,280.7393779604454,2009-10-01
60.859070734068126,50.87178046010063,48.7358664259021,58.27814966595375,73.38472815011455,52.8033012584767,45.214199671548975,55.856767014955565,30.90686112597768,37.69335009225968,52.43262160407293,44.391376600210855,35.67735511353212,28.73094491801686,27.186724010097628,28.882994064308416,277.7454833984375,279.7705078125,281.6065979003906,280.8043518066406,275.33680937869616,277.84710399309796,279.9298828526547,278.4577881820559,2009-11-01
84.9852690848526,100.14729383866712,122.2840837623492,132.33036298835364,71.32419503547608,93.70576664382403,106.6233349151678,116.71497811209343,95.30910631074435,90.7891987054588,83.21678376943845,94.30360192398506,29.36483493141741,33.55386480131813,31.261430513625974,34.46169624450471,268.571044921875,271.7548828125,273.38818359375,272.8856201171875,263.6516741870409,268.5947125752767,270.9029795998021,269.72893013541153,2009-12-01
50.41603534757174,48.655164080175666,66.78947247576113,92.99260515421793,48.47406379831794,50.1822947792278,62.71066487942595,77.40482545646216,86.87364347880477,76.38931345444759,48.083218628112775,74.26011446715043,28.030229212819087,29.10558936579948,27.631516413696993,26.821730751461484,267.290771484375,269.48199462890625,270.3543395996094,270.3377380371094,262.8742511642882,266.619042078654,268.70315752531354,267.5352576548659,2010-01-01
28.9013955761026,47.97967775849965,64.40722044129706,74.60904302942481,29.511388197748143,50.10527898555944,80.3163879443982,78.45260491425165,55.106867107397086,42.48562736766822,20.852807481104666,49.29974048308935,29.51252931817563,29.838348447606,26.51120004810784,29.103504600314896,267.8896789550781,270.0769958496094,270.77911376953125,271.0871276855469,263.6557703512123,267.6776495774587,269.45527869776674,268.4709609624908,2010-02-01
25.095854901697713,37.89814359347013,81.96010187185885,81.8636625358728,35.49190217798361,40.93843438142506,83.41687713922178,94.17300690431124,13.362507421263784,11.90535213457576,-1.2806261324331103,7.029213828230648,38.68736845380165,43.87517050540543,44.899450325401304,49.91982085806787,273.8203125,274.7807922363281,275.4363098144531,276.23028564453125,272.9501261312173,274.54920808474225,276.18299946032073,275.2428048201433,2010-03-01
59.148127871396326,70.29180296101184,96.15788454530689,58.31106711356091,54.90311708914542,76.17041739619664,94.30293385393188,78.37468458807409,5.4137926065771085,3.9871943286894376,1.4887659123494807,-1.0418093259238697,78.75363166056377,89.65904059421541,101.59090323108089,99.2754624358915,277.1256408691406,278.92327880859375,281.278076171875,280.19085693359375,278.10752582929996,280.4904833634694,283.47198466250774,281.10747401920827,2010-04-01
58.50676626083251,86.98285863432928,104.47030669002572,66.58669933138691,77.61726774069338,92.0035430351504,121.10980026766217,80.94936866354492,-0.9870980819850232,8.349826153150813,14.44503574617928,4.388816391225901,98.41012369552726,117.70277400801793,122.35422802789562,129.07220794711057,280.16302490234375,283.4476318359375,287.15325927734375,285.1386413574219,283.87891585513415,286.32928347587585,288.71483652215255,287.1019731656773,2010-05-01
131.974549511312,146.2464735851638,145.8136876801948,121.36917916806163,124.7313027297836,139.53181432398128,126.7271707594997,123.79624126655924,-4.379221010096353,15.862998085455354,31.80598232640093,20.67235472431402,83.096029346574,117.88221256588682,140.45670272543765,119.8390889418804,283.01422119140625,288.47967529296875,292.69366455078125,290.4776916503906,287.19613817678504,290.2546672821045,293.4033532393606,290.64285206231546,2010-06-01
120.24495195832992,91.13824843700696,88.1514924173009,75.13329097456433,113.6042833454628,98.67749672059256,77.79226935239896,100.56171527365348,1.0358728635996288,32.543501576678395,61.85355178019435,42.86150614499707,107.3103068108806,140.70628406257956,139.5562756861759,139.05552041555677,289.7843017578125,293.753662109375,296.8998718261719,295.3411560058594,292.46175855659396,294.4780906041463,296.35555287411336,294.85804904727485,2010-07-01
73.81249030144184,42.007324323461496,37.9591654815449,53.68146929823966,76.63681054370754,52.30468422054404,31.406162379665496,79.74674685303454,29.29458272991489,57.8024081397857,79.49630544977687,82.69043034271324,92.48996263753504,99.47859448919507,84.7309155193448,95.48210531476252,291.30877685546875,294.3892517089844,296.4137268066406,295.29901123046875,292.28889641628797,294.1966456572215,295.83352038734836,293.48749476154956,2010-08-01
136.26060652742356,100.27329165329664,63.740032107763035,122.96335675774137,159.36058039888522,107.35531472554588,53.694597935533295,111.1365374620143,47.14305551768073,84.37984487683764,111.41691520384954,95.44088739835377,58.8342813270193,62.27368734107358,46.77358817030614,60.38792594931215,284.5882568359375,288.41717529296875,291.3025817871094,290.7249755859375,283.01405437819034,287.07449253400165,290.252767663253,288.53521944781926,2010-09-01
78.48219930423568,63.60740825784892,90.02809572540734,89.32436733301765,81.81733392777832,66.53716344785813,64.18383783090192,93.60227078620738,58.94070884674944,83.88639268710895,108.96178847443592,102.9083979370169,50.798359661645456,44.56526420353363,40.37419768346639,47.9417057938422,281.626220703125,284.2540283203125,285.8896789550781,284.9420471191406,279.3079527592754,282.1235251426697,284.3506999768709,281.9172082135058,2010-10-01
97.29649395472356,76.97382564760426,101.10386738125128,119.30610671272278,100.07063772466104,77.42588351605912,116.47968814334286,101.31129668419489,68.18067275193603,75.61282845600653,72.09909862500527,77.52619849650024,42.35162282694245,33.20201515211179,28.154825244814013,33.90119883853407,275.754638671875,278.2361755371094,280.01214599609375,279.12506103515625,272.35916113378516,275.57031202316284,277.6767732720626,275.9413637176273,2010-11-01
52.68054177176582,72.81016066052909,73.8810387349511,138.69334813627975,57.97530192274003,69.79400611507175,64.28940845289299,106.14010707057297,93.954422701399,98.53181069581372,85.59493672803282,106.11496590362331,30.225240763972867,31.70922753314214,30.53263954266126,32.77142006260644,268.90899658203125,270.8121032714844,271.275390625,271.4137878417969,264.3904421376992,267.714816570282,269.07553160818,268.0926982248862,2010-12-01
