date	superior_sst	michigan-huron_sst	erie_sst	ontario_sst
1995-01-01	276.44	277.90999999999997	277.84999999999997	277.22999999999996
1995-01-02	276.42999999999995	277.84999999999997	277.78999999999996	277.2
1995-01-03	276.41999999999996	277.77	277.72999999999996	277.16999999999996
1995-01-04	276.41999999999996	277.69999999999993	277.65999999999997	277.14
1995-01-05	276.37	277.55499999999995	277.42999999999995	277.12
1995-01-06	276.34	277.42999999999995	277.23999999999995	277.09
1995-01-07	276.28999999999996	277.28	277.03999999999996	277.07
1995-01-08	276.25	277.14	276.88	277.04999999999995
1995-01-09	276.16999999999996	276.995	276.53	277.03
1995-01-10	276.09999999999997	276.76	275.84999999999997	277.02
1995-01-11	276.03999999999996	276.59499999999997	275.46	277.0
1995-01-12	275.96999999999997	276.42999999999995	275.17999999999995	276.94
1995-01-13	275.9	276.28499999999997	274.96	276.9
1995-01-14	275.82	276.155	274.82	276.84999999999997
1995-01-15	275.71999999999997	276.03	274.71999999999997	276.81
1995-01-16	275.64	275.93999999999994	274.66999999999996	276.76
1995-01-17	275.54999999999995	275.84	274.63	276.71999999999997
1995-01-18	275.47999999999996	275.75	274.59	276.67999999999995
1995-01-19	275.40999999999997	275.65999999999997	274.57	276.64
1995-01-20	275.34	275.58	274.56	276.59
1995-01-21	275.27	275.51	274.54999999999995	276.54999999999995
1995-01-22	275.21	275.44499999999994	274.54999999999995	276.51
1995-01-23	275.15	275.385	274.53999999999996	276.47999999999996
1995-01-24	275.09999999999997	275.34999999999997	274.53999999999996	276.44
1995-01-25	275.04999999999995	275.31999999999994	274.53	276.4
1995-01-26	274.97999999999996	275.25	274.52	276.34
1995-01-27	274.92999999999995	275.19999999999993	274.51	276.31
1995-01-28	274.87	275.15	274.51	276.28999999999996
1995-01-29	274.82	275.105	274.51	276.28
1995-01-30	274.78	275.06999999999994	274.51	276.26
1995-01-31	274.7	275.015	273.34999999999997	276.25
1995-02-01	274.66999999999996	274.97499999999997	273.34999999999997	276.25
1995-02-02	274.63	274.93999999999994	273.34999999999997	276.26
1995-02-03	274.57	274.90999999999997	273.34999999999997	276.27
1995-02-04	274.52	274.73499999999996	273.34999999999997	276.26
1995-02-05	274.46999999999997	274.65	273.34999999999997	276.25
1995-02-06	274.41999999999996	274.6	274.45	276.23999999999995
1995-02-07	274.34999999999997	274.495	273.34999999999997	275.46999999999997
1995-02-08	274.29999999999995	274.43999999999994	273.34999999999997	275.09
1995-02-09	274.25	274.395	273.34999999999997	274.65999999999997
1995-02-10	274.21	274.36	273.34999999999997	274.34999999999997
1995-02-11	274.14	274.28	273.34999999999997	274.12
1995-02-12	274.09	274.255	273.34999999999997	274.02
1995-02-13	274.03999999999996	274.23	273.34999999999997	273.96999999999997
1995-02-14	274.01	274.18499999999995	273.34999999999997	273.94
1995-02-15	273.96999999999997	274.16499999999996	273.34999999999997	273.92999999999995
1995-02-16	273.95	274.21500000000003	273.34999999999997	273.92999999999995
1995-02-17	273.92999999999995	274.27	273.34999999999997	275.19
1995-02-18	273.88	274.255	273.34999999999997	275.03999999999996
1995-02-19	273.84999999999997	274.255	273.34999999999997	275.01
1995-02-20	273.88	274.22999999999996	273.34999999999997	274.97999999999996
1995-02-21	273.89	274.21999999999997	273.34999999999997	274.91999999999996
1995-02-22	273.94	274.48999999999995	273.34999999999997	274.85999999999996
1995-02-23	273.97999999999996	274.58	273.34999999999997	274.94
1995-02-24	274.0	274.57499999999993	273.34999999999997	274.92999999999995
1995-02-25	273.9	274.41499999999996	273.34999999999997	274.89
1995-02-26	273.83	274.34	273.34999999999997	274.84
1995-02-27	273.77	274.28999999999996	273.31	274.81
1995-02-28	273.71	274.09999999999997	273.34999999999997	274.66999999999996
1995-03-01	273.67999999999995	274.05499999999995	273.34999999999997	274.59
1995-03-02	273.66999999999996	274.03499999999997	273.34999999999997	274.54999999999995
1995-03-03	273.69	274.09499999999997	273.34999999999997	274.65999999999997
1995-03-04	273.69	274.03499999999997	273.34999999999997	274.65
1995-03-05	273.69	274.005	273.34999999999997	274.62
1995-03-06	273.67999999999995	273.93499999999995	273.34999999999997	274.54999999999995
1995-03-07	273.67999999999995	273.89	273.34999999999997	274.51
1995-03-08	273.73999999999995	273.91999999999996	273.34999999999997	274.53
1995-03-09	273.65	273.77	273.34999999999997	274.53
1995-03-10	273.60999999999996	273.73	273.34999999999997	274.5
1995-03-11	273.53999999999996	273.68499999999995	273.34999999999997	274.44
1995-03-12	273.52	273.64	273.34999999999997	274.39
1995-03-13	273.62	273.72499999999997	273.34999999999997	274.34
1995-03-14	273.67999999999995	273.78499999999997	273.34999999999997	274.34
1995-03-15	273.73999999999995	273.81499999999994	273.34999999999997	274.4
1995-03-16	273.66999999999996	273.835	273.34999999999997	274.42999999999995
1995-03-17	273.66999999999996	273.875	273.34999999999997	274.5
1995-03-18	273.69	273.91999999999996	273.34999999999997	274.57
1995-03-19	273.71	273.97499999999997	273.34999999999997	274.65
1995-03-20	273.82	274.03499999999997	273.34999999999997	274.73999999999995
1995-03-21	273.85999999999996	274.11	273.34999999999997	274.83
1995-03-22	274.0	274.215	274.27	274.84999999999997
1995-03-23	274.02	274.335	274.45	274.94
1995-03-24	273.91999999999996	274.62	274.62	275.0
1995-03-25	273.9	274.52	274.58	275.21999999999997
1995-03-26	273.82	274.495	274.64	275.09
1995-03-27	273.87	274.44	274.66999999999996	274.96999999999997
1995-03-28	274.02	274.485	274.78	274.78
1995-03-29	273.76	274.44499999999994	274.82	274.9
1995-03-30	273.7	274.39	274.83	274.89
1995-03-31	273.7	274.365	274.82	274.85999999999996
1995-04-01	273.73999999999995	274.375	274.83	274.73999999999995
1995-04-02	273.77	274.42999999999995	274.89	274.84
1995-04-03	273.78999999999996	274.46	274.97999999999996	274.9
1995-04-04	273.78999999999996	274.465	275.06	274.97999999999996
1995-04-05	273.77	274.465	275.15999999999997	275.06
1995-04-06	273.76	274.605	275.32	275.10999999999996
1995-04-07	273.73999999999995	274.645	275.40999999999997	275.16999999999996
1995-04-08	273.72999999999996	274.615	275.4	275.17999999999995
1995-04-09	273.71	274.625	275.38	275.15
1995-04-10	273.77	274.67999999999995	275.31	275.13
1995-04-11	273.82	274.73499999999996	275.28999999999996	275.09999999999997
1995-04-12	273.87	274.78999999999996	275.46	275.06
1995-04-13	273.91999999999996	274.83	275.76	275.22999999999996
1995-04-14	273.96999999999997	274.695	275.83	275.37
1995-04-15	274.41999999999996	274.78999999999996	275.47999999999996	275.21999999999997
1995-04-16	274.02	275.09999999999997	275.98999999999995	275.15999999999997
1995-04-17	274.04999999999995	275.11	276.21999999999997	276.08
1995-04-18	274.13	275.13	276.45	276.13
1995-04-19	274.21999999999997	275.16999999999996	276.69	276.03
1995-04-20	274.22999999999996	275.17999999999995	276.88	275.91999999999996
1995-04-21	274.2	275.235	277.10999999999996	276.08
1995-04-22	274.16999999999996	275.27	277.39	276.23999999999995
1995-04-23	274.17999999999995	275.16999999999996	277.64	276.39
1995-04-24	274.22999999999996	275.30999999999995	277.87	276.29999999999995
1995-04-25	274.22999999999996	275.46999999999997	277.98999999999995	276.17999999999995
1995-04-26	274.25	275.59499999999997	278.15	276.44
1995-04-27	274.28	275.68999999999994	278.31	276.66999999999996
1995-04-28	274.44	275.78999999999996	278.48999999999995	276.84999999999997
1995-04-29	274.52	275.955	278.71	276.88
1995-04-30	274.56	276.015	278.98999999999995	277.09999999999997
1995-05-01	274.62	276.14	279.23999999999995	277.35999999999996
1995-05-02	274.69	276.29999999999995	279.53999999999996	277.46
1995-05-03	274.67999999999995	276.40999999999997	279.89	277.60999999999996
1995-05-04	274.64	276.7049999999999	280.34999999999997	277.21
1995-05-05	274.65999999999997	276.995	280.82	277.64
1995-05-06	274.84	276.9549999999999	280.65	277.91999999999996
1995-05-07	274.9	276.8349999999999	281.26	277.9
1995-05-08	275.0	276.78499999999997	281.01	277.37
1995-05-09	275.08	276.94499999999994	281.14	277.58
1995-05-10	275.15999999999997	277.16999999999996	281.34999999999997	277.91999999999996
1995-05-11	275.06	277.355	281.52	278.19
1995-05-12	275.15999999999997	277.28499999999997	281.69	278.52
1995-05-13	275.22999999999996	277.76	282.01	278.7
1995-05-14	275.25	277.81499999999994	282.16999999999996	278.85999999999996
1995-05-15	275.31	277.86	282.41999999999996	279.06
1995-05-16	275.46999999999997	277.905	282.84	279.32
1995-05-17	275.66999999999996	277.94999999999993	283.2	279.51
1995-05-18	275.87	278.11	283.5	279.65999999999997
1995-05-19	275.65	278.53499999999997	283.78	279.76
1995-05-20	275.62	278.65	283.59	279.95
1995-05-21	275.67999999999995	278.585	283.81	279.98999999999995
1995-05-22	275.7	278.56499999999994	284.07	279.65999999999997
1995-05-23	275.73999999999995	278.96	284.89	279.96999999999997
1995-05-24	275.77	279.04999999999995	284.97999999999996	280.21
1995-05-25	275.75	279.14	285.09999999999997	280.46999999999997
1995-05-26	275.62	279.105	285.14	280.78999999999996
1995-05-27	276.10999999999996	279.28499999999997	285.54999999999995	280.67999999999995
1995-05-28	276.14	279.405	285.58	281.19
1995-05-29	276.15	279.52	285.60999999999996	281.28
1995-05-30	276.21	279.59499999999997	285.71	281.31
1995-05-31	276.47999999999996	280.01	285.76	281.46999999999997
1995-06-01	276.85999999999996	280.9	286.56	282.2
1995-06-02	277.14	281.31499999999994	286.96	282.87
1995-06-03	276.64	281.67499999999995	287.33	283.54999999999995
1995-06-04	276.65999999999997	281.9549999999999	287.59	284.27
1995-06-05	277.26	282.635	288.7	284.48999999999995
1995-06-06	277.34999999999997	283.405	290.09	285.7
1995-06-07	277.34	283.30499999999995	290.79999999999995	287.09999999999997
1995-06-08	277.38	282.895	290.46	286.63
1995-06-09	277.2	282.68499999999995	290.07	285.56
1995-06-10	277.34999999999997	282.64	289.78999999999996	285.44
1995-06-11	277.45	282.62	289.57	285.69
1995-06-12	277.4	282.55999999999995	289.27	285.88
1995-06-13	277.53999999999996	283.03	289.41999999999996	286.33
1995-06-14	277.60999999999996	283.48	289.81	286.72999999999996
1995-06-15	278.14	284.96	289.9	287.28999999999996
1995-06-16	278.69	285.655	291.45	287.94
1995-06-17	279.44	286.16499999999996	292.63	288.84
1995-06-18	280.38	286.94	292.71	289.15999999999997
1995-06-19	280.67999999999995	288.235	293.48999999999995	289.90999999999997
1995-06-20	280.75	289.685	294.53999999999996	290.58
1995-06-21	280.54999999999995	289.215	293.66999999999996	290.59
1995-06-22	280.95	289.18499999999995	292.96	291.06
1995-06-23	281.72999999999996	291.30499999999995	293.52	291.57
1995-06-24	282.03	291.905	293.73999999999995	291.82
1995-06-25	281.96999999999997	292.145	293.96999999999997	291.9
1995-06-26	281.65	291.625	294.08	291.71999999999997
1995-06-27	281.42999999999995	291.29999999999995	294.08	291.63
1995-06-28	281.26	291.005	294.06	291.5
1995-06-29	281.13	290.695	293.97999999999996	291.46999999999997
1995-06-30	280.85999999999996	290.35999999999996	293.88	291.60999999999996
1995-07-01	280.65999999999997	289.84000000000003	293.84	291.62
1995-07-02	280.51	289.40999999999997	293.79999999999995	291.41999999999996
1995-07-03	280.53	289.17999999999995	293.73999999999995	290.77
1995-07-04	280.47999999999996	289.29999999999995	293.88	291.21
1995-07-05	280.39	289.33	294.06	291.96999999999997
1995-07-06	280.2	289.235	294.27	292.29999999999995
1995-07-07	280.08	289.05499999999995	294.32	292.64
1995-07-08	280.09	289.065	294.09999999999997	292.46999999999997
1995-07-09	280.21	289.40999999999997	293.88	292.28999999999996
1995-07-10	280.42999999999995	289.465	293.75	292.40999999999997
1995-07-11	280.79999999999995	289.76	294.19	293.51
1995-07-12	281.28999999999996	290.93499999999995	295.12	293.53999999999996
1995-07-13	281.58	292.16499999999996	296.0	294.66999999999996
1995-07-14	281.92999999999995	292.88	296.40999999999997	295.12
1995-07-15	281.98999999999995	292.615	297.15	295.03999999999996
1995-07-16	282.75	292.485	296.98999999999995	294.84999999999997
1995-07-17	283.13	292.11	296.78999999999996	294.65999999999997
1995-07-18	283.27	291.78499999999997	296.09	294.5
1995-07-19	283.52	291.74	295.97999999999996	294.0
1995-07-20	283.82	291.96500000000003	296.42999999999995	294.09
1995-07-21	284.13	291.895	296.66999999999996	294.06
1995-07-22	284.91999999999996	292.92499999999995	296.44	294.09
1995-07-23	285.64	293.48	296.63	294.87
1995-07-24	286.26	293.97	296.76	295.12
1995-07-25	286.63	294.005	296.96999999999997	295.46
1995-07-26	287.14	294.275	297.38	295.94
1995-07-27	287.46	294.35	297.91999999999996	296.25
1995-07-28	287.28999999999996	294.40999999999997	297.78	296.12
1995-07-29	285.94	294.07499999999993	297.59	296.25
1995-07-30	286.82	294.53499999999997	297.81	295.78999999999996
1995-07-31	286.88	295.07	298.12	296.32
1995-08-01	286.87	295.01	298.53	296.72999999999996
1995-08-02	287.21999999999997	294.905	298.59	296.63
1995-08-03	287.98999999999995	294.905	298.52	296.41999999999996
1995-08-04	288.56	294.905	298.47999999999996	296.25
1995-08-05	288.85999999999996	294.875	298.34	296.06
1995-08-06	289.22999999999996	294.9	298.21	295.85999999999996
1995-08-07	289.56	295.15999999999997	298.21999999999997	295.72999999999996
1995-08-08	290.03999999999996	295.47499999999997	298.31	295.84999999999997
1995-08-09	290.15	295.58	298.4	296.03
1995-08-10	290.15999999999997	295.59	298.44	296.26
1995-08-11	290.10999999999996	295.895	298.38	296.41999999999996
1995-08-12	290.27	296.085	298.35999999999996	296.10999999999996
1995-08-13	290.78	296.265	298.5	296.39
1995-08-14	290.40999999999997	296.3299999999999	298.97999999999996	296.65999999999997
1995-08-15	290.06	296.38	299.32	297.40999999999997
1995-08-16	290.31	296.32	299.59999999999997	298.16999999999996
1995-08-17	290.63	296.22999999999996	299.45	298.02
1995-08-18	290.72999999999996	296.2049999999999	299.40999999999997	297.83
1995-08-19	290.47999999999996	296.39	299.34999999999997	297.09999999999997
1995-08-20	290.22999999999996	296.395	299.45	297.56
1995-08-21	289.78999999999996	296.135	299.17999999999995	297.59999999999997
1995-08-22	289.85999999999996	295.63	298.69	296.59
1995-08-23	290.01	295.47499999999997	298.71999999999997	296.52
1995-08-24	289.9	295.005	298.54999999999995	295.89
1995-08-25	289.78	294.66999999999996	298.39	295.40999999999997
1995-08-26	289.65999999999997	294.53999999999996	298.28	295.54999999999995
1995-08-27	289.52	294.47	298.15999999999997	295.21
1995-08-28	289.78	294.28999999999996	297.75	295.02
1995-08-29	289.84	294.405	297.63	295.03999999999996
1995-08-30	289.94	294.46999999999997	297.53999999999996	294.72999999999996
1995-08-31	289.51	294.135	297.76	294.46
1995-09-01	289.77	293.94999999999993	297.54999999999995	294.07
1995-09-02	289.87	293.64	297.14	293.72999999999996
1995-09-03	289.73999999999995	293.78499999999997	296.94	293.60999999999996
1995-09-04	289.72999999999996	293.96	296.67999999999995	294.03999999999996
1995-09-05	289.34	294.22999999999996	296.83	293.83
1995-09-06	288.57	293.88	297.12	293.71999999999997
1995-09-07	287.44	293.0799999999999	296.96	293.65999999999997
1995-09-08	286.78	292.37	296.26	293.09
1995-09-09	286.63	292.04499999999996	295.64	292.66999999999996
1995-09-10	286.53999999999996	292.115	295.21	292.15
1995-09-11	286.63	291.44999999999993	295.16999999999996	291.94
1995-09-12	286.95	291.57499999999993	294.40999999999997	291.48999999999995
1995-09-13	287.03	291.505	294.35999999999996	291.59999999999997
1995-09-14	286.78999999999996	291.45	294.40999999999997	291.67999999999995
1995-09-15	286.53999999999996	291.36	294.56	291.90999999999997
1995-09-16	286.38	291.015	294.17999999999995	291.46999999999997
1995-09-17	286.21	290.585	293.77	291.15999999999997
1995-09-18	286.46999999999997	290.34	293.54999999999995	291.01
1995-09-19	286.29999999999995	290.14	293.47999999999996	291.19
1995-09-20	285.94	289.84999999999997	293.32	291.0
1995-09-21	285.69	289.55499999999995	292.95	290.87
1995-09-22	285.44	289.255	292.45	290.33
1995-09-23	285.37	288.98499999999996	292.02	289.82
1995-09-24	285.21	288.755	291.65	289.54999999999995
1995-09-25	285.06	288.57499999999993	291.47999999999996	289.41999999999996
1995-09-26	285.01	288.41999999999996	291.32	289.46
1995-09-27	285.32	288.5	291.42999999999995	289.51
1995-09-28	285.12	288.575	291.09999999999997	289.37
1995-09-29	285.03	288.525	291.33	289.46999999999997
1995-09-30	284.89	288.485	291.48999999999995	289.7
1995-10-01	284.7	288.34	291.19	289.5
1995-10-02	284.59999999999997	288.29499999999996	291.28999999999996	289.58
1995-10-03	284.45	288.115	291.15999999999997	288.92999999999995
1995-10-04	284.28999999999996	287.955	290.85999999999996	288.76
1995-10-05	284.15	287.85499999999996	290.59	288.59999999999997
1995-10-06	284.01	287.65999999999997	290.31	288.42999999999995
1995-10-07	283.87	287.465	290.14	288.28999999999996
1995-10-08	283.69	287.29499999999996	290.10999999999996	288.15
1995-10-09	283.59999999999997	287.09	290.19	287.90999999999997
1995-10-10	283.64	287.015	289.76	287.77
1995-10-11	283.72999999999996	287.25	289.87	287.95
1995-10-12	283.82	287.55999999999995	290.17999999999995	288.26
1995-10-13	283.45	287.21500000000003	290.39	288.4
1995-10-14	283.09	286.74	290.03999999999996	288.10999999999996
1995-10-15	282.78999999999996	286.28999999999996	289.41999999999996	287.38
1995-10-16	282.60999999999996	285.90999999999997	288.84999999999997	286.56
1995-10-17	282.25	285.525	288.71	286.13
1995-10-18	282.04999999999995	285.34	288.58	285.96999999999997
1995-10-19	281.90999999999997	285.115	288.07	285.78999999999996
1995-10-20	281.75	284.90999999999997	287.84	285.67999999999995
1995-10-21	281.52	284.66999999999996	287.69	285.57
1995-10-22	281.27	284.41999999999996	287.47999999999996	285.44
1995-10-23	281.06	284.19499999999994	287.45	285.54999999999995
1995-10-24	280.85999999999996	283.97	287.17999999999995	285.09
1995-10-25	280.71	283.84	286.85999999999996	284.79999999999995
1995-10-26	280.65	283.72999999999996	286.94	284.67999999999995
1995-10-27	280.62	283.60999999999996	286.81	284.46
1995-10-28	280.59	283.46	286.51	284.21
1995-10-29	280.52	283.34	286.28	283.94
1995-10-30	280.4	283.215	286.04999999999995	283.71
1995-10-31	280.29999999999995	283.02	285.82	283.53
1995-11-01	280.2	282.83	285.58	283.34
1995-11-02	280.09999999999997	282.63	285.34	283.13
1995-11-03	279.9	282.405	285.09999999999997	282.89
1995-11-04	279.78999999999996	282.28	284.82	282.7
1995-11-05	279.72999999999996	282.195	284.53	282.53
1995-11-06	279.69	282.115	284.29999999999995	282.17999999999995
1995-11-07	279.65	281.995	284.25	282.01
1995-11-08	279.56	281.81499999999994	284.2	281.82
1995-11-09	279.46	281.635	284.03	281.65999999999997
1995-11-10	279.31	281.43999999999994	283.77	281.53
1995-11-11	279.15	281.19999999999993	283.47999999999996	281.42999999999995
1995-11-12	278.95	280.995	283.17999999999995	281.33
1995-11-13	278.81	280.78999999999996	282.88	281.22999999999996
1995-11-14	278.67999999999995	280.62	282.54999999999995	281.07
1995-11-15	278.58	280.45	282.21999999999997	280.94
1995-11-16	278.53999999999996	280.29499999999996	281.89	280.83
1995-11-17	278.47999999999996	280.135	281.57	280.71999999999997
1995-11-18	278.44	279.96	281.25	280.60999999999996
1995-11-19	278.40999999999997	279.75	280.97999999999996	280.5
1995-11-20	278.38	279.64	280.76	280.39
1995-11-21	278.34	279.5	280.52	280.27
1995-11-22	278.25	279.34999999999997	280.26	279.95
1995-11-23	278.14	279.17499999999995	279.96999999999997	279.82
1995-11-24	278.01	278.995	279.75	279.75
1995-11-25	277.84	278.84999999999997	279.59999999999997	279.7
1995-11-26	277.71	278.74	279.47999999999996	279.60999999999996
1995-11-27	277.59	278.65	279.37	279.52
1995-11-28	277.48999999999995	278.55999999999995	279.26	279.33
1995-11-29	277.39	278.47499999999997	279.0	279.15999999999997
1995-11-30	277.31	278.39	278.78999999999996	279.35999999999996
1995-12-01	277.22999999999996	278.325	278.67999999999995	279.34999999999997
1995-12-02	277.19	278.245	278.69	279.29999999999995
1995-12-03	277.12	278.09999999999997	278.77	279.29999999999995
1995-12-04	277.03	277.955	278.71999999999997	279.14
1995-12-05	276.92999999999995	277.825	278.52	278.84999999999997
1995-12-06	276.79999999999995	277.64	278.23999999999995	278.63
1995-12-07	276.65	277.47499999999997	277.91999999999996	278.40999999999997
1995-12-08	276.51	277.31999999999994	277.53	278.22999999999996
1995-12-09	276.35999999999996	277.06999999999994	276.90999999999997	278.07
1995-12-10	276.21	276.87	276.48999999999995	277.85999999999996
1995-12-11	276.07	276.71	276.15	277.58
1995-12-12	275.89	276.515	275.85999999999996	277.38
1995-12-13	275.75	276.395	275.59	277.23999999999995
1995-12-14	275.60999999999996	276.245	275.34	277.16999999999996
1995-12-15	275.47999999999996	276.105	275.15999999999997	277.07
1995-12-16	275.37	275.97499999999997	274.88	276.96999999999997
1995-12-17	275.27	275.885	274.71999999999997	276.84999999999997
1995-12-18	275.2	275.78999999999996	274.65	276.73999999999995
1995-12-19	275.12	275.695	274.59	276.60999999999996
1995-12-20	275.06	275.65	274.54999999999995	276.5
1995-12-21	275.01	275.60499999999996	274.51	276.39
1995-12-22	275.23999999999995	275.575	274.47999999999996	276.29999999999995
1995-12-23	275.32	275.53999999999996	274.45	276.17999999999995
1995-12-24	275.32	275.5	274.40999999999997	276.08
1995-12-25	275.27	275.41499999999996	274.38	275.9
1995-12-26	275.22999999999996	275.34	274.34999999999997	275.78999999999996
1995-12-27	275.22999999999996	275.28499999999997	274.25	275.82
1995-12-28	275.26	275.27	274.17999999999995	275.83
1995-12-29	275.23999999999995	275.255	274.14	275.82
1995-12-30	275.15999999999997	275.21999999999997	274.12	275.78999999999996
1995-12-31	275.08	275.16499999999996	274.09999999999997	275.72999999999996
1996-01-01	274.91999999999996	275.08	274.09	275.65999999999997
1996-01-01	274.91999999999996	275.62	274.09	275.65999999999997
1996-01-01	274.91999999999996	274.53999999999996	274.09	275.65999999999997
1996-01-02	274.81	274.865	274.03999999999996	275.59
1996-01-03	274.71999999999997	274.745	274.01	275.52
1996-01-04	274.66999999999996	274.65999999999997	273.64	275.39
1996-01-05	274.64	274.615	273.52	275.28
1996-01-06	274.53	274.40999999999997	273.37	274.87
1996-01-07	274.52	274.405	273.37	274.78999999999996
1996-01-08	274.45	274.365	273.37	274.66999999999996
1996-01-09	274.40999999999997	274.335	273.37	274.65
1996-01-10	274.38	274.31	273.37	274.64
1996-01-11	274.37	274.28499999999997	273.37	274.59999999999997
1996-01-12	274.34999999999997	274.245	273.35999999999996	274.53999999999996
1996-01-13	274.33	274.215	273.34999999999997	274.46
1996-01-14	274.29999999999995	274.18499999999995	273.34999999999997	274.33
1996-01-15	274.28	274.255	273.34999999999997	274.33
1996-01-16	274.27	274.27	273.34999999999997	274.53999999999996
1996-01-17	274.26	274.28	273.34999999999997	274.66999999999996
1996-01-18	274.23999999999995	274.27	273.34999999999997	274.95
1996-01-19	274.22999999999996	274.23	273.34999999999997	275.09999999999997
1996-01-20	274.16999999999996	274.15	273.34999999999997	275.10999999999996
1996-01-21	274.10999999999996	274.12	273.34999999999997	275.08
1996-01-22	274.07	274.1	273.34999999999997	275.06
1996-01-23	274.03	274.1	273.34999999999997	275.03999999999996
1996-01-24	274.0	274.10499999999996	273.34999999999997	275.01
1996-01-25	273.96999999999997	274.10999999999996	273.34999999999997	275.01
1996-01-26	273.94	274.09499999999997	273.34999999999997	275.01
1996-01-27	273.92999999999995	274.09	273.34999999999997	275.07
1996-01-28	273.91999999999996	274.05999999999995	273.34999999999997	275.15
1996-01-29	273.9	274.02	273.34999999999997	275.22999999999996
1996-01-30	273.89	273.97999999999996	273.34999999999997	275.21999999999997
1996-01-31	273.85999999999996	273.93999999999994	273.34999999999997	275.22999999999996
1996-02-01	273.84	273.875	273.34999999999997	275.16999999999996
1996-02-02	273.82	273.84	273.34999999999997	275.12
1996-02-03	273.46	273.54999999999995	273.34999999999997	274.72999999999996
1996-02-04	273.40999999999997	273.505	273.34999999999997	274.53
1996-02-05	273.40999999999997	273.495	273.34999999999997	274.40999999999997
1996-02-06	273.39	273.395	273.34999999999997	274.28999999999996
1996-02-07	273.39	273.39	273.34999999999997	274.2
1996-02-08	273.37	273.39	273.34999999999997	274.15
1996-02-09	273.37	273.39	273.34999999999997	274.09999999999997
1996-02-10	273.34999999999997	273.34999999999997	273.34999999999997	274.09
1996-02-11	273.34999999999997	273.34999999999997	273.34999999999997	274.08
1996-02-12	273.34999999999997	273.34999999999997	273.34999999999997	274.07
1996-02-13	273.34999999999997	273.34999999999997	273.34999999999997	274.07
1996-02-14	273.34999999999997	273.485	273.34999999999997	274.07
1996-02-15	273.35999999999996	273.47999999999996	273.34999999999997	273.84
1996-02-16	273.34999999999997	273.47999999999996	273.34999999999997	273.72999999999996
1996-02-17	273.34999999999997	273.47499999999997	273.34999999999997	273.71
1996-02-18	273.34999999999997	273.49	273.34999999999997	273.67999999999995
1996-02-19	273.34999999999997	273.49	273.34999999999997	273.65999999999997
1996-02-20	273.34999999999997	273.51	273.34999999999997	273.7
1996-02-21	273.34999999999997	273.5	273.34999999999997	273.72999999999996
1996-02-22	273.34999999999997	273.495	273.34999999999997	273.78
1996-02-23	273.37	273.485	273.34999999999997	274.07
1996-02-24	273.37	273.46999999999997	273.34999999999997	274.37
1996-02-25	273.35999999999996	273.47999999999996	273.34999999999997	274.33
1996-02-26	273.35999999999996	273.49	273.34999999999997	274.26
1996-02-27	273.34999999999997	273.485	273.34999999999997	274.2
1996-02-28	273.34999999999997	273.485	273.34999999999997	274.15999999999997
1996-02-29	273.34999999999997	273.485	273.34999999999997	274.07
1996-03-01	273.34999999999997	273.47499999999997	273.34999999999997	274.02
1996-03-02	273.34999999999997	273.46999999999997	273.34999999999997	274.02
1996-03-03	273.34999999999997	273.46	273.34999999999997	273.98999999999995
1996-03-04	273.34999999999997	273.455	273.34999999999997	273.95
1996-03-05	273.34999999999997	273.44999999999993	273.34999999999997	273.90999999999997
1996-03-06	273.34999999999997	273.455	273.34999999999997	273.89
1996-03-07	273.34999999999997	273.43499999999995	273.34999999999997	273.84
1996-03-08	273.34999999999997	273.42999999999995	273.34999999999997	273.79999999999995
1996-03-09	273.34999999999997	273.40999999999997	273.34999999999997	273.69
1996-03-10	273.34999999999997	273.405	273.34999999999997	273.66999999999996
1996-03-11	273.34999999999997	273.40999999999997	273.34999999999997	273.78999999999996
1996-03-12	273.34999999999997	273.39	273.34999999999997	273.82
1996-03-13	273.34999999999997	273.38	273.34999999999997	273.83
1996-03-14	273.34999999999997	273.38	273.34999999999997	273.78999999999996
1996-03-15	273.34999999999997	273.395	273.34999999999997	273.78
1996-03-16	273.34999999999997	273.405	273.34999999999997	273.77
1996-03-17	273.34999999999997	273.39	273.34999999999997	273.71999999999997
1996-03-18	273.34999999999997	273.405	273.34999999999997	273.7
1996-03-19	273.34999999999997	273.40999999999997	273.34999999999997	273.65999999999997
1996-03-20	273.34999999999997	273.44999999999993	273.34999999999997	273.67999999999995
1996-03-21	273.34999999999997	273.455	273.34999999999997	273.71
1996-03-22	273.34999999999997	273.485	273.34999999999997	273.81
1996-03-23	273.34999999999997	273.515	273.34999999999997	273.83
1996-03-24	273.34999999999997	273.5	273.34999999999997	273.89
1996-03-25	273.37	273.51	273.34999999999997	273.96999999999997
1996-03-26	273.34999999999997	273.515	273.34999999999997	274.02
1996-03-27	273.34999999999997	273.53	273.34999999999997	274.12
1996-03-28	273.34999999999997	273.54999999999995	273.34999999999997	273.84999999999997
1996-03-29	273.34999999999997	273.585	273.34999999999997	273.94
1996-03-30	273.34999999999997	273.59999999999997	273.34999999999997	274.08
1996-03-31	273.34999999999997	273.55999999999995	273.34999999999997	274.08
1996-04-01	273.34999999999997	273.525	273.34999999999997	273.91999999999996
1996-04-02	273.34999999999997	273.525	273.34999999999997	274.01
1996-04-03	273.34999999999997	273.53999999999996	273.34999999999997	274.03999999999996
1996-04-04	273.34999999999997	273.54999999999995	273.34999999999997	274.01
1996-04-05	273.34999999999997	273.64	273.34999999999997	273.98999999999995
1996-04-06	273.34999999999997	273.645	273.34999999999997	274.01
1996-04-07	273.34999999999997	273.69	273.34999999999997	274.07
1996-04-08	273.34999999999997	273.72999999999996	273.34999999999997	274.21999999999997
1996-04-09	273.34999999999997	273.715	273.34999999999997	274.28999999999996
1996-04-10	273.34999999999997	273.695	273.34999999999997	274.57
1996-04-11	273.34999999999997	273.645	273.34999999999997	274.60999999999996
1996-04-12	273.34999999999997	273.68999999999994	273.71	274.62
1996-04-13	273.34999999999997	273.68999999999994	273.69	274.60999999999996
1996-04-14	273.34999999999997	273.69999999999993	273.69	274.59999999999997
1996-04-15	273.34999999999997	273.68999999999994	273.71	274.59999999999997
1996-04-16	273.34999999999997	273.68999999999994	273.71	274.59999999999997
1996-04-17	273.40999999999997	273.67999999999995	274.44	274.60999999999996
1996-04-18	273.4	273.67999999999995	274.46999999999997	274.57
1996-04-19	273.40999999999997	273.73499999999996	275.15999999999997	274.96999999999997
1996-04-20	273.4	273.76	275.53999999999996	275.03
1996-04-21	273.4	273.78999999999996	275.90999999999997	275.06
1996-04-22	273.4	273.88	276.40999999999997	275.03
1996-04-23	273.39	273.92499999999995	276.47999999999996	275.0
1996-04-24	273.41999999999996	274.04499999999996	276.81	274.96999999999997
1996-04-25	273.46	274.09999999999997	276.88	274.88
1996-04-26	273.54999999999995	274.23	277.02	274.78999999999996
1996-04-27	273.59999999999997	274.31499999999994	277.0	274.71999999999997
1996-04-28	273.54999999999995	274.335	277.12	274.59999999999997
1996-04-29	273.59	274.43499999999995	277.26	274.71
1996-04-30	273.59999999999997	274.37	277.40999999999997	274.7
1996-05-01	273.63	274.37	277.54999999999995	274.66999999999996
1996-05-02	273.63	274.385	277.64	274.75
1996-05-03	273.65999999999997	274.59	277.9	274.9
1996-05-04	273.65	274.645	278.27	275.08
1996-05-05	273.75	274.705	278.59	275.26
1996-05-06	273.89	274.87	278.9	275.51
1996-05-07	273.84	275.01	279.07	275.46999999999997
1996-05-08	273.82	275.10499999999996	279.21999999999997	275.81
1996-05-09	273.79999999999995	275.19499999999994	279.64	275.90999999999997
1996-05-10	273.83	275.28999999999996	279.95	275.96
1996-05-11	273.78999999999996	275.28999999999996	280.12	276.02
1996-05-12	273.87	275.29999999999995	280.33	276.09999999999997
1996-05-13	274.0	275.41499999999996	280.5	276.15999999999997
1996-05-14	274.15999999999997	275.55499999999995	280.78999999999996	276.26
1996-05-15	274.07	275.905	281.29999999999995	276.37
1996-05-16	274.08	276.235	281.90999999999997	276.83
1996-05-17	274.19	276.655	282.91999999999996	277.4
1996-05-18	274.23999999999995	276.835	283.4	277.66999999999996
1996-05-19	274.26	276.91499999999996	283.25	277.66999999999996
1996-05-20	274.44	276.93499999999995	283.34999999999997	277.64
1996-05-21	274.45	276.81999999999994	283.53	277.65999999999997
1996-05-22	274.52	276.91499999999996	283.71999999999997	277.72999999999996
1996-05-23	274.59999999999997	277.04499999999996	283.78	277.81
1996-05-24	274.77	277.015	283.67999999999995	277.71999999999997
1996-05-25	274.78	277.21500000000003	283.83	277.76
1996-05-26	274.75	277.30499999999995	284.07	278.37
1996-05-27	274.53	277.3349999999999	283.92999999999995	278.58
1996-05-28	274.60999999999996	277.4	283.79999999999995	278.7
1996-05-29	275.16999999999996	277.325	283.71	278.52
1996-05-30	274.91999999999996	277.705	283.81	278.33
1996-05-31	274.71	277.975	284.66999999999996	278.53999999999996
1996-06-01	274.95	278.19999999999993	285.15	278.98999999999995
1996-06-02	275.04999999999995	278.28	285.46999999999997	279.35999999999996
1996-06-03	275.15999999999997	278.465	285.79999999999995	279.79999999999995
1996-06-04	275.22999999999996	278.76	286.01	280.35999999999996
1996-06-05	275.34	279.085	286.21999999999997	280.89
1996-06-06	275.47999999999996	279.41499999999996	286.34999999999997	281.27
1996-06-07	275.63	279.72	286.82	281.72999999999996
1996-06-08	276.01	280.135	287.32	282.34
1996-06-09	275.91999999999996	280.515	287.84	282.96999999999997
1996-06-10	276.27	280.89	288.39	283.84
1996-06-11	276.64	281.245	288.96999999999997	284.46999999999997
1996-06-12	276.81	281.81499999999994	289.53	284.81
1996-06-13	276.72999999999996	282.29499999999996	290.03999999999996	285.12
1996-06-14	276.47999999999996	282.29999999999995	290.67999999999995	285.15
1996-06-15	276.5	281.96999999999997	291.57	285.17999999999995
1996-06-16	276.60999999999996	282.21999999999997	292.06	285.10999999999996
1996-06-17	276.71999999999997	282.28499999999997	292.09999999999997	285.06
1996-06-18	276.85999999999996	282.37	291.96999999999997	285.03
1996-06-19	276.9	282.44999999999993	291.85999999999996	285.01
1996-06-20	276.87	282.55999999999995	291.72999999999996	284.94
1996-06-21	277.02	282.59	291.79999999999995	284.87
1996-06-22	277.01	282.59	291.92999999999995	284.83
1996-06-23	277.01	282.58	292.22999999999996	284.57
1996-06-24	277.06	282.62	292.64	285.12
1996-06-25	277.19	282.65999999999997	291.96	285.58
1996-06-26	277.63	283.48999999999995	292.09999999999997	286.4
1996-06-27	278.15999999999997	284.44499999999994	292.52	286.96999999999997
1996-06-28	278.41999999999996	285.05999999999995	292.95	287.5
1996-06-29	278.22999999999996	285.655	293.35999999999996	287.77
1996-06-30	277.73999999999995	285.44999999999993	293.78	288.03
1996-07-01	278.0	285.62	293.58	288.09999999999997
1996-07-02	278.09	285.575	294.01	288.62
1996-07-03	278.03999999999996	284.97499999999997	293.59999999999997	288.59999999999997
1996-07-04	278.28999999999996	284.90999999999997	293.10999999999996	288.57
1996-07-05	278.57	285.55499999999995	293.04999999999995	288.60999999999996
1996-07-06	278.53	286.135	293.34	288.72999999999996
1996-07-07	278.40999999999997	286.54499999999996	293.84	288.81
1996-07-08	278.42999999999995	286.52	293.79999999999995	288.87
1996-07-09	278.32	286.26	293.90999999999997	288.85999999999996
1996-07-10	278.65	286.45	293.89	288.56
1996-07-11	278.79999999999995	286.74	293.65	288.48999999999995
1996-07-12	278.88	287.155	294.34999999999997	289.34
1996-07-13	278.97999999999996	287.59999999999997	294.69	289.83
1996-07-14	279.10999999999996	287.985	295.09	290.28999999999996
1996-07-15	279.17999999999995	288.31499999999994	295.09	290.46
1996-07-16	279.33	288.80999999999995	294.82	290.7
1996-07-17	279.76	289.13	294.9	291.26
1996-07-18	279.82	289.15999999999997	294.98999999999995	291.60999999999996
1996-07-19	279.59	288.53499999999997	295.09999999999997	290.62
1996-07-20	279.76	288.3349999999999	294.59999999999997	289.76
1996-07-21	279.9	288.625	294.44	289.69
1996-07-22	279.9	288.67499999999995	294.97999999999996	290.45
1996-07-23	280.01	288.89	295.28	291.57
1996-07-24	280.14	289.47	295.23999999999995	291.73999999999995
1996-07-25	280.27	289.645	295.15999999999997	291.83
1996-07-26	280.38	289.635	295.08	291.60999999999996
1996-07-27	280.58	289.84499999999997	295.37	291.53
1996-07-28	280.81	290.34999999999997	295.83	291.73999999999995
1996-07-29	281.04999999999995	290.55499999999995	295.69	292.42999999999995
1996-07-30	281.26	290.68999999999994	295.22999999999996	292.71
1996-07-31	281.54999999999995	290.92999999999995	295.15	292.88
1996-08-01	281.59	291.21999999999997	295.53	292.89
1996-08-02	282.85999999999996	291.495	295.95	292.94
1996-08-03	282.62	291.90999999999997	296.03999999999996	293.95
1996-08-04	282.88	292.405	296.5	294.64
1996-08-05	283.08	292.44	296.10999999999996	294.84
1996-08-06	283.23999999999995	293.04999999999995	296.84999999999997	295.10999999999996
1996-08-07	282.88	293.34499999999997	297.47999999999996	295.9
1996-08-08	282.26	293.15	297.31	295.46
1996-08-09	282.5	292.645	297.14	294.91999999999996
1996-08-10	283.26	292.755	296.83	294.63
1996-08-11	283.67999999999995	292.59	297.03	293.98999999999995
1996-08-12	283.71	292.88	296.83	294.21
1996-08-13	284.10999999999996	293.13	296.69	294.42999999999995
1996-08-14	284.2	292.985	296.71	294.63
1996-08-15	284.26	292.875	296.51	294.84
1996-08-16	284.45	292.9	296.39	294.73999999999995
1996-08-17	284.29999999999995	293.18999999999994	296.35999999999996	294.84
1996-08-18	284.71999999999997	293.14	296.5	294.66999999999996
1996-08-19	285.38	293.55499999999995	296.84999999999997	294.64
1996-08-20	285.01	293.59	296.9	295.16999999999996
1996-08-21	285.2	293.645	296.98999999999995	295.46
1996-08-22	285.41999999999996	293.81499999999994	296.97999999999996	295.60999999999996
1996-08-23	285.52	293.72499999999997	297.16999999999996	296.03
1996-08-24	286.26	293.95	297.14	296.19
1996-08-25	286.03	293.835	297.58	296.21
1996-08-26	285.87	293.58	297.26	295.4
1996-08-27	285.91999999999996	293.42999999999995	296.91999999999996	294.98999999999995
1996-08-28	286.26	293.49	296.82	294.98999999999995
1996-08-29	286.35999999999996	293.55499999999995	297.15	295.15999999999997
1996-08-30	286.92999999999995	293.76	297.13	295.35999999999996
1996-08-31	287.41999999999996	293.79999999999995	297.22999999999996	295.2
1996-09-01	287.67999999999995	293.735	297.12	295.40999999999997
1996-09-02	288.09999999999997	294.03	296.9	295.28
1996-09-03	288.65999999999997	294.42999999999995	297.21999999999997	295.4
1996-09-04	288.84	294.74	297.2	295.92999999999995
1996-09-05	289.2	294.84	297.09999999999997	295.76
1996-09-06	289.14	294.99	296.84999999999997	295.41999999999996
1996-09-07	289.88	295.03499999999997	296.57	295.2
1996-09-08	289.59999999999997	295.02	296.25	294.95
1996-09-09	289.13	294.75	295.96999999999997	294.60999999999996
1996-09-10	288.71999999999997	294.405	295.91999999999996	294.4
1996-09-11	288.27	294.06499999999994	296.19	294.09
1996-09-12	287.31	293.27	296.10999999999996	293.97999999999996
1996-09-13	286.32	292.29999999999995	295.59	293.54999999999995
1996-09-14	285.73999999999995	291.36	295.03	293.07
1996-09-15	285.21999999999997	290.47999999999996	294.48999999999995	292.67999999999995
1996-09-16	284.72999999999996	289.745	293.96	292.26
1996-09-17	284.62	289.28499999999997	293.44	291.84
1996-09-18	284.59	289.02	293.01	291.48999999999995
1996-09-19	284.46999999999997	288.9	293.02	291.4
1996-09-20	284.84	289.025	292.33	291.09999999999997
1996-09-21	284.95	288.995	292.34	291.02
1996-09-22	284.84999999999997	289.005	292.17999999999995	290.46999999999997
1996-09-23	284.77	289.03999999999996	292.03	290.27
1996-09-24	284.7	289.025	291.92999999999995	290.04999999999995
1996-09-25	284.59	288.84000000000003	291.77	289.66999999999996
1996-09-26	284.37	288.475	291.62	289.44
1996-09-27	284.13	288.19999999999993	291.44	289.23999999999995
1996-09-28	283.87	287.945	291.28	289.04999999999995
1996-09-29	283.7	287.71999999999997	291.13	288.87
1996-09-30	283.59	287.53	291.15	288.90999999999997
1996-10-01	283.39	287.34499999999997	291.51	289.12
1996-10-02	283.09	287.07499999999993	291.23999999999995	289.02
1996-10-03	282.7	286.725	290.85999999999996	288.23999999999995
1996-10-04	282.54999999999995	286.515	290.63	288.07
1996-10-05	282.42999999999995	286.385	290.54999999999995	287.85999999999996
1996-10-06	282.22999999999996	286.19999999999993	290.34999999999997	287.65
1996-10-07	282.08	285.95	290.09999999999997	287.21999999999997
1996-10-08	281.96999999999997	285.73499999999996	289.87	287.03
1996-10-09	281.88	285.51	289.64	286.83
1996-10-10	281.78	285.28	289.40999999999997	286.60999999999996
1996-10-11	281.63	285.09	289.23999999999995	286.54999999999995
1996-10-12	281.57	284.91499999999996	289.10999999999996	286.37
1996-10-13	281.63	284.96999999999997	289.06	286.23999999999995
1996-10-14	281.5	285.06999999999994	288.94	286.10999999999996
1996-10-15	281.28	284.965	288.72999999999996	286.17999999999995
1996-10-16	281.33	284.92999999999995	288.72999999999996	285.9
1996-10-17	281.40999999999997	284.91499999999996	289.10999999999996	285.84999999999997
1996-10-18	281.25	284.705	289.09	285.66999999999996
1996-10-19	281.17999999999995	284.55499999999995	288.78	285.46
1996-10-20	281.08	284.435	288.5	285.28
1996-10-21	280.98999999999995	284.33	288.22999999999996	285.08
1996-10-22	280.91999999999996	284.24	287.96999999999997	284.88
1996-10-23	280.84999999999997	284.12	287.67999999999995	284.66999999999996
1996-10-24	280.83	283.97499999999997	287.35999999999996	284.46999999999997
1996-10-25	280.77	283.895	287.31	284.45
1996-10-26	280.71999999999997	283.775	286.78999999999996	284.21999999999997
1996-10-27	280.71	283.745	285.96999999999997	283.96
1996-10-28	280.59999999999997	283.80499999999995	285.65	283.88
1996-10-29	280.51	283.42999999999995	286.9	284.38
1996-10-30	280.34999999999997	283.11499999999995	286.67999999999995	284.21999999999997
1996-10-31	280.15	282.68999999999994	286.27	283.84
1996-11-01	279.84999999999997	282.44	285.78	282.89
1996-11-02	279.56	282.225	285.39	282.28
1996-11-03	279.29999999999995	282.04999999999995	285.0	281.92999999999995
1996-11-04	279.08	281.85499999999996	284.7	281.81
1996-11-05	278.96999999999997	281.76	284.57	281.77
1996-11-06	278.84	281.66499999999996	284.45	281.71
1996-11-07	278.71999999999997	281.55999999999995	284.22999999999996	281.72999999999996
1996-11-08	278.64	281.53499999999997	283.87	281.59999999999997
1996-11-09	278.58	281.43999999999994	283.58	281.34999999999997
1996-11-10	278.47999999999996	281.345	283.34	281.29999999999995
1996-11-11	278.38	281.12	283.12	281.27
1996-11-12	278.28	280.9	282.88	281.13
1996-11-13	278.17999999999995	280.67499999999995	282.59	281.0
1996-11-14	278.08	280.51	282.21999999999997	280.96999999999997
1996-11-15	277.97999999999996	280.34	281.95	280.95
1996-11-16	277.88	280.17999999999995	281.85999999999996	281.03
1996-11-17	277.78	280.06499999999994	281.7	280.95
1996-11-18	277.66999999999996	279.96	281.59999999999997	280.92999999999995
1996-11-19	277.57	279.875	281.39	280.85999999999996
1996-11-20	277.5	279.77	281.15	280.79999999999995
1996-11-21	277.40999999999997	279.615	280.91999999999996	280.73999999999995
1996-11-22	277.33	279.495	280.7	280.65999999999997
1996-11-23	277.25	279.39	280.51	280.57
1996-11-24	277.16999999999996	279.28999999999996	280.32	280.46
1996-11-25	277.08	279.15999999999997	280.10999999999996	280.32
1996-11-26	276.97999999999996	279.025	279.92999999999995	280.17999999999995
1996-11-27	276.79999999999995	278.78499999999997	279.81	280.06
1996-11-28	276.66999999999996	278.59	279.34999999999997	279.94
1996-11-29	276.56	278.41999999999996	279.10999999999996	279.82
1996-11-30	276.46	278.27	278.89	279.71
1996-12-01	276.34	278.125	278.77	279.59
1996-12-02	276.25	277.995	278.67999999999995	279.46999999999997
1996-12-03	276.16999999999996	277.885	278.58	279.34
1996-12-04	276.09	277.78999999999996	278.48999999999995	279.22999999999996
1996-12-05	276.01	277.72999999999996	278.5	279.16999999999996
1996-12-06	275.92999999999995	277.66499999999996	278.42999999999995	279.09
1996-12-07	275.84999999999997	277.59999999999997	278.35999999999996	279.0
1996-12-08	275.78	277.61499999999995	278.28999999999996	278.96
1996-12-09	275.71	277.635	278.19	278.94
1996-12-10	275.72999999999996	277.645	278.08	278.92999999999995
1996-12-11	275.71999999999997	277.625	278.02	278.91999999999996
1996-12-12	275.72999999999996	277.69999999999993	278.0	278.90999999999997
1996-12-13	275.73999999999995	277.78999999999996	278.07	278.94
1996-12-14	275.75	277.85499999999996	278.09	278.96999999999997
1996-12-15	275.76	277.875	278.09	279.0
1996-12-16	275.77	277.875	278.06	279.0
1996-12-17	275.79999999999995	277.88	277.98999999999995	278.98999999999995
1996-12-18	275.69	277.76	277.84	278.96999999999997
1996-12-19	275.62	277.63	277.7	278.92999999999995
1996-12-20	275.57	277.51	277.56	278.83
1996-12-21	275.48999999999995	277.385	277.42999999999995	278.73999999999995
1996-12-22	275.41999999999996	277.28	277.29999999999995	278.66999999999996
1996-12-23	275.35999999999996	277.17499999999995	277.17999999999995	278.52
1996-12-24	275.33	277.085	277.07	278.37
1996-12-25	275.09	276.80999999999995	276.82	278.23999999999995
1996-12-26	274.91999999999996	276.6	276.60999999999996	278.13
1996-12-27	274.78	276.42499999999995	276.42999999999995	278.02
1996-12-28	274.65999999999997	276.255	276.27	277.90999999999997
1996-12-29	274.54999999999995	276.12	276.14	277.79999999999995
1996-12-30	274.46	276.01	276.03	277.71999999999997
1996-12-31	274.39	275.93499999999995	275.94	277.64
1997-01-01	274.32	275.83	275.87	277.54999999999995
1997-01-02	274.27	275.74	275.81	277.46999999999997
1997-01-03	274.21999999999997	275.66999999999996	275.76	277.39
1997-01-04	274.17999999999995	275.54999999999995	275.72999999999996	277.31
1997-01-05	274.15999999999997	275.44999999999993	275.7	277.22999999999996
1997-01-06	274.14	275.38	275.66999999999996	277.04999999999995
1997-01-07	274.2	275.31999999999994	275.64	276.67999999999995
1997-01-08	274.21999999999997	275.245	275.64	276.57
1997-01-09	274.25	275.19999999999993	275.62	276.53999999999996
1997-01-10	274.27	275.15999999999997	275.60999999999996	276.52
1997-01-11	274.25	274.965	274.96999999999997	276.31
1997-01-12	274.21999999999997	274.855	274.63	276.21
1997-01-13	274.33	274.755	274.44	276.12
1997-01-14	274.38	274.71	274.32	275.91999999999996
1997-01-15	274.29999999999995	274.625	273.34999999999997	275.75
1997-01-16	274.26	274.59499999999997	273.34999999999997	275.63
1997-01-17	274.22999999999996	274.635	273.34999999999997	275.51
1997-01-18	274.14	274.41999999999996	273.34999999999997	275.26
1997-01-19	274.25	274.35999999999996	273.34999999999997	275.27
1997-01-20	274.25	274.31499999999994	273.34999999999997	275.28
1997-01-21	274.26	274.29499999999996	273.34999999999997	275.28999999999996
1997-01-22	274.21999999999997	274.155	273.34999999999997	275.06
1997-01-23	274.17999999999995	274.115	273.34999999999997	274.98999999999995
1997-01-24	274.14	274.125	273.34999999999997	274.95
1997-01-25	274.04999999999995	274.06499999999994	273.34999999999997	274.83
1997-01-26	273.96999999999997	274.025	273.34999999999997	274.69
1997-01-27	273.92999999999995	274.02	273.34999999999997	274.64
1997-01-28	273.9	274.01	273.34999999999997	274.64
1997-01-29	273.83	273.91999999999996	273.34999999999997	274.64
1997-01-30	273.79999999999995	273.875	273.34999999999997	274.64
1997-01-31	273.78	273.85	273.34999999999997	274.69
1997-02-01	273.71	273.80999999999995	273.34999999999997	274.66999999999996
1997-02-02	273.69	273.78499999999997	273.34999999999997	274.65
1997-02-03	273.67999999999995	273.78499999999997	273.34999999999997	274.60999999999996
1997-02-04	273.66999999999996	273.78	273.34999999999997	274.64
1997-02-05	273.66999999999996	273.745	273.34999999999997	274.66999999999996
1997-02-06	273.59999999999997	273.755	273.34999999999997	274.71
1997-02-07	273.60999999999996	273.81999999999994	273.33	274.73999999999995
1997-02-08	273.60999999999996	273.775	273.34999999999997	274.78
1997-02-09	273.60999999999996	273.77	273.34999999999997	274.81
1997-02-10	273.60999999999996	273.76	273.34999999999997	274.79999999999995
1997-02-11	273.60999999999996	273.78499999999997	273.34999999999997	274.78999999999996
1997-02-12	273.58	273.76	273.34999999999997	274.65
1997-02-13	273.57	273.755	273.34999999999997	274.53999999999996
1997-02-14	273.56	273.765	273.34999999999997	274.47999999999996
1997-02-15	273.53	273.74	273.34999999999997	274.34999999999997
1997-02-16	273.51	273.71	273.34999999999997	274.29999999999995
1997-02-17	273.51	273.69	273.34999999999997	274.27
1997-02-18	273.51	273.69	273.34999999999997	274.26
1997-02-19	273.34999999999997	273.69499999999994	273.34999999999997	274.28
1997-02-20	273.34999999999997	273.7099999999999	273.34999999999997	274.28999999999996
1997-02-21	273.34999999999997	273.745	273.34999999999997	274.29999999999995
1997-02-22	273.34999999999997	273.745	273.34999999999997	274.34
1997-02-23	273.34999999999997	273.765	273.34999999999997	274.39
1997-02-24	273.34999999999997	273.775	273.34999999999997	274.46
1997-02-25	273.34999999999997	273.80499999999995	273.34999999999997	274.5
1997-02-26	273.34999999999997	273.74	273.34999999999997	274.53
1997-02-27	273.34999999999997	273.72499999999997	273.34999999999997	274.52
1997-02-28	273.34999999999997	273.755	273.34999999999997	274.5
1997-03-01	273.34999999999997	273.745	273.34999999999997	274.46
1997-03-02	273.34999999999997	273.72999999999996	273.34999999999997	274.42999999999995
1997-03-03	273.34999999999997	273.72499999999997	273.34999999999997	274.41999999999996
1997-03-04	273.34999999999997	273.76	273.34999999999997	274.40999999999997
1997-03-05	273.34999999999997	273.715	273.34999999999997	274.40999999999997
1997-03-06	273.34999999999997	273.715	273.34999999999997	274.4
1997-03-07	273.34999999999997	273.71	273.34999999999997	274.45
1997-03-08	273.34999999999997	273.67999999999995	273.34999999999997	274.65
1997-03-09	273.34999999999997	273.67999999999995	273.34999999999997	274.71999999999997
1997-03-10	273.34999999999997	273.68999999999994	273.34999999999997	274.65
1997-03-11	273.34999999999997	273.71999999999997	273.34999999999997	274.37
1997-03-12	273.34999999999997	273.735	273.34999999999997	274.28999999999996
1997-03-13	273.34999999999997	273.735	273.34999999999997	274.32
1997-03-14	273.34999999999997	273.74	273.34999999999997	274.34
1997-03-15	273.34999999999997	273.745	273.34999999999997	274.34999999999997
1997-03-16	273.34999999999997	273.75	273.34999999999997	274.34999999999997
1997-03-17	273.34999999999997	273.745	273.34999999999997	274.35999999999996
1997-03-18	273.34999999999997	273.76	273.34999999999997	274.37
1997-03-19	273.34999999999997	273.765	273.34999999999997	274.35999999999996
1997-03-20	273.34999999999997	273.755	273.34999999999997	274.34
1997-03-21	273.34999999999997	273.76	273.34999999999997	274.33
1997-03-22	273.34999999999997	273.77	273.34999999999997	274.33
1997-03-23	273.34999999999997	273.78499999999997	273.34999999999997	274.33
1997-03-24	273.34999999999997	273.78	273.34999999999997	274.29999999999995
1997-03-25	273.34999999999997	273.775	273.34999999999997	274.32
1997-03-26	273.34999999999997	273.765	273.34999999999997	274.41999999999996
1997-03-27	273.34999999999997	273.75	273.34999999999997	274.46999999999997
1997-03-28	273.34999999999997	273.755	273.35999999999996	274.54999999999995
1997-03-29	273.34999999999997	273.79999999999995	273.35999999999996	274.58
1997-03-30	273.34999999999997	273.84499999999997	273.35999999999996	274.63
1997-03-31	273.34999999999997	273.895	273.35999999999996	274.66999999999996
1997-04-01	273.34999999999997	273.96	274.79999999999995	274.71999999999997
1997-04-02	273.34999999999997	273.96999999999997	274.92999999999995	274.71
1997-04-03	273.34999999999997	273.90999999999997	275.12	274.79999999999995
1997-04-04	273.34999999999997	273.875	275.21999999999997	274.87
1997-04-05	273.34999999999997	273.87	275.31	274.82
1997-04-06	273.34999999999997	273.87	275.42999999999995	274.81
1997-04-07	273.34999999999997	273.87	275.42999999999995	274.78
1997-04-08	273.34999999999997	273.9	275.56	274.71
1997-04-09	273.34999999999997	273.93999999999994	275.54999999999995	274.58
1997-04-10	273.34999999999997	273.96999999999997	275.59	274.83
1997-04-11	273.34999999999997	273.97999999999996	275.78999999999996	274.78
1997-04-12	273.34999999999997	273.97499999999997	275.87	274.87
1997-04-13	273.34999999999997	273.96999999999997	275.96999999999997	274.96
1997-04-14	273.34999999999997	273.93999999999994	275.94	275.03999999999996
1997-04-15	273.34999999999997	274.05999999999995	276.34	274.72999999999996
1997-04-16	273.34999999999997	274.03499999999997	276.47999999999996	275.0
1997-04-17	273.34999999999997	274.05499999999995	276.4	275.0
1997-04-18	273.34999999999997	274.11499999999995	276.33	275.0
1997-04-19	273.34999999999997	274.115	276.29999999999995	275.03999999999996
1997-04-20	273.34999999999997	274.19499999999994	276.65	275.07
1997-04-21	273.34999999999997	274.24	276.96	275.12
1997-04-22	273.34999999999997	274.45	277.13	275.27
1997-04-23	273.34999999999997	274.40999999999997	277.28999999999996	275.29999999999995
1997-04-24	273.34999999999997	274.44499999999994	277.5	275.32
1997-04-25	273.34999999999997	274.63	277.59999999999997	275.42999999999995
1997-04-26	273.34999999999997	274.625	278.07	275.5
1997-04-27	273.34999999999997	274.635	278.21999999999997	275.56
1997-04-28	273.34999999999997	274.61	278.39	275.53999999999996
1997-04-29	273.34999999999997	274.93999999999994	278.33	275.21
1997-04-30	273.34999999999997	275.08	279.09999999999997	275.9
1997-05-01	273.34999999999997	275.155	279.13	276.4
1997-05-02	273.44	275.235	279.15999999999997	276.46
1997-05-03	273.46	275.315	279.22999999999996	276.35999999999996
1997-05-04	273.46	275.42499999999995	279.21	276.25
1997-05-05	273.46	275.33	279.66999999999996	276.16999999999996
1997-05-06	273.79999999999995	275.35999999999996	279.65	276.21999999999997
1997-05-07	273.77	275.29499999999996	279.58	276.31
1997-05-08	273.82	275.65	279.76	276.40999999999997
1997-05-09	274.06	276.02	279.90999999999997	276.51
1997-05-10	274.15	276.265	280.06	276.63
1997-05-11	274.21	276.195	280.21	276.77
1997-05-12	274.29999999999995	276.215	280.26	276.78
1997-05-13	274.46	276.245	280.32	276.76
1997-05-14	274.56	276.28	280.57	276.90999999999997
1997-05-15	274.65	276.29999999999995	280.65	276.92999999999995
1997-05-16	274.75	276.29999999999995	280.75	277.02
1997-05-17	274.84	276.505	280.78	277.06
1997-05-18	274.90999999999997	276.66999999999996	281.21999999999997	277.01
1997-05-19	274.96999999999997	276.75	281.42999999999995	277.15
1997-05-20	275.09	276.84499999999997	281.65999999999997	277.28999999999996
1997-05-21	275.15999999999997	276.81	281.87	277.48999999999995
1997-05-22	275.27	277.05999999999995	282.09	277.58
1997-05-23	275.32	277.31499999999994	282.63	277.64
1997-05-24	275.34	277.43499999999995	282.69	278.09999999999997
1997-05-25	275.19	277.53499999999997	282.69	278.38
1997-05-26	275.28999999999996	277.42999999999995	282.71999999999997	278.62
1997-05-27	275.4	277.67999999999995	283.03999999999996	278.85999999999996
1997-05-28	275.41999999999996	278.0	283.09999999999997	279.27
1997-05-29	275.54999999999995	278.275	283.21999999999997	279.47999999999996
1997-05-30	275.71	278.55999999999995	283.39	279.88
1997-05-31	275.91999999999996	278.80499999999995	283.53999999999996	280.21999999999997
1997-06-01	276.23999999999995	279.015	283.7	280.53
1997-06-02	276.32	279.18999999999994	283.87	280.88
1997-06-03	276.42999999999995	279.275	284.03	281.28
1997-06-04	276.58	279.55999999999995	284.22999999999996	281.58
1997-06-05	276.71999999999997	280.05499999999995	285.4	282.26
1997-06-06	276.73999999999995	280.565	285.82	283.15999999999997
1997-06-07	276.71	281.03999999999996	286.38	283.94
1997-06-08	276.67999999999995	281.39	286.89	284.44
1997-06-09	277.06	281.87	287.51	284.78999999999996
1997-06-10	277.14	282.715	289.26	285.12
1997-06-11	277.45	283.28	289.45	284.97999999999996
1997-06-12	277.51	283.505	289.46999999999997	285.39
1997-06-13	277.31	283.41499999999996	289.63	285.72999999999996
1997-06-14	277.21	282.775	289.5	285.88
1997-06-15	277.38	282.79999999999995	289.52	286.09
1997-06-16	277.34999999999997	282.575	289.59	286.47999999999996
1997-06-17	277.32	282.34499999999997	289.46	286.98999999999995
1997-06-18	277.57	283.185	289.44	287.46999999999997
1997-06-19	277.7	283.54999999999995	289.51	287.98999999999995
1997-06-20	277.78999999999996	283.905	290.45	288.47999999999996
1997-06-21	277.84	284.19499999999994	290.96999999999997	288.71
1997-06-22	277.87	284.49	291.46999999999997	288.84999999999997
1997-06-23	278.04999999999995	285.34999999999997	292.03	289.12
1997-06-24	277.89	285.87	292.88	289.83
1997-06-25	277.71	285.995	293.01	290.09999999999997
1997-06-26	277.59999999999997	285.80499999999995	292.96	290.45
1997-06-27	277.82	285.86	292.88	290.32
1997-06-28	278.2	286.94999999999993	293.84999999999997	291.60999999999996
1997-06-29	278.27	287.65	294.82	293.03
1997-06-30	278.27	287.905	294.58	293.96999999999997
1997-07-01	278.26	287.84	294.46	293.79999999999995
1997-07-02	278.22999999999996	287.71999999999997	294.35999999999996	292.75
1997-07-03	278.17999999999995	287.35499999999996	294.15999999999997	291.81
1997-07-04	278.15	286.965	293.34	290.87
1997-07-05	278.2	286.7	292.84999999999997	290.01
1997-07-06	278.37	286.775	292.76	289.33
1997-07-07	278.71	286.875	293.08	289.22999999999996
1997-07-08	278.97999999999996	286.88	292.95	289.0
1997-07-09	279.03	286.83	292.76	289.03999999999996
1997-07-10	279.72999999999996	287.275	293.0	289.09999999999997
1997-07-11	280.66999999999996	288.745	294.12	289.78
1997-07-12	281.44	289.36	294.71	290.46
1997-07-13	281.90999999999997	290.32499999999993	295.28999999999996	291.33
1997-07-14	281.97999999999996	290.82499999999993	295.84	292.09
1997-07-15	281.59	290.625	295.97999999999996	292.95
1997-07-16	281.83	291.395	295.92999999999995	292.71999999999997
1997-07-17	282.01	291.4549999999999	296.52	293.56
1997-07-18	282.09999999999997	291.37	296.15999999999997	292.97999999999996
1997-07-19	282.03999999999996	290.91499999999996	296.01	292.52
1997-07-20	282.39	290.85499999999996	296.15999999999997	292.25
1997-07-21	282.37	290.8299999999999	296.23999999999995	292.15999999999997
1997-07-22	282.52	290.965	295.84	292.41999999999996
1997-07-23	283.06	291.31499999999994	295.54999999999995	292.97999999999996
1997-07-24	283.62	291.29999999999995	295.46	293.19
1997-07-25	284.46	292.205	295.46999999999997	292.96999999999997
1997-07-26	284.7	292.41499999999996	295.73999999999995	293.58
1997-07-27	284.81	292.53	295.88	293.64
1997-07-28	284.7	292.37	295.96999999999997	293.63
1997-07-29	284.44	291.59	295.73999999999995	293.14
1997-07-30	284.89	291.9	295.76	293.16999999999996
1997-07-31	284.88	292.265	295.75	293.34
1997-08-01	285.02	292.455	295.94	293.67999999999995
1997-08-02	285.15	292.15999999999997	295.90999999999997	293.59999999999997
1997-08-03	285.63	292.56499999999994	295.9	293.65999999999997
1997-08-04	285.60999999999996	292.34999999999997	296.01	293.76
1997-08-05	285.41999999999996	291.905	295.97999999999996	293.85999999999996
1997-08-06	285.9	291.905	295.71999999999997	293.59999999999997
1997-08-07	286.88	292.215	295.57	293.45
1997-08-08	286.91999999999996	292.42999999999995	295.79999999999995	293.66999999999996
1997-08-09	286.71	292.66499999999996	295.87	294.15999999999997
1997-08-10	286.35999999999996	292.645	295.97999999999996	294.42999999999995
1997-08-11	286.58	292.41499999999996	295.87	294.02
1997-08-12	286.65	292.10499999999996	295.78999999999996	293.65
1997-08-13	286.37	291.93999999999994	295.77	293.56
1997-08-14	286.34999999999997	291.72499999999997	295.81	293.46
1997-08-15	286.44	291.74	295.84	293.65
1997-08-16	286.48999999999995	291.745	295.81	293.87
1997-08-17	286.62	291.43499999999995	295.54999999999995	293.67999999999995
1997-08-18	286.96999999999997	291.395	295.21	293.9
1997-08-19	287.04999999999995	291.49	294.75	293.41999999999996
1997-08-20	287.03999999999996	291.49	294.57	293.15999999999997
1997-08-21	287.0	291.16499999999996	294.33	292.77
1997-08-22	286.97999999999996	290.84	294.13	292.41999999999996
1997-08-23	287.2	290.58	293.97999999999996	292.23999999999995
1997-08-24	287.63	290.7	293.81	292.28
1997-08-25	288.10999999999996	290.72999999999996	293.65999999999997	292.57
1997-08-26	288.34	291.15999999999997	293.69	292.45
1997-08-27	288.31	291.335	293.81	292.81
1997-08-28	288.13	290.895	293.9	293.07
1997-08-29	288.08	290.98	293.87	292.77
1997-08-30	288.15999999999997	290.80999999999995	293.87	292.96999999999997
1997-08-31	288.25	290.835	293.96	292.96999999999997
1997-09-01	288.02	290.80499999999995	294.03	293.14
1997-09-02	287.83	290.77	293.96	293.06
1997-09-03	287.56	290.46	293.76	292.77
1997-09-04	287.73999999999995	290.34	293.67999999999995	292.52
1997-09-05	287.7	290.24	293.69	292.28999999999996
1997-09-06	287.7	290.36	293.4	292.06
1997-09-07	287.7	290.17999999999995	293.01	291.77
1997-09-08	287.73999999999995	290.16999999999996	293.04999999999995	291.59999999999997
1997-09-09	287.75	290.07499999999993	292.85999999999996	291.53
1997-09-10	287.71	290.05499999999995	292.88	291.59999999999997
1997-09-11	287.85999999999996	290.025	292.89	291.57
1997-09-12	288.01	290.115	292.88	291.56
1997-09-13	288.09999999999997	290.19499999999994	292.96999999999997	291.44
1997-09-14	288.28	290.525	293.14	291.40999999999997
1997-09-15	288.39	290.495	293.31	291.48999999999995
1997-09-16	288.04999999999995	290.61	293.65	291.62
1997-09-17	288.04999999999995	290.44999999999993	293.52	291.48999999999995
1997-09-18	287.42999999999995	290.46999999999997	293.46	291.58
1997-09-19	287.26	290.30499999999995	293.57	291.71
1997-09-20	287.07	290.08	293.28999999999996	291.4
1997-09-21	287.12	289.985	293.12	291.06
1997-09-22	286.59999999999997	289.615	292.53	290.7
1997-09-23	286.23999999999995	289.33	292.28	290.15
1997-09-24	285.90999999999997	289.04499999999996	292.16999999999996	290.29999999999995
1997-09-25	285.31	288.79499999999996	291.73999999999995	289.89
1997-09-26	285.09999999999997	288.76	291.62	289.21
1997-09-27	285.0	288.875	291.60999999999996	288.83
1997-09-28	284.69	288.645	291.46999999999997	289.12
1997-09-29	284.38	288.405	291.40999999999997	288.67999999999995
1997-09-30	284.04999999999995	288.245	291.21999999999997	288.39
1997-10-01	283.84	288.15999999999997	291.01	288.14
1997-10-02	283.77	288.12	290.95	287.98999999999995
1997-10-03	283.75	288.125	290.92999999999995	287.97999999999996
1997-10-04	283.57	288.05999999999995	290.87	288.01
1997-10-05	283.52	287.93499999999995	290.95	288.28999999999996
1997-10-06	283.52	287.96999999999997	290.84999999999997	288.27
1997-10-07	283.40999999999997	288.15999999999997	291.03999999999996	288.81
1997-10-08	283.23999999999995	288.205	291.46999999999997	288.89
1997-10-09	283.02	288.015	291.35999999999996	288.77
1997-10-10	282.75	287.775	291.14	288.41999999999996
1997-10-11	282.57	287.67999999999995	290.84	288.27
1997-10-12	282.39	287.55499999999995	290.91999999999996	288.28
1997-10-13	282.15999999999997	287.42999999999995	291.02	288.32
1997-10-14	281.96	287.275	290.84	288.17999999999995
1997-10-15	281.75	287.05999999999995	290.51	288.14
1997-10-16	281.60999999999996	286.91499999999996	290.32	288.09
1997-10-17	281.54999999999995	286.72499999999997	289.98999999999995	287.91999999999996
1997-10-18	281.5	286.65	289.66999999999996	287.63
1997-10-19	281.32	286.57499999999993	289.42999999999995	287.71
1997-10-20	281.21	286.25	289.12	287.62
1997-10-21	281.07	285.80999999999995	288.62	287.34
1997-10-22	280.96	285.44499999999994	288.2	286.59
1997-10-23	280.84999999999997	285.07499999999993	287.84	285.9
1997-10-24	280.75	284.735	287.47999999999996	285.37
1997-10-25	280.63	284.385	287.12	284.9
1997-10-26	280.52	284.04999999999995	286.76	284.42999999999995
1997-10-27	280.31	283.69	286.34	284.08
1997-10-28	280.28	283.405	285.95	283.78
1997-10-29	280.28999999999996	283.27	285.48999999999995	283.58
1997-10-30	280.26	283.17999999999995	285.77	283.12
1997-10-31	280.21	283.14	285.7	283.03999999999996
1997-11-01	280.15	283.075	285.52	282.95
1997-11-02	280.08	283.005	285.29999999999995	282.92999999999995
1997-11-03	280.0	282.965	285.12	282.95
1997-11-04	279.90999999999997	282.895	284.94	282.94
1997-11-05	279.81	282.81999999999994	284.76	282.89
1997-11-06	279.72999999999996	282.76	284.56	282.84999999999997
1997-11-07	279.77	282.71999999999997	284.35999999999996	282.66999999999996
1997-11-08	279.78	282.725	284.16999999999996	282.5
1997-11-09	279.78999999999996	282.47499999999997	283.87	282.25
1997-11-10	279.77	282.25	283.69	282.02
1997-11-11	279.71	282.04499999999996	283.47999999999996	281.89
1997-11-12	279.65	281.885	283.22999999999996	281.71999999999997
1997-11-13	279.56	281.715	282.95	281.59999999999997
1997-11-14	279.5	281.51	282.65	281.51
1997-11-15	279.48999999999995	281.275	282.34999999999997	281.31
1997-11-16	279.44	281.115	282.07	281.14
1997-11-17	279.28	280.93499999999995	281.78	280.96999999999997
1997-11-18	279.10999999999996	280.835	281.46999999999997	280.79999999999995
1997-11-19	278.89	280.64	281.21	280.7
1997-11-20	278.66999999999996	280.47999999999996	280.96999999999997	280.60999999999996
1997-11-21	278.47999999999996	280.33	280.78	280.48999999999995
1997-11-22	278.31	280.16999999999996	280.59	280.37
1997-11-23	278.14	280.02	280.42999999999995	280.19
1997-11-24	277.90999999999997	279.87	280.31	280.09
1997-11-25	277.76	279.73	280.16999999999996	279.96
1997-11-26	277.71	279.62	280.08	279.90999999999997
1997-11-27	277.66999999999996	279.495	279.96	279.84
1997-11-28	277.64	279.42999999999995	279.84999999999997	279.72999999999996
1997-11-29	277.59	279.38	279.7	279.66999999999996
1997-11-30	277.53999999999996	279.325	279.62	279.63
1997-12-01	277.48999999999995	279.195	279.54999999999995	279.5
1997-12-02	277.44	279.065	279.48999999999995	279.31
1997-12-03	277.42999999999995	278.92999999999995	279.44	279.23999999999995
1997-12-04	277.41999999999996	278.80999999999995	279.34	279.16999999999996
1997-12-05	277.46999999999997	278.755	279.15	279.08
1997-12-06	277.46	278.77	278.87	279.09
1997-12-07	277.40999999999997	278.74	278.66999999999996	279.0
1997-12-08	277.4	278.67999999999995	278.53	278.92999999999995
1997-12-09	277.39	278.54999999999995	278.39	278.87
1997-12-10	277.38	278.41499999999996	278.25	278.77
1997-12-11	277.46	278.31499999999994	278.10999999999996	278.71
1997-12-12	277.45	278.24	277.90999999999997	278.58
1997-12-13	277.44	278.255	277.71999999999997	278.40999999999997
1997-12-14	277.4	278.34999999999997	277.72999999999996	278.51
1997-12-15	277.39	278.53	277.65	278.59
1997-12-16	277.37	278.46	277.63	278.44
1997-12-17	277.34	279.005	277.7	278.42999999999995
1997-12-18	277.28	278.68999999999994	277.21	278.15
1997-12-19	277.19	278.27	277.04999999999995	278.01
1997-12-20	277.13	277.975	276.88	277.73999999999995
1997-12-21	277.08	277.75	276.71999999999997	277.52
1997-12-22	277.04999999999995	277.605	276.59999999999997	277.41999999999996
1997-12-23	277.01	277.56999999999994	276.53	277.34
1997-12-24	276.81	277.485	276.44	277.25
1997-12-25	276.59999999999997	277.38	276.34	277.15
1997-12-26	276.28	277.27	276.23999999999995	277.04999999999995
1997-12-27	275.79999999999995	277.11499999999995	276.15999999999997	276.88
1997-12-28	275.63	277.02	276.09	276.72999999999996
1997-12-29	275.53999999999996	276.93499999999995	276.02	276.62
1997-12-30	275.46	276.84499999999997	275.95	276.5
1997-12-31	275.38	276.655	275.82	276.40999999999997
1998-01-01	275.28	276.53	275.64	276.34999999999997
1998-01-01	275.28	277.10999999999996	275.64	276.34999999999997
1998-01-01	275.28	275.95	275.64	276.34999999999997
1998-01-02	275.34	276.485	275.52	276.34
1998-01-03	275.21	276.43499999999995	275.44	276.29999999999995
1998-01-04	275.12	276.375	275.38	276.29999999999995
1998-01-05	275.06	276.31499999999994	275.34	276.31
1998-01-06	275.01	276.26	275.28999999999996	276.35999999999996
1998-01-07	274.89	276.2	275.27	276.38
1998-01-08	274.81	276.14	275.23999999999995	276.40999999999997
1998-01-09	274.75	276.075	275.29999999999995	276.44
1998-01-10	274.67999999999995	275.96	275.35999999999996	276.46
1998-01-11	274.62	275.88	275.4	276.47999999999996
1998-01-12	274.57	275.79499999999996	275.39	276.58
1998-01-13	274.53	275.715	275.37	276.66999999999996
1998-01-14	274.5	275.54499999999996	275.33	276.63
1998-01-15	274.47999999999996	275.41999999999996	275.31	276.66999999999996
1998-01-16	274.45	275.32499999999993	275.28999999999996	276.7
1998-01-17	274.41999999999996	275.21	275.23999999999995	276.65
1998-01-18	274.38	275.13	275.19	276.63
1998-01-19	274.4	275.065	275.15	276.52
1998-01-20	274.40999999999997	275.03	275.10999999999996	276.42999999999995
1998-01-21	274.35999999999996	275.01	275.09	276.31
1998-01-22	274.32	275.0	275.06	276.21
1998-01-23	274.28999999999996	275.015	275.04999999999995	276.09999999999997
1998-01-24	274.21	274.94	275.01	275.9
1998-01-25	274.15	274.9	274.97999999999996	275.69
1998-01-26	274.12	274.875	274.95	275.53
1998-01-27	274.12	274.86	274.91999999999996	275.46
1998-01-28	274.12	274.84	274.82	275.27
1998-01-29	274.15	274.895	274.78	275.21999999999997
1998-01-30	274.19	274.96	274.75	275.31
1998-01-31	274.2	274.85499999999996	274.63	275.33
1998-02-01	274.21999999999997	274.85499999999996	274.17999999999995	275.34
1998-02-02	274.32	274.835	274.03999999999996	275.32
1998-02-03	274.53999999999996	274.835	274.03	275.5
1998-02-04	274.58	274.81499999999994	274.07	275.54999999999995
1998-02-05	274.65	274.82	274.15	275.51
1998-02-06	274.65	274.845	274.42999999999995	275.5
1998-02-07	274.57	274.81999999999994	274.47999999999996	275.59
1998-02-08	274.42999999999995	274.78999999999996	274.42999999999995	275.53999999999996
1998-02-09	274.37	274.775	274.29999999999995	275.45
1998-02-10	274.35999999999996	274.78499999999997	274.19	275.23999999999995
1998-02-11	274.35999999999996	274.78499999999997	274.06	275.08
1998-02-12	274.34999999999997	274.78499999999997	273.96999999999997	274.96999999999997
1998-02-13	274.37	274.79499999999996	273.94	274.85999999999996
1998-02-14	274.37	274.79999999999995	273.91999999999996	274.77
1998-02-15	274.39	274.84499999999997	274.03	274.77
1998-02-16	274.35999999999996	274.85499999999996	274.15	274.94
1998-02-17	274.38	274.88	274.23999999999995	275.03
1998-02-18	274.39	274.88	274.44	275.09
1998-02-19	274.4	274.885	274.63	275.15999999999997
1998-02-20	274.42999999999995	274.93999999999994	274.79999999999995	275.23999999999995
1998-02-21	274.47999999999996	274.905	274.87	275.31
1998-02-22	274.52	274.90999999999997	274.92999999999995	275.39
1998-02-23	274.60999999999996	274.97	275.0	275.47999999999996
1998-02-24	274.60999999999996	274.985	275.02	275.58
1998-02-25	274.63	274.955	275.03999999999996	275.7
1998-02-26	274.60999999999996	274.91499999999996	275.15	276.03999999999996
1998-02-27	274.59999999999997	274.995	275.21	276.06
1998-02-28	274.59999999999997	275.05499999999995	275.26	276.21
1998-03-01	274.60999999999996	275.04999999999995	275.22999999999996	276.22999999999996
1998-03-02	274.64	274.985	275.17999999999995	275.98999999999995
1998-03-03	274.7	274.95	275.15999999999997	275.89
1998-03-04	274.77	274.92999999999995	275.16999999999996	275.82
1998-03-05	274.83	274.91999999999996	275.2	275.77
1998-03-06	274.7	274.965	275.28	275.76
1998-03-07	274.53999999999996	274.81999999999994	275.22999999999996	275.73999999999995
1998-03-08	274.46999999999997	274.80499999999995	275.19	275.76
1998-03-09	274.44	274.79999999999995	275.14	275.7
1998-03-10	274.45	274.78999999999996	275.06	275.5
1998-03-11	274.46999999999997	274.78	274.97999999999996	275.37
1998-03-12	274.51	274.775	274.92999999999995	275.35999999999996
1998-03-13	274.54999999999995	274.75	274.85999999999996	275.40999999999997
1998-03-14	274.56	274.71999999999997	274.78	275.53999999999996
1998-03-15	274.44	274.645	274.71999999999997	275.59999999999997
1998-03-16	274.33	274.56499999999994	274.69	275.59999999999997
1998-03-17	274.29999999999995	274.62	274.71999999999997	275.54999999999995
1998-03-18	274.28999999999996	274.65	274.73999999999995	275.53
1998-03-19	274.26	274.71	274.83	275.52
1998-03-20	274.28	274.775	274.94	275.51
1998-03-21	274.45	274.825	275.03	275.51
1998-03-22	274.67999999999995	274.885	275.13	275.5
1998-03-23	274.75	274.91499999999996	275.23999999999995	275.48999999999995
1998-03-24	274.69	274.95	275.4	275.52
1998-03-25	274.62	275.04999999999995	275.65	275.7
1998-03-26	274.60999999999996	275.19499999999994	276.0	275.9
1998-03-27	274.60999999999996	275.35	276.22999999999996	276.16999999999996
1998-03-28	274.60999999999996	275.42999999999995	276.47999999999996	276.37
1998-03-29	274.62	275.46999999999997	276.65999999999997	276.45
1998-03-30	274.64	275.47499999999997	276.84999999999997	276.59999999999997
1998-03-31	274.65999999999997	275.46999999999997	277.12	276.64
1998-04-01	274.67999999999995	275.445	277.28999999999996	276.58
1998-04-02	274.67999999999995	275.46	277.42999999999995	276.51
1998-04-03	274.65	275.49	277.63	276.47999999999996
1998-04-04	274.65	275.52	277.75	276.42999999999995
1998-04-05	274.66999999999996	275.44	277.85999999999996	276.42999999999995
1998-04-06	274.75	275.43499999999995	277.63	276.28999999999996
1998-04-07	274.78	275.575	277.87	276.08
1998-04-08	274.85999999999996	275.67499999999995	278.07	276.28999999999996
1998-04-09	274.91999999999996	275.79499999999996	278.28999999999996	276.53
1998-04-10	274.92999999999995	275.765	278.56	276.84999999999997
1998-04-11	274.89	275.88	278.42999999999995	276.67999999999995
1998-04-12	274.84999999999997	276.2049999999999	278.9	276.60999999999996
1998-04-13	274.88	276.265	279.46999999999997	276.97999999999996
1998-04-14	274.91999999999996	276.34	279.60999999999996	277.03
1998-04-15	274.97999999999996	276.37	279.64	277.07
1998-04-16	275.02	276.445	279.69	277.09999999999997
1998-04-17	275.09	276.53499999999997	279.7	277.12
1998-04-18	275.07	276.46	279.71999999999997	277.15
1998-04-19	275.12	276.53	279.7	277.25
1998-04-20	275.23999999999995	276.635	279.71999999999997	277.32
1998-04-21	275.28999999999996	276.965	280.06	276.90999999999997
1998-04-22	275.21	277.195	280.35999999999996	277.54999999999995
1998-04-23	275.09999999999997	276.965	280.65	277.95
1998-04-24	275.34999999999997	277.18999999999994	280.71	278.14
1998-04-25	275.53	277.28999999999996	280.51	277.65999999999997
1998-04-26	275.76	277.4	280.64	278.03
1998-04-27	275.23999999999995	277.42499999999995	280.76	278.13
1998-04-28	275.14	277.16499999999996	280.88	278.12
1998-04-29	275.71999999999997	277.51	280.88	278.02
1998-04-30	276.15999999999997	277.80499999999995	281.34999999999997	278.26
1998-05-01	275.95	278.075	281.96	278.84999999999997
1998-05-02	275.78999999999996	278.35999999999996	282.45	279.53
1998-05-03	275.63	278.64	282.9	279.84999999999997
1998-05-04	275.90999999999997	278.905	283.53999999999996	280.28
1998-05-05	276.37	279.27	284.46	280.96
1998-05-06	276.15999999999997	279.52	285.28999999999996	281.47999999999996
1998-05-07	275.73999999999995	279.60499999999996	285.37	281.79999999999995
1998-05-08	276.45	279.55499999999995	285.0	281.71
1998-05-09	276.58	279.265	284.77	281.66999999999996
1998-05-10	276.32	279.53999999999996	284.38	281.65999999999997
1998-05-11	276.08	279.55499999999995	284.58	281.45
1998-05-12	276.85999999999996	280.14	284.83	281.31
1998-05-13	276.96	280.525	284.96	281.38
1998-05-14	277.04999999999995	280.93999999999994	285.96999999999997	282.5
1998-05-15	277.09999999999997	281.04999999999995	287.32	284.54999999999995
1998-05-16	277.15	280.96999999999997	287.46	284.87
1998-05-17	277.10999999999996	280.97999999999996	287.32	284.67999999999995
1998-05-18	277.71999999999997	282.275	288.63	285.32
1998-05-19	277.56	282.80999999999995	288.98999999999995	285.63
1998-05-20	277.34	282.68499999999995	289.06	285.87
1998-05-21	277.14	282.53499999999997	288.89	285.21999999999997
1998-05-22	277.33	282.40999999999997	288.21999999999997	284.46
1998-05-23	277.96	282.645	288.44	284.26
1998-05-24	277.91999999999996	283.275	288.46999999999997	284.5
1998-05-25	278.15	283.75	288.29999999999995	285.07
1998-05-26	278.10999999999996	283.63	288.27	285.48999999999995
1998-05-27	278.53999999999996	284.18999999999994	288.91999999999996	286.17999999999995
1998-05-28	278.58	284.40999999999997	289.69	286.62
1998-05-29	278.42999999999995	284.35499999999996	289.97999999999996	286.65999999999997
1998-05-30	278.29999999999995	284.11	289.96	286.69
1998-05-31	278.29999999999995	283.79999999999995	290.14	286.16999999999996
1998-06-01	278.29999999999995	283.53	289.71999999999997	285.34
1998-06-02	278.29999999999995	283.42499999999995	289.2	284.66999999999996
1998-06-03	278.27	283.27	288.79999999999995	283.96999999999997
1998-06-04	278.46999999999997	283.07	288.85999999999996	283.60999999999996
1998-06-05	278.66999999999996	283.10499999999996	288.41999999999996	283.46999999999997
1998-06-06	279.03	283.255	288.65999999999997	283.63
1998-06-07	279.42999999999995	283.52	288.63	283.78999999999996
1998-06-08	279.85999999999996	283.825	288.77	284.04999999999995
1998-06-09	279.79999999999995	283.92999999999995	289.03	284.42999999999995
1998-06-10	280.03999999999996	284.25	289.21999999999997	285.15999999999997
1998-06-11	280.03	284.51	289.4	285.53
1998-06-12	280.03	284.74	289.59999999999997	285.9
1998-06-13	280.03999999999996	285.405	289.48999999999995	286.32
1998-06-14	280.92999999999995	285.77	289.9	286.48999999999995
1998-06-15	282.37	286.505	290.48999999999995	286.84
1998-06-16	282.35999999999996	287.06499999999994	290.96999999999997	287.5
1998-06-17	282.35999999999996	287.48	291.33	288.09999999999997
1998-06-18	282.85999999999996	288.0	292.0	288.52
1998-06-19	283.08	288.575	292.32	289.10999999999996
1998-06-20	283.25	289.04999999999995	292.37	290.62
1998-06-21	283.64	289.655	293.31	291.59999999999997
1998-06-22	283.91999999999996	289.99	294.58	292.34
1998-06-23	284.33	290.455	295.16999999999996	292.4
1998-06-24	284.97999999999996	291.16499999999996	295.46	292.79999999999995
1998-06-25	285.19	291.335	295.84	292.88
1998-06-26	285.32	290.875	295.15	292.44
1998-06-27	285.76	290.78999999999996	294.51	291.73999999999995
1998-06-28	285.96	290.96999999999997	294.84	292.17999999999995
1998-06-29	286.09	291.21	295.21	292.37
1998-06-30	286.28999999999996	291.30999999999995	294.90999999999997	292.02
1998-07-01	286.41999999999996	291.255	294.97999999999996	291.71999999999997
1998-07-02	287.35999999999996	291.53	295.14	291.63
1998-07-03	287.76	291.85999999999996	295.62	291.98999999999995
1998-07-04	287.56	291.56999999999994	295.5	292.13
1998-07-05	288.16999999999996	291.72999999999996	295.48999999999995	292.22999999999996
1998-07-06	288.44	292.19	295.88	292.57
1998-07-07	288.95	292.10499999999996	295.83	292.48999999999995
1998-07-08	289.82	292.14	295.69	292.39
1998-07-09	289.96999999999997	292.60499999999996	295.78	292.33
1998-07-10	289.53	292.45	295.66999999999996	292.5
1998-07-11	290.16999999999996	292.49	295.83	292.95
1998-07-12	291.14	292.885	295.98999999999995	293.10999999999996
1998-07-13	291.0	293.215	296.25	293.92999999999995
1998-07-14	290.71999999999997	293.85499999999996	296.92999999999995	294.03999999999996
1998-07-15	290.7	294.22999999999996	297.34999999999997	294.66999999999996
1998-07-16	290.60999999999996	294.525	297.38	295.52
1998-07-17	290.71999999999997	294.41499999999996	297.32	295.40999999999997
1998-07-18	290.87	294.53	297.08	294.87
1998-07-19	291.15	294.63	297.14	294.88
1998-07-20	291.23999999999995	294.68499999999995	297.04999999999995	295.15
1998-07-21	291.2	294.865	297.28	295.40999999999997
1998-07-22	290.65	294.56499999999994	297.03	295.52
1998-07-23	290.16999999999996	294.44499999999994	296.73999999999995	295.23999999999995
1998-07-24	289.77	294.04499999999996	296.51	294.84999999999997
1998-07-25	289.66999999999996	293.85999999999996	296.34999999999997	294.62
1998-07-26	289.53	293.765	296.23999999999995	294.76
1998-07-27	289.35999999999996	293.87	296.53	294.54999999999995
1998-07-28	289.22999999999996	293.855	296.42999999999995	294.28
1998-07-29	289.17999999999995	293.84999999999997	296.57	293.83
1998-07-30	289.44	294.1	296.52	293.84
1998-07-31	289.78999999999996	293.895	296.34	294.10999999999996
1998-08-01	290.15	293.965	296.52	294.41999999999996
1998-08-02	290.98999999999995	294.21999999999997	296.41999999999996	294.69
1998-08-03	291.39	294.475	296.84	295.17999999999995
1998-08-04	291.87	294.65	296.90999999999997	295.4
1998-08-05	292.0	294.82499999999993	296.98999999999995	295.44
1998-08-06	292.14	294.9549999999999	297.06	295.44
1998-08-07	292.38	295.13	297.13	295.44
1998-08-08	292.52	295.30499999999995	297.28999999999996	295.54999999999995
1998-08-09	292.78	295.46	297.37	295.96
1998-08-10	292.73999999999995	295.455	297.39	296.10999999999996
1998-08-11	292.32	294.985	297.4	295.97999999999996
1998-08-12	292.27	294.79999999999995	297.07	295.69
1998-08-13	292.44	294.79499999999996	296.88	295.52
1998-08-14	292.45	294.965	297.15	295.59
1998-08-15	292.41999999999996	295.18499999999995	297.23999999999995	295.72999999999996
1998-08-16	292.59999999999997	294.9	297.16999999999996	295.78999999999996
1998-08-17	292.13	295.17499999999995	297.26	295.84
1998-08-18	291.65999999999997	294.68999999999994	297.25	295.72999999999996
1998-08-19	291.60999999999996	294.49	296.9	295.5
1998-08-20	291.71999999999997	294.495	296.59	295.29999999999995
1998-08-21	291.76	294.485	296.89	295.94
1998-08-22	291.7	294.42499999999995	297.04999999999995	296.0
1998-08-23	291.89	294.745	297.31	295.84999999999997
1998-08-24	291.78999999999996	294.765	296.97999999999996	295.56
1998-08-25	291.87	294.99	296.67999999999995	295.21999999999997
1998-08-26	292.23999999999995	294.835	296.62	295.07
1998-08-27	292.56	295.1	296.96	295.39
1998-08-28	292.48999999999995	295.18999999999994	297.15	295.78
1998-08-29	292.5	295.19999999999993	297.15999999999997	295.78999999999996
1998-08-30	292.42999999999995	295.23	297.03	295.59
1998-08-31	292.2	294.87	296.83	295.58
1998-09-01	292.32	294.69499999999994	296.69	295.23999999999995
1998-09-02	292.03	294.565	296.64	294.96999999999997
1998-09-03	291.94	294.53999999999996	296.58	294.67999999999995
1998-09-04	291.7	294.34	296.12	294.71
1998-09-05	291.79999999999995	294.075	295.91999999999996	294.96
1998-09-06	291.84999999999997	294.335	296.32	294.95
1998-09-07	291.78999999999996	294.225	296.22999999999996	294.72999999999996
1998-09-08	291.27	293.735	295.79999999999995	294.21
1998-09-09	291.06	293.29999999999995	295.23999999999995	293.78999999999996
1998-09-10	291.38	293.03499999999997	295.13	293.66999999999996
1998-09-11	291.53	292.97499999999997	294.47999999999996	293.26
1998-09-12	291.31	293.015	294.71	293.14
1998-09-13	291.42999999999995	293.135	294.71999999999997	293.38
1998-09-14	291.34999999999997	293.17999999999995	295.02	293.48999999999995
1998-09-15	291.28999999999996	292.99	294.95	293.42999999999995
1998-09-16	291.09	292.955	294.88	293.39
1998-09-17	291.21999999999997	292.91999999999996	294.98999999999995	293.62
1998-09-18	291.29999999999995	293.03499999999997	294.91999999999996	293.71999999999997
1998-09-19	291.02	293.16999999999996	295.09999999999997	293.22999999999996
1998-09-20	290.65999999999997	293.28999999999996	294.98999999999995	293.35999999999996
1998-09-21	290.27	293.34499999999997	294.87	293.59999999999997
1998-09-22	289.90999999999997	292.865	294.75	293.17999999999995
1998-09-23	289.57	292.42499999999995	294.78	293.21
1998-09-24	289.28	292.07499999999993	294.48999999999995	292.65999999999997
1998-09-25	289.15999999999997	291.97999999999996	294.22999999999996	292.5
1998-09-26	288.98999999999995	291.94499999999994	294.33	292.28999999999996
1998-09-27	288.76	291.68499999999995	294.17999999999995	292.19
1998-09-28	288.76	291.615	293.87	292.21
1998-09-29	288.62	291.31	293.46	291.69
1998-09-30	288.16999999999996	290.945	293.27	291.48999999999995
1998-10-01	287.78999999999996	290.48	293.10999999999996	291.04999999999995
1998-10-02	287.34	290.04999999999995	292.72999999999996	290.53
1998-10-03	287.03999999999996	289.62	292.21999999999997	290.04999999999995
1998-10-04	286.83	289.41499999999996	291.71999999999997	289.77
1998-10-05	286.59999999999997	288.96	291.15	289.38
1998-10-06	286.31	288.73	291.28	288.83
1998-10-07	286.03	288.53999999999996	290.91999999999996	288.52
1998-10-08	285.84999999999997	288.405	290.97999999999996	288.5
1998-10-09	285.56	288.26	291.09999999999997	288.64
1998-10-10	285.66999999999996	288.255	290.96	288.62
1998-10-11	285.60999999999996	288.19	291.03999999999996	288.65999999999997
1998-10-12	285.28999999999996	288.23	291.08	288.09
1998-10-13	284.98999999999995	287.97999999999996	291.14	288.28999999999996
1998-10-14	284.7	287.705	290.71999999999997	288.35999999999996
1998-10-15	284.53	287.465	290.31	288.14
1998-10-16	284.33	287.30499999999995	290.37	288.38
1998-10-17	284.09	287.17499999999995	290.23999999999995	288.40999999999997
1998-10-18	283.84999999999997	287.025	290.04999999999995	287.97999999999996
1998-10-19	283.59	287.02	289.89	287.59999999999997
1998-10-20	283.22999999999996	286.59000000000003	289.91999999999996	287.41999999999996
1998-10-21	283.09	286.28499999999997	289.37	286.78
1998-10-22	283.08	286.06999999999994	289.02	286.23999999999995
1998-10-23	283.09	285.9599999999999	288.60999999999996	286.03
1998-10-24	283.09	285.94999999999993	288.29999999999995	285.65999999999997
1998-10-25	282.90999999999997	285.865	288.19	285.53
1998-10-26	282.95	285.93499999999995	288.0	285.66999999999996
1998-10-27	282.96999999999997	285.97499999999997	288.0	285.85999999999996
1998-10-28	282.94	285.875	287.75	285.82
1998-10-29	282.79999999999995	285.625	287.54999999999995	285.76
1998-10-30	282.65999999999997	285.52	287.56	285.58
1998-10-31	282.53999999999996	285.505	287.42999999999995	285.26
1998-11-01	282.44	285.42499999999995	287.52	285.34999999999997
1998-11-02	282.31	285.28499999999997	287.34	285.21
1998-11-03	282.13	284.92499999999995	286.87	284.87
1998-11-04	281.92999999999995	284.625	286.45	284.56
1998-11-05	281.7	284.3349999999999	286.10999999999996	284.29999999999995
1998-11-06	281.52	284.07499999999993	285.78	284.09
1998-11-07	281.33	283.8299999999999	285.45	283.84999999999997
1998-11-08	281.15	283.54499999999996	285.08	283.58
1998-11-09	280.97999999999996	283.27	284.82	283.34
1998-11-10	280.81	282.935	284.58	283.09999999999997
1998-11-11	280.59999999999997	282.55999999999995	284.28999999999996	282.81
1998-11-12	280.40999999999997	282.31499999999994	284.19	282.59999999999997
1998-11-13	280.25	282.17499999999995	284.03	282.33
1998-11-14	280.10999999999996	282.03	283.87	282.19
1998-11-15	279.94	281.895	283.65	282.03999999999996
1998-11-16	279.82	281.735	283.45	281.79999999999995
1998-11-17	279.71999999999997	281.59999999999997	283.37	281.66999999999996
1998-11-18	279.64	281.51	283.35999999999996	281.59999999999997
1998-11-19	279.40999999999997	281.42999999999995	283.2	281.56
1998-11-20	279.42999999999995	281.355	283.02	281.42999999999995
1998-11-21	279.46	281.28	282.81	281.29999999999995
1998-11-22	279.47999999999996	281.16499999999996	282.64	281.17999999999995
1998-11-23	279.41999999999996	281.085	282.59999999999997	281.10999999999996
1998-11-24	279.26	280.97999999999996	282.48999999999995	280.92999999999995
1998-11-25	279.14	280.905	282.21	280.85999999999996
1998-11-26	279.13	280.90999999999997	282.14	280.88
1998-11-27	279.21	280.905	282.13	280.9
1998-11-28	279.2	281.015	282.19	281.02
1998-11-29	279.2	280.955	282.16999999999996	281.03
1998-11-30	279.19	280.9	282.23999999999995	281.01
1998-12-01	279.17999999999995	280.78999999999996	282.29999999999995	281.03
1998-12-02	279.08	280.92499999999995	282.32	281.09
1998-12-03	279.01	280.9599999999999	282.32	281.16999999999996
1998-12-04	278.91999999999996	281.185	282.29999999999995	281.29999999999995
1998-12-05	278.91999999999996	280.9	282.26	280.84999999999997
1998-12-06	278.85999999999996	280.84499999999997	282.22999999999996	280.76
1998-12-07	278.79999999999995	280.775	282.16999999999996	280.66999999999996
1998-12-08	278.7	280.66999999999996	282.10999999999996	280.67999999999995
1998-12-09	278.72999999999996	280.57499999999993	282.25	280.75
1998-12-10	278.73999999999995	280.37	281.88	280.59999999999997
1998-12-11	278.73999999999995	280.44499999999994	281.71	280.42999999999995
1998-12-12	278.7	280.28	281.57	280.47999999999996
1998-12-13	278.59	280.265	281.39	280.34999999999997
1998-12-14	278.63	280.16499999999996	281.33	280.23999999999995
1998-12-15	278.66999999999996	279.91499999999996	280.94	279.98999999999995
1998-12-16	278.52	279.81499999999994	280.89	279.91999999999996
1998-12-17	278.25	279.73	280.77	279.84999999999997
1998-12-18	278.02	279.53	280.5	279.71999999999997
1998-12-19	277.78999999999996	279.245	280.16999999999996	279.57
1998-12-20	277.58	279.05999999999995	279.84	279.48999999999995
1998-12-21	277.37	278.87	279.5	279.38
1998-12-22	277.15999999999997	278.67499999999995	279.15	279.22999999999996
1998-12-23	276.96999999999997	278.475	278.81	279.07
1998-12-24	276.81	278.34	278.48999999999995	278.88
1998-12-25	276.69	278.25	278.23999999999995	278.71
1998-12-26	276.45	278.0	277.85999999999996	278.51
1998-12-27	276.35999999999996	277.80999999999995	277.60999999999996	278.52
1998-12-28	276.25	277.59999999999997	277.42999999999995	278.60999999999996
1998-12-29	276.12	277.59	277.34999999999997	278.59999999999997
1998-12-30	275.91999999999996	277.485	277.23999999999995	278.52
1998-12-31	275.73999999999995	277.3299999999999	276.96	278.29999999999995
1999-01-01	275.64	277.17499999999995	276.63	278.09999999999997
1999-01-01	275.64	277.33	276.63	278.09999999999997
1999-01-01	275.64	277.02	276.63	278.09999999999997
1999-01-02	275.5	276.91499999999996	276.02	277.51
1999-01-03	275.37	276.705	275.71	277.23999999999995
1999-01-04	275.25	276.515	275.47999999999996	277.07
1999-01-05	275.15	276.35499999999996	275.29999999999995	276.96999999999997
1999-01-06	274.96	275.87	274.91999999999996	276.84
1999-01-07	274.81	275.84	274.69	276.88
1999-01-08	274.67999999999995	275.78	274.54999999999995	276.89
1999-01-09	274.57	275.69999999999993	273.34999999999997	276.7
1999-01-10	274.48999999999995	275.64	273.34999999999997	276.64
1999-01-11	274.41999999999996	275.595	273.34999999999997	276.58
1999-01-12	274.34999999999997	275.56999999999994	273.34999999999997	276.4
1999-01-13	274.21	275.365	273.34999999999997	276.08
1999-01-14	274.10999999999996	275.235	273.34999999999997	276.0
1999-01-15	274.15999999999997	275.15999999999997	273.48999999999995	276.02
1999-01-16	274.19	275.02	273.34999999999997	275.92999999999995
1999-01-17	274.2	275.03499999999997	273.34999999999997	275.67999999999995
1999-01-18	274.21999999999997	274.995	273.34999999999997	275.64
1999-01-19	274.27	274.9549999999999	273.34999999999997	275.59999999999997
1999-01-20	274.32	274.95	273.34999999999997	275.53
1999-01-21	274.34999999999997	274.93499999999995	273.34999999999997	275.58
1999-01-22	274.38	275.0	273.34999999999997	275.67999999999995
1999-01-23	274.53	274.97499999999997	273.34999999999997	275.65999999999997
1999-01-24	274.57	274.975	273.34999999999997	275.62
1999-01-25	274.58	274.945	273.34999999999997	275.59
1999-01-26	274.59999999999997	274.96	273.34999999999997	275.59999999999997
1999-01-27	274.62	274.93999999999994	273.34999999999997	275.56
1999-01-28	274.73999999999995	274.95	273.34999999999997	275.5
1999-01-29	274.78999999999996	275.0	273.34999999999997	275.48999999999995
1999-01-30	274.85999999999996	275.125	273.34999999999997	275.38
1999-01-31	274.9	275.125	273.34999999999997	275.29999999999995
1999-02-01	274.77	275.14	273.34999999999997	275.48999999999995
1999-02-02	274.62	275.155	273.5	275.54999999999995
1999-02-03	274.53999999999996	275.17499999999995	273.51	275.57
1999-02-04	274.53999999999996	275.115	273.52	275.47999999999996
1999-02-05	274.59	275.2049999999999	273.53	275.4
1999-02-06	274.63	275.23	273.53999999999996	275.28
1999-02-07	274.66999999999996	275.265	273.57	275.2
1999-02-08	274.71	275.31499999999994	273.59999999999997	275.13
1999-02-09	274.75	275.405	273.62	275.16999999999996
1999-02-10	274.73999999999995	275.63	273.71999999999997	275.34
1999-02-11	274.67999999999995	275.84	273.75	275.41999999999996
1999-02-12	274.52	275.53999999999996	273.76	275.4
1999-02-13	274.41999999999996	275.29999999999995	273.62	275.33
1999-02-14	274.40999999999997	275.225	273.62	275.23999999999995
1999-02-15	274.39	275.17999999999995	273.62	275.12
1999-02-16	274.37	275.085	273.63	275.19
1999-02-17	274.34999999999997	275.02	273.63	275.23999999999995
1999-02-18	274.33	274.93499999999995	273.63	275.28
1999-02-19	274.26	274.855	273.63	275.34999999999997
1999-02-20	274.10999999999996	274.745	273.34999999999997	275.29999999999995
1999-02-21	274.15	274.735	273.34999999999997	275.37
1999-02-22	273.84999999999997	274.54999999999995	273.34999999999997	275.12
1999-02-23	273.87	274.465	273.34999999999997	274.95
1999-02-24	273.9	274.505	273.34999999999997	274.91999999999996
1999-02-25	273.91999999999996	274.5	273.34999999999997	274.98999999999995
1999-02-26	273.96	274.56	273.51	275.31
1999-02-27	273.95	274.56499999999994	273.34999999999997	275.26
1999-02-28	273.96	274.59499999999997	273.34999999999997	275.13
1999-03-01	273.94	274.59999999999997	273.34999999999997	275.17999999999995
1999-03-02	273.96	274.65999999999997	273.37	275.26
1999-03-03	273.90999999999997	274.58	273.35999999999996	275.2
1999-03-04	273.9	274.55999999999995	273.35999999999996	275.08
1999-03-05	273.89	274.54999999999995	273.40999999999997	274.92999999999995
1999-03-06	273.91999999999996	274.51	273.34999999999997	274.75
1999-03-07	273.97999999999996	274.55499999999995	273.34999999999997	274.78999999999996
1999-03-08	273.92999999999995	274.465	273.34999999999997	275.04999999999995
1999-03-09	273.84999999999997	274.385	273.34999999999997	274.58
1999-03-10	273.78	274.29499999999996	273.34999999999997	274.60999999999996
1999-03-11	273.67999999999995	274.24	273.34999999999997	274.64
1999-03-12	273.65	274.245	273.39	274.60999999999996
1999-03-13	273.71	274.265	273.37	274.56
1999-03-14	273.84	274.245	273.37	274.47999999999996
1999-03-15	273.94	274.365	273.37	274.44
1999-03-16	274.01	274.43999999999994	273.38	274.47999999999996
1999-03-17	274.0	274.35499999999996	273.39	274.60999999999996
1999-03-18	273.98999999999995	274.475	273.4	274.65999999999997
1999-03-19	273.97999999999996	274.51	273.45	274.76
1999-03-20	273.96	274.54499999999996	273.45	274.79999999999995
1999-03-21	273.92999999999995	274.455	273.45	274.79999999999995
1999-03-22	273.92999999999995	274.40999999999997	273.44	274.77
1999-03-23	274.08	274.525	273.75	274.73999999999995
1999-03-24	274.25	274.645	273.94	274.89
1999-03-25	274.42999999999995	274.75	274.22999999999996	274.87
1999-03-26	274.42999999999995	274.88	274.5	274.98999999999995
1999-03-27	274.2	274.74	274.57	275.15
1999-03-28	273.98999999999995	274.67999999999995	274.59999999999997	275.46
1999-03-29	274.01	274.66999999999996	274.75	275.63
1999-03-30	274.07	274.66999999999996	274.82	275.57
1999-03-31	274.03	274.68499999999995	275.01	275.4
1999-04-01	274.03999999999996	274.78499999999997	275.19	275.54999999999995
1999-04-02	274.08	274.905	275.53999999999996	275.72999999999996
1999-04-03	274.15999999999997	275.015	275.94	275.84999999999997
1999-04-04	274.21	275.125	276.19	275.91999999999996
1999-04-05	274.23999999999995	275.215	276.32	275.95
1999-04-06	274.26	275.59499999999997	276.41999999999996	275.97999999999996
1999-04-07	274.28	275.63	276.67999999999995	275.90999999999997
1999-04-08	274.27	275.645	277.0	275.84
1999-04-09	274.35999999999996	275.655	277.17999999999995	276.0
1999-04-10	274.51	275.705	277.22999999999996	276.03
1999-04-11	274.73999999999995	275.82	277.53	276.34
1999-04-12	274.92999999999995	275.97	277.63	276.42999999999995
1999-04-13	274.83	276.14	277.81	276.69
1999-04-14	274.5	276.205	278.26	276.82
1999-04-15	274.42999999999995	276.29999999999995	278.64	276.84
1999-04-16	274.58	276.325	278.67999999999995	276.82
1999-04-17	274.72999999999996	276.405	278.7	276.79999999999995
1999-04-18	274.9	276.41999999999996	278.75	276.79999999999995
1999-04-19	275.09999999999997	276.53499999999997	278.89	276.83
1999-04-20	275.34	276.76	279.07	276.85999999999996
1999-04-21	275.46999999999997	276.755	279.17999999999995	277.28999999999996
1999-04-22	275.31	276.78499999999997	279.23999999999995	277.23999999999995
1999-04-23	275.28	276.90999999999997	279.32	277.22999999999996
1999-04-24	275.76	277.1	279.39	277.21999999999997
1999-04-25	276.28999999999996	277.16499999999996	279.71999999999997	277.35999999999996
1999-04-26	275.94	277.78999999999996	279.72999999999996	277.81
1999-04-27	275.59	277.62	280.29999999999995	278.32
1999-04-28	276.27	277.77	280.48999999999995	277.92999999999995
1999-04-29	276.09999999999997	278.115	280.57	278.54999999999995
1999-04-30	276.44	278.40999999999997	280.98999999999995	279.08
1999-05-01	275.97999999999996	278.955	281.77	279.45
1999-05-02	275.53999999999996	278.885	282.4	280.0
1999-05-03	276.15	279.115	282.97999999999996	280.65999999999997
1999-05-04	276.41999999999996	279.315	283.51	281.08
1999-05-05	276.19	279.43499999999995	284.03	281.31
1999-05-06	276.17999999999995	279.29499999999996	284.34	281.0
1999-05-07	276.21999999999997	279.255	284.69	281.01
1999-05-08	276.22999999999996	279.26	284.84999999999997	280.84999999999997
1999-05-09	276.23999999999995	279.31499999999994	284.42999999999995	280.62
1999-05-10	276.26	279.57	284.58	280.52
1999-05-11	276.34	279.395	284.07	280.73999999999995
1999-05-12	276.46	279.385	283.85999999999996	280.97999999999996
1999-05-13	276.53999999999996	279.28999999999996	283.85999999999996	281.10999999999996
1999-05-14	276.65999999999997	279.495	283.9	280.92999999999995
1999-05-15	276.7	279.89	284.09999999999997	281.67999999999995
1999-05-16	276.60999999999996	280.255	284.48999999999995	282.41999999999996
1999-05-17	276.53	280.53499999999997	284.73999999999995	282.67999999999995
1999-05-18	276.46	280.75	284.9	282.45
1999-05-19	276.46	280.995	285.08	282.42999999999995
1999-05-20	276.73999999999995	281.04999999999995	285.37	282.72999999999996
1999-05-21	276.78999999999996	281.125	285.46999999999997	282.79999999999995
1999-05-22	277.0	281.09	285.47999999999996	282.9
1999-05-23	276.79999999999995	281.09	285.46	282.88
1999-05-24	276.92999999999995	281.02	285.4	282.9
1999-05-25	277.09999999999997	280.94	285.34999999999997	282.95
1999-05-26	277.4	281.0	285.31	282.96
1999-05-27	277.85999999999996	281.42999999999995	285.65999999999997	283.14
1999-05-28	277.66999999999996	282.495	286.26	283.71999999999997
1999-05-29	277.79999999999995	283.275	288.62	284.53999999999996
1999-05-30	277.65	283.89	290.71999999999997	286.46
1999-05-31	277.85999999999996	284.04499999999996	291.21	287.01
1999-06-01	278.19	284.05999999999995	290.78999999999996	286.9
1999-06-02	278.51	283.975	290.40999999999997	286.76
1999-06-03	278.45	283.92999999999995	290.09	286.63
1999-06-04	278.59999999999997	284.41499999999996	289.98999999999995	286.57
1999-06-05	278.71999999999997	285.15	290.42999999999995	287.22999999999996
1999-06-06	278.88	285.83	291.19	287.83
1999-06-07	279.06	285.93499999999995	292.41999999999996	288.42999999999995
1999-06-08	279.06	286.55999999999995	292.38	288.94
1999-06-09	279.19	287.715	292.22999999999996	289.17999999999995
1999-06-10	279.34999999999997	288.215	294.07	289.02
1999-06-11	279.46999999999997	288.49	294.08	289.23999999999995
1999-06-12	279.47999999999996	288.21999999999997	294.19	289.87
1999-06-13	279.32	287.75	293.66999999999996	290.53
1999-06-14	279.12	287.18999999999994	293.06	289.82
1999-06-15	278.96999999999997	286.49	292.41999999999996	289.03
1999-06-16	279.47999999999996	286.48	292.31	288.64
1999-06-17	279.57	286.68499999999995	291.95	288.41999999999996
1999-06-18	280.01	286.96	291.97999999999996	288.46
1999-06-19	280.66999999999996	287.775	291.90999999999997	289.07
1999-06-20	281.34999999999997	288.99	292.41999999999996	291.33
1999-06-21	281.88	289.275	292.81	292.26
1999-06-22	281.95	289.71	293.03999999999996	292.19
1999-06-23	282.02	290.16999999999996	293.65	293.04999999999995
1999-06-24	282.12	290.85999999999996	294.37	293.26
1999-06-25	282.59999999999997	291.43499999999995	295.06	293.57
1999-06-26	282.85999999999996	291.525	294.29999999999995	293.67999999999995
1999-06-27	282.71999999999997	291.405	294.63	293.87
1999-06-28	282.59	291.21999999999997	294.88	294.2
1999-06-29	282.51	290.49	294.92999999999995	293.45
1999-06-30	282.91999999999996	290.09499999999997	294.89	292.38
1999-07-01	283.16999999999996	289.995	294.65	292.21
1999-07-02	283.41999999999996	290.08	294.84999999999997	292.33
1999-07-03	283.54999999999995	290.91499999999996	295.48999999999995	293.0
1999-07-04	283.5	291.53499999999997	296.34	293.92999999999995
1999-07-05	283.29999999999995	291.67999999999995	297.13	294.65
1999-07-06	283.03999999999996	291.135	296.59999999999997	294.15999999999997
1999-07-07	283.15	291.17499999999995	296.2	293.15999999999997
1999-07-08	283.31	290.995	296.28	292.72999999999996
1999-07-09	283.26	290.63	295.92999999999995	292.41999999999996
1999-07-10	283.34	290.405	295.57	292.08
1999-07-11	284.17999999999995	290.79999999999995	295.65	291.89
1999-07-12	284.60999999999996	291.29999999999995	295.62	292.46999999999997
1999-07-13	285.22999999999996	291.635	295.53	292.84999999999997
1999-07-14	285.95	291.79499999999996	296.2	294.08
1999-07-15	286.21999999999997	292.09499999999997	296.87	294.34
1999-07-16	286.48999999999995	292.15999999999997	296.84999999999997	294.08
1999-07-17	286.66999999999996	292.705	297.16999999999996	295.06
1999-07-18	286.85999999999996	293.11	297.39	295.60999999999996
1999-07-19	287.67999999999995	293.46999999999997	297.64	295.88
1999-07-20	288.46999999999997	293.53499999999997	297.62	295.58
1999-07-21	289.39	294.03999999999996	297.84999999999997	295.69
1999-07-22	290.14	294.62	298.10999999999996	296.32
1999-07-23	290.02	295.04999999999995	298.22999999999996	296.52
1999-07-24	289.7	294.78	298.69	296.72999999999996
1999-07-25	289.71	295.01	298.16999999999996	296.4
1999-07-26	289.67999999999995	295.115	297.94	296.40999999999997
1999-07-27	289.60999999999996	295.29499999999996	298.14	296.53999999999996
1999-07-28	289.85999999999996	295.41499999999996	298.45	296.78999999999996
1999-07-29	290.59999999999997	295.73	298.5	296.75
1999-07-30	290.78999999999996	296.15999999999997	298.82	296.89
1999-07-31	290.56	296.225	299.33	296.96999999999997
1999-08-01	290.23999999999995	295.84999999999997	299.15999999999997	296.84999999999997
1999-08-02	290.31	295.46999999999997	298.88	296.88
1999-08-03	290.34999999999997	295.25	298.71999999999997	296.59
1999-08-04	290.62	295.03499999999997	298.71999999999997	296.45
1999-08-05	290.19	294.78	298.46	296.26
1999-08-06	290.19	294.645	297.88	295.69
1999-08-07	290.16999999999996	294.19499999999994	297.59999999999997	295.25
1999-08-08	289.29999999999995	293.79499999999996	297.21999999999997	294.91999999999996
1999-08-09	289.51	293.29999999999995	297.09999999999997	294.98999999999995
1999-08-10	289.64	293.335	296.67999999999995	294.72999999999996
1999-08-11	289.75	293.5	296.44	294.69
1999-08-12	289.5	293.55999999999995	296.69	295.02
1999-08-13	289.13	293.315	296.53999999999996	295.15999999999997
1999-08-14	288.90999999999997	293.04999999999995	296.22999999999996	294.73999999999995
1999-08-15	289.22999999999996	293.03	295.94	294.52
1999-08-16	288.96	293.195	296.13	294.71999999999997
1999-08-17	288.65999999999997	293.005	296.53	294.66999999999996
1999-08-18	288.91999999999996	293.03499999999997	296.34999999999997	294.65999999999997
1999-08-19	289.26	293.26	296.23999999999995	294.76
1999-08-20	289.71	293.235	296.15	294.82
1999-08-21	290.28	293.35999999999996	296.0	294.9
1999-08-22	290.52	293.65999999999997	295.94	295.06
1999-08-23	290.90999999999997	293.865	295.91999999999996	294.85999999999996
1999-08-24	291.25	294.09	295.92999999999995	295.21
1999-08-25	291.65	294.16999999999996	295.91999999999996	295.17999999999995
1999-08-26	292.09999999999997	294.54499999999996	295.88	295.26
1999-08-27	292.13	294.53999999999996	296.02	295.4
1999-08-28	291.39	294.965	296.42999999999995	295.52
1999-08-29	290.46999999999997	294.16999999999996	295.91999999999996	294.84
1999-08-30	290.21	293.495	295.42999999999995	294.44
1999-08-31	290.48999999999995	293.34999999999997	294.97999999999996	294.12
1999-09-01	290.83	293.455	294.85999999999996	294.15
1999-09-02	291.31	293.66999999999996	295.14	294.73999999999995
1999-09-03	291.60999999999996	293.97499999999997	295.21	294.91999999999996
1999-09-04	291.65999999999997	294.30999999999995	295.91999999999996	295.21
1999-09-05	291.21999999999997	295.025	295.97999999999996	295.25
1999-09-06	290.67999999999995	294.61	296.03999999999996	295.29999999999995
1999-09-07	290.69	293.875	296.02	295.23999999999995
1999-09-08	290.56	293.93999999999994	296.03999999999996	295.16999999999996
1999-09-09	290.02	293.75	295.96999999999997	294.95
1999-09-10	289.57	293.25	295.32	294.69
1999-09-11	289.17999999999995	292.8299999999999	295.03	294.53999999999996
1999-09-12	288.91999999999996	292.71	295.04999999999995	294.06
1999-09-13	288.67999999999995	292.65999999999997	295.03999999999996	294.07
1999-09-14	288.26	292.28	294.69	293.95
1999-09-15	287.87	291.985	294.47999999999996	293.65999999999997
1999-09-16	287.62	291.625	294.15999999999997	293.41999999999996
1999-09-17	287.82	291.495	293.78	293.13
1999-09-18	287.66999999999996	291.51	293.58	292.79999999999995
1999-09-19	287.46	291.40999999999997	293.58	293.01
1999-09-20	287.21	291.19499999999994	293.53	292.71999999999997
1999-09-21	287.01	290.96	293.13	292.25
1999-09-22	286.89	290.995	292.71999999999997	291.94
1999-09-23	286.89	290.59	293.06	291.65999999999997
1999-09-24	286.91999999999996	290.36	292.13	291.38
1999-09-25	286.96	290.405	292.14	291.53999999999996
1999-09-26	286.78	290.30499999999995	291.83	291.23999999999995
1999-09-27	286.65999999999997	290.155	292.71999999999997	291.51
1999-09-28	286.38	289.905	292.96999999999997	292.27
1999-09-29	286.31	289.59999999999997	292.71	291.7
1999-09-30	286.15999999999997	289.30999999999995	292.04999999999995	290.76
1999-10-01	285.62	289.04499999999996	291.21999999999997	289.76
1999-10-02	285.09	288.655	290.92999999999995	289.37
1999-10-03	284.60999999999996	288.25	290.7	289.13
1999-10-04	284.37	287.93999999999994	290.45	288.96999999999997
1999-10-05	284.16999999999996	287.775	290.2	288.82
1999-10-06	284.0	287.5	289.65	288.48999999999995
1999-10-07	283.7	287.125	289.65999999999997	288.31
1999-10-08	283.62	286.94	289.31	287.84999999999997
1999-10-09	283.69	286.905	289.32	287.71999999999997
1999-10-10	283.71	287.23	289.33	287.73999999999995
1999-10-11	283.62	287.345	289.75	287.89
1999-10-12	283.44	287.015	289.17999999999995	287.35999999999996
1999-10-13	283.25	286.69999999999993	289.07	287.21
1999-10-14	282.96	286.34999999999997	288.9	287.01
1999-10-15	282.78	286.155	289.22999999999996	287.13
1999-10-16	282.58	286.02	288.65999999999997	286.96
1999-10-17	282.40999999999997	285.80499999999995	288.47999999999996	286.98999999999995
1999-10-18	282.22999999999996	285.65	288.28	286.76
1999-10-19	282.07	285.495	288.21999999999997	286.45
1999-10-20	281.89	285.32	288.12	286.39
1999-10-21	281.72999999999996	285.08	287.84999999999997	286.08
1999-10-22	281.56	284.79999999999995	287.44	285.84
1999-10-23	281.28999999999996	284.485	287.07	285.65999999999997
1999-10-24	281.13	284.19999999999993	286.7	285.52
1999-10-25	280.91999999999996	283.78999999999996	286.45	285.4
1999-10-26	280.84999999999997	283.66999999999996	286.28	285.06
1999-10-27	280.83	283.71	286.01	284.81
1999-10-28	280.72999999999996	283.41499999999996	285.97999999999996	284.38
1999-10-29	280.75	283.485	286.22999999999996	284.34999999999997
1999-10-30	280.71	283.635	286.38	284.88
1999-10-31	280.71	283.77	286.17999999999995	284.78
1999-11-01	280.97999999999996	283.84999999999997	285.76	284.58
1999-11-02	280.59	283.5	285.44	284.46
1999-11-03	280.2	283.12	285.09	283.96
1999-11-04	279.91999999999996	282.755	284.84999999999997	283.4
1999-11-05	280.04999999999995	282.66999999999996	284.59	282.89
1999-11-06	279.84	282.66499999999996	284.56	282.37
1999-11-07	279.75	282.49	284.34	282.21
1999-11-08	279.65999999999997	282.34	284.33	282.0
1999-11-09	279.78	282.34999999999997	284.35999999999996	281.97999999999996
1999-11-10	279.83	282.26	284.33	281.96999999999997
1999-11-11	279.81	282.16499999999996	284.32	281.95
1999-11-12	279.7	282.11	284.26	282.02
1999-11-13	279.59999999999997	282.09	284.22999999999996	281.90999999999997
1999-11-14	279.53999999999996	282.09	284.09	281.78999999999996
1999-11-15	279.44	282.05499999999995	283.77	281.66999999999996
1999-11-16	279.38	281.865	283.56	281.53999999999996
1999-11-17	279.33	281.77	283.25	281.34999999999997
1999-11-18	279.28999999999996	281.59	282.97999999999996	281.34
1999-11-19	279.22999999999996	281.53499999999997	282.7	281.28999999999996
1999-11-20	279.15999999999997	281.46999999999997	282.65	281.23999999999995
1999-11-21	279.10999999999996	281.42999999999995	282.60999999999996	281.21
1999-11-22	279.08	281.395	282.78	281.28999999999996
1999-11-23	279.03999999999996	281.395	282.78	281.31
1999-11-24	279.03	281.38	282.73999999999995	281.26
1999-11-25	279.01	281.335	282.64	281.12
1999-11-26	278.92999999999995	281.15	282.54999999999995	281.0
1999-11-27	278.84	281.08	282.51	280.90999999999997
1999-11-28	278.7	281.03999999999996	282.26	280.78
1999-11-29	278.60999999999996	280.84499999999997	282.03999999999996	280.64
1999-11-30	278.53999999999996	280.73	281.63	280.53
1999-12-01	278.48999999999995	280.59499999999997	281.28999999999996	280.71
1999-12-02	278.42999999999995	280.53	281.21999999999997	280.51
1999-12-03	278.4	280.45	281.17999999999995	280.51
1999-12-04	278.34999999999997	280.39	281.13	280.53
1999-12-05	278.29999999999995	280.32499999999993	281.09999999999997	280.56
1999-12-06	278.25	280.25	281.04999999999995	280.59999999999997
1999-12-07	278.21	280.185	281.01	280.64
1999-12-08	278.17999999999995	280.085	281.13	280.67999999999995
1999-12-09	278.15999999999997	279.98	280.92999999999995	280.67999999999995
1999-12-10	278.15999999999997	279.905	280.79999999999995	280.51
1999-12-11	278.07	279.82	280.66999999999996	280.33
1999-12-12	278.09	279.755	280.57	280.16999999999996
1999-12-13	278.13	279.71999999999997	280.41999999999996	279.98999999999995
1999-12-14	278.13	279.69499999999994	280.26	279.84999999999997
1999-12-15	278.06	279.595	280.09	279.76
1999-12-16	277.88	279.42499999999995	279.88	279.64
1999-12-17	277.72999999999996	279.265	279.67999999999995	279.52
1999-12-18	277.19	278.655	279.47999999999996	279.39
1999-12-19	277.12	278.53	279.46	279.33
1999-12-20	277.03999999999996	278.40999999999997	279.27	279.21999999999997
1999-12-21	276.92999999999995	278.275	279.03	279.08
1999-12-22	276.83	278.11	278.59	278.90999999999997
1999-12-23	276.76	277.94999999999993	278.26	278.75
1999-12-24	277.03	278.08	277.95	278.59
1999-12-25	276.95	277.96999999999997	277.53	277.87
1999-12-26	276.9	277.83	277.28	277.78999999999996
1999-12-27	276.83	277.71999999999997	277.03999999999996	277.71999999999997
1999-12-28	276.75	277.635	276.82	277.64
1999-12-29	276.51	277.405	276.54999999999995	277.59999999999997
1999-12-30	276.37	277.28999999999996	276.2	277.64
1999-12-31	276.34999999999997	277.22499999999997	276.14	277.71
2000-01-01	276.38	277.18499999999995	276.26	277.71
2000-01-01	276.38	277.83	276.26	277.71
2000-01-01	276.38	276.53999999999996	276.26	277.71
2000-01-02	276.38	277.155	276.28	277.65999999999997
2000-01-03	276.29999999999995	277.09	276.21999999999997	277.60999999999996
2000-01-04	276.21	277.06499999999994	276.15	277.67999999999995
2000-01-05	276.12	276.94499999999994	276.03999999999996	277.51
2000-01-06	276.09	276.865	275.94	277.40999999999997
2000-01-07	276.04999999999995	276.78999999999996	275.84999999999997	277.34
2000-01-08	276.03	276.81999999999994	275.82	277.26
2000-01-09	276.02	276.79999999999995	275.58	277.21999999999997
2000-01-10	276.0	276.775	275.58	277.16999999999996
2000-01-11	276.0	276.715	275.58	277.19
2000-01-12	275.87	276.61499999999995	275.54999999999995	277.0
2000-01-13	275.78	276.525	275.46	276.81
2000-01-14	275.66999999999996	276.43999999999994	275.35999999999996	276.63
2000-01-15	275.51	276.265	275.25	276.4
2000-01-16	275.39	276.155	275.13	276.16999999999996
2000-01-17	275.29999999999995	276.085	275.04999999999995	275.97999999999996
2000-01-18	275.28	276.015	274.96999999999997	275.95
2000-01-19	275.22999999999996	275.69499999999994	274.64	275.59999999999997
2000-01-20	275.17999999999995	275.53499999999997	274.45	275.58
2000-01-21	275.12	275.40999999999997	274.32	275.57
2000-01-22	275.03999999999996	275.145	273.89	275.38
2000-01-23	274.96999999999997	275.04999999999995	273.72999999999996	275.28999999999996
2000-01-24	274.91999999999996	274.995	273.66999999999996	275.23999999999995
2000-01-25	274.9	275.01	273.64	275.26
2000-01-26	274.76	274.87	273.34999999999997	275.15999999999997
2000-01-27	274.75	274.855	273.34999999999997	275.14
2000-01-28	274.72999999999996	274.895	273.34999999999997	275.25
2000-01-29	274.66999999999996	274.75	273.34999999999997	275.28999999999996
2000-01-30	274.60999999999996	274.71999999999997	273.34999999999997	275.16999999999996
2000-01-31	274.63	274.69499999999994	273.34999999999997	275.10999999999996
2000-02-01	274.66999999999996	274.765	273.34999999999997	275.13
2000-02-02	274.67999999999995	274.78499999999997	273.34999999999997	275.06
2000-02-03	274.73999999999995	274.745	273.34999999999997	275.03999999999996
2000-02-04	274.79999999999995	274.79999999999995	273.34999999999997	275.15
2000-02-05	274.78999999999996	274.79999999999995	273.34999999999997	275.19
2000-02-06	274.7	274.80499999999995	273.34999999999997	275.23999999999995
2000-02-07	274.58	274.80999999999995	273.34999999999997	275.26
2000-02-08	274.53	274.89	273.34999999999997	275.21
2000-02-09	274.41999999999996	274.815	273.34999999999997	275.22999999999996
2000-02-10	274.32	274.74	273.34999999999997	275.15999999999997
2000-02-11	274.31	274.71	273.34999999999997	275.03
2000-02-12	274.23999999999995	274.7	273.34999999999997	274.90999999999997
2000-02-13	274.23999999999995	274.66999999999996	273.34999999999997	274.84
2000-02-14	274.21	274.645	273.34999999999997	274.84999999999997
2000-02-15	274.21	274.62	273.34999999999997	274.85999999999996
2000-02-16	274.21999999999997	274.59	273.34999999999997	274.85999999999996
2000-02-17	274.21	274.64	273.34999999999997	274.87
2000-02-18	274.22999999999996	274.65999999999997	273.34999999999997	274.83
2000-02-19	274.25	274.60999999999996	273.34999999999997	274.76
2000-02-20	274.31	274.60499999999996	273.34999999999997	274.71
2000-02-21	274.37	274.66999999999996	273.34999999999997	274.69
2000-02-22	274.47999999999996	274.715	273.34999999999997	275.0
2000-02-23	274.45	274.68999999999994	273.34999999999997	274.98999999999995
2000-02-24	274.46	274.655	273.34999999999997	275.07
2000-02-25	274.52	274.65999999999997	273.34999999999997	275.15999999999997
2000-02-26	274.5	274.65	273.34999999999997	275.19
2000-02-27	274.47999999999996	274.645	273.34999999999997	275.31
2000-02-28	274.48999999999995	274.96999999999997	273.34999999999997	275.39
2000-02-29	274.56	275.0	273.34999999999997	275.59999999999997
2000-03-01	274.69	274.995	273.34999999999997	275.63
2000-03-02	274.90999999999997	275.01	273.34999999999997	275.7
2000-03-03	275.22999999999996	275.05999999999995	273.34999999999997	275.84
2000-03-04	274.84999999999997	275.03999999999996	273.34999999999997	275.84
2000-03-05	274.78	275.15999999999997	273.34999999999997	275.78
2000-03-06	275.08	275.21999999999997	273.34999999999997	275.78999999999996
2000-03-07	274.45	275.12	274.65	275.45
2000-03-08	274.2	275.03499999999997	274.65999999999997	275.31
2000-03-09	274.37	275.085	274.76	275.27
2000-03-10	274.53999999999996	275.09	274.79999999999995	275.32
2000-03-11	274.71999999999997	275.085	274.82	275.38
2000-03-12	274.75	275.03	274.83	275.42999999999995
2000-03-13	274.57	275.03499999999997	274.81	275.40999999999997
2000-03-14	274.54999999999995	275.07	274.78	275.34
2000-03-15	274.40999999999997	274.97499999999997	274.75	275.23999999999995
2000-03-16	274.38	274.89	274.71999999999997	275.12
2000-03-17	274.42999999999995	274.875	274.67999999999995	274.96999999999997
2000-03-18	274.40999999999997	275.155	275.32	275.21
2000-03-19	274.46	275.09	275.38	275.83
2000-03-20	274.47999999999996	275.1	275.34999999999997	275.7
2000-03-21	274.46	275.16999999999996	275.33	275.57
2000-03-22	274.42999999999995	275.125	275.34	275.45
2000-03-23	274.78999999999996	275.04999999999995	275.39	275.25
2000-03-24	274.64	275.06499999999994	275.60999999999996	275.60999999999996
2000-03-25	274.53	275.13	275.66999999999996	275.33
2000-03-26	274.60999999999996	275.28499999999997	276.13	275.45
2000-03-27	274.60999999999996	275.26	276.07	275.41999999999996
2000-03-28	274.63	275.39	276.38	275.56
2000-03-29	274.64	275.505	276.76	275.72999999999996
2000-03-30	274.81	275.59499999999997	277.06	275.89
2000-03-31	274.78999999999996	275.89	277.22999999999996	276.09
2000-04-01	274.65	275.615	277.28999999999996	276.07
2000-04-02	274.96	275.75	277.28	276.01
2000-04-03	274.92999999999995	275.73	277.28	275.96
2000-04-04	274.92999999999995	275.76	277.28999999999996	276.09999999999997
2000-04-05	274.94	275.79999999999995	277.28	276.04999999999995
2000-04-06	274.97999999999996	275.88	276.87	276.02
2000-04-07	275.07	275.96	277.29999999999995	276.09999999999997
2000-04-08	275.08	275.82499999999993	277.40999999999997	276.17999999999995
2000-04-09	274.82	275.90999999999997	277.39	276.26
2000-04-10	274.97999999999996	275.825	277.52	276.53
2000-04-11	274.75	275.76	277.73999999999995	276.5
2000-04-12	274.79999999999995	275.87	277.92999999999995	276.5
2000-04-13	274.79999999999995	275.885	277.92999999999995	276.84999999999997
2000-04-14	274.91999999999996	275.99	278.15	276.66999999999996
2000-04-15	275.03	276.13	278.45	276.92999999999995
2000-04-16	275.15999999999997	276.225	278.71	277.09
2000-04-17	275.35999999999996	276.28499999999997	278.83	277.09
2000-04-18	275.37	276.37	278.91999999999996	277.09
2000-04-19	275.48999999999995	276.44	279.04999999999995	277.09999999999997
2000-04-20	275.39	276.525	279.21	277.12
2000-04-21	275.31	276.62	279.34	277.13
2000-04-22	275.57	276.84499999999997	279.42999999999995	277.15
2000-04-23	275.95	277.19999999999993	279.66999999999996	277.15
2000-04-24	276.21	277.4	280.01	277.35999999999996
2000-04-25	275.54999999999995	277.635	279.90999999999997	277.28
2000-04-26	275.83	277.49	280.09999999999997	277.71999999999997
2000-04-27	275.42999999999995	277.68999999999994	280.33	277.66999999999996
2000-04-28	275.35999999999996	277.94499999999994	280.77	277.91999999999996
2000-04-29	275.63	277.78499999999997	281.62	277.84
2000-04-30	275.45	277.78	281.59999999999997	278.01
2000-05-01	275.59	277.9549999999999	281.44	277.97999999999996
2000-05-02	275.63	278.24	281.34	278.07
2000-05-03	275.9	278.29499999999996	281.41999999999996	278.28
2000-05-04	276.09999999999997	278.83	282.75	278.67999999999995
2000-05-05	276.53999999999996	279.3299999999999	283.71	279.23999999999995
2000-05-06	276.77	279.705	284.62	279.95
2000-05-07	276.78999999999996	279.91499999999996	285.14	280.13
2000-05-08	276.71	279.82	285.10999999999996	280.21999999999997
2000-05-09	276.64	279.66999999999996	284.85999999999996	280.23999999999995
2000-05-10	276.67999999999995	279.585	284.44	280.07
2000-05-11	276.57	279.55499999999995	284.15	279.88
2000-05-12	276.4	279.585	284.32	279.9
2000-05-13	276.26	279.60499999999996	284.29999999999995	279.9
2000-05-14	276.08	279.63	284.16999999999996	279.96999999999997
2000-05-15	276.91999999999996	279.81499999999994	284.09	279.92999999999995
2000-05-16	276.94	279.955	284.48999999999995	280.09
2000-05-17	276.9	280.145	284.75	280.45
2000-05-18	277.23999999999995	280.32	284.92999999999995	280.5
2000-05-19	277.39	280.495	285.15999999999997	280.56
2000-05-20	277.23999999999995	280.625	285.40999999999997	280.64
2000-05-21	276.95	280.73999999999995	285.77	280.78
2000-05-22	276.90999999999997	281.05999999999995	286.09	280.9
2000-05-23	276.85999999999996	281.30499999999995	286.09	280.98999999999995
2000-05-24	277.04999999999995	281.46	285.90999999999997	281.02
2000-05-25	277.23999999999995	281.44499999999994	285.95	281.01
2000-05-26	277.33	281.44999999999993	286.10999999999996	280.92999999999995
2000-05-27	277.40999999999997	281.615	286.01	281.40999999999997
2000-05-28	277.58	281.79999999999995	285.89	281.96
2000-05-29	277.78	282.04999999999995	285.84999999999997	282.4
2000-05-30	277.84999999999997	282.385	286.51	282.65999999999997
2000-05-31	277.87	282.59	287.15999999999997	282.85999999999996
2000-06-01	277.91999999999996	282.705	288.75	283.28
2000-06-02	277.95	282.77	288.90999999999997	283.33
2000-06-03	278.06	283.16999999999996	288.42999999999995	283.29999999999995
2000-06-04	277.9	283.505	288.31	283.63
2000-06-05	278.09999999999997	283.66999999999996	287.91999999999996	283.66999999999996
2000-06-06	278.15999999999997	283.73	287.54999999999995	283.84
2000-06-07	278.22999999999996	283.92499999999995	287.06	283.90999999999997
2000-06-08	278.38	284.40999999999997	287.60999999999996	284.23999999999995
2000-06-09	278.37	284.85999999999996	288.2	284.59999999999997
2000-06-10	278.44	285.55499999999995	289.54999999999995	285.21
2000-06-11	278.51	285.7	290.39	286.53
2000-06-12	278.59999999999997	285.64	290.71	286.65999999999997
2000-06-13	278.65999999999997	285.60999999999996	291.01	286.84
2000-06-14	278.59	285.59	291.33	286.95
2000-06-15	278.51	285.515	291.08	286.71
2000-06-16	278.5	285.655	291.15999999999997	286.81
2000-06-17	278.84999999999997	285.84000000000003	291.77	286.76
2000-06-18	279.31	286.42999999999995	291.35999999999996	286.76
2000-06-19	279.60999999999996	286.455	291.06	286.98999999999995
2000-06-20	279.56	286.53999999999996	291.96	287.63
2000-06-21	279.48999999999995	286.48499999999996	291.79999999999995	288.38
2000-06-22	279.71999999999997	286.705	291.62	288.15999999999997
2000-06-23	279.78999999999996	286.94	291.34	287.65
2000-06-24	280.03999999999996	287.51	292.31	288.23999999999995
2000-06-25	280.28	288.01	292.9	288.81
2000-06-26	280.23999999999995	288.24	292.67999999999995	289.28
2000-06-27	280.23999999999995	288.36	292.84999999999997	289.29999999999995
2000-06-28	280.85999999999996	288.56999999999994	293.23999999999995	289.25
2000-06-29	281.16999999999996	288.645	293.28999999999996	289.76
2000-06-30	281.19	288.69999999999993	293.21	290.15999999999997
2000-07-01	281.7	288.885	293.76	290.28999999999996
2000-07-02	281.94	289.135	293.73999999999995	290.66999999999996
2000-07-03	282.09999999999997	289.22499999999997	294.09	291.16999999999996
2000-07-04	283.34999999999997	289.78999999999996	294.47999999999996	291.65
2000-07-05	284.09999999999997	290.325	294.89	291.28999999999996
2000-07-06	284.13	290.93999999999994	294.82	291.90999999999997
2000-07-07	284.14	290.75	294.33	291.48999999999995
2000-07-08	284.5	290.865	294.4	291.90999999999997
2000-07-09	284.81	290.87	294.22999999999996	291.71999999999997
2000-07-10	284.92999999999995	290.885	294.15	291.42999999999995
2000-07-11	285.60999999999996	291.03	294.28	291.38
2000-07-12	286.23999999999995	291.48499999999996	294.32	291.54999999999995
2000-07-13	286.53999999999996	291.80999999999995	295.09	292.19
2000-07-14	286.97999999999996	292.215	295.58	292.60999999999996
2000-07-15	287.15999999999997	292.255	295.25	292.71
2000-07-16	287.76	292.25	295.31	292.87
2000-07-17	287.01	292.40999999999997	295.4	293.03
2000-07-18	286.28	291.89	295.4	292.89
2000-07-19	286.03999999999996	291.53999999999996	295.57	292.65
2000-07-20	286.38	291.365	295.15999999999997	292.60999999999996
2000-07-21	286.41999999999996	291.28999999999996	295.59	292.91999999999996
2000-07-22	286.66999999999996	291.23	295.03999999999996	291.98999999999995
2000-07-23	287.13	291.5	295.06	292.03999999999996
2000-07-24	287.46999999999997	291.905	295.22999999999996	292.52
2000-07-25	287.75	292.15	295.66999999999996	293.22999999999996
2000-07-26	288.03999999999996	292.215	295.15	294.02
2000-07-27	288.38	292.375	295.28	293.84
2000-07-28	288.83	292.51	295.38	293.94
2000-07-29	289.29999999999995	292.635	295.5	294.07
2000-07-30	290.60999999999996	292.81499999999994	295.60999999999996	294.2
2000-07-31	291.33	292.82	295.7	294.26
2000-08-01	290.96	292.83	295.77	294.34
2000-08-02	290.06	292.72999999999996	295.82	294.46999999999997
2000-08-03	289.57	292.65999999999997	295.85999999999996	294.71
2000-08-04	289.41999999999996	292.505	295.78999999999996	294.67999999999995
2000-08-05	289.57	292.475	295.67999999999995	294.41999999999996
2000-08-06	289.71	292.53	295.83	294.53
2000-08-07	289.83	292.62	295.96	294.56
2000-08-08	289.96	292.815	295.85999999999996	294.27
2000-08-09	290.08	292.985	295.84999999999997	294.39
2000-08-10	290.28	293.205	296.07	294.5
2000-08-11	290.35999999999996	293.34499999999997	296.39	295.03999999999996
2000-08-12	290.40999999999997	293.29499999999996	296.29999999999995	294.79999999999995
2000-08-13	290.47999999999996	293.6	296.10999999999996	294.46
2000-08-14	290.46999999999997	293.85499999999996	296.34	294.59999999999997
2000-08-15	290.31	293.85499999999996	296.28999999999996	294.67999999999995
2000-08-16	289.73999999999995	293.375	296.14	294.69
2000-08-17	289.53999999999996	293.17999999999995	296.06	294.25
2000-08-18	289.41999999999996	293.03	295.85999999999996	293.89
2000-08-19	289.4	292.835	295.71	293.72999999999996
2000-08-20	289.19	292.495	295.45	293.83
2000-08-21	289.39	292.47499999999997	295.26	293.64
2000-08-22	289.69	292.66999999999996	295.25	293.71999999999997
2000-08-23	290.37	292.90999999999997	295.31	293.62
2000-08-24	290.09999999999997	292.715	295.29999999999995	293.57
2000-08-25	290.34	293.06499999999994	295.60999999999996	294.19
2000-08-26	290.53	293.38	296.35999999999996	294.32
2000-08-27	290.54999999999995	293.39	296.13	294.03999999999996
2000-08-28	290.45	293.42499999999995	295.89	293.85999999999996
2000-08-29	290.2	293.3299999999999	295.67999999999995	294.12
2000-08-30	289.95	293.34999999999997	295.41999999999996	294.64
2000-08-31	289.66999999999996	293.69499999999994	295.81	294.52
2000-09-01	289.29999999999995	293.995	297.06	294.57
2000-09-02	288.94	293.69499999999994	297.06	294.37
2000-09-03	288.58	293.335	296.83	294.03999999999996
2000-09-04	288.33	293.025	296.73999999999995	293.78
2000-09-05	288.45	292.735	295.83	293.10999999999996
2000-09-06	288.22999999999996	292.46999999999997	295.04999999999995	292.78
2000-09-07	287.83	292.245	294.45	292.73999999999995
2000-09-08	287.65999999999997	292.30499999999995	294.66999999999996	292.91999999999996
2000-09-09	287.84999999999997	292.43499999999995	294.97999999999996	292.98999999999995
2000-09-10	288.0	292.67499999999995	295.15999999999997	293.12
2000-09-11	288.06	292.515	295.10999999999996	293.94
2000-09-12	287.97999999999996	292.31499999999994	295.16999999999996	293.82
2000-09-13	287.87	292.17999999999995	295.37	293.35999999999996
2000-09-14	287.78999999999996	291.92499999999995	295.12	293.15999999999997
2000-09-15	287.48999999999995	291.45	294.4	292.59999999999997
2000-09-16	287.10999999999996	290.93499999999995	293.66999999999996	292.02
2000-09-17	286.77	290.45	293.09999999999997	291.42999999999995
2000-09-18	286.81	290.385	292.71	290.88
2000-09-19	286.76	290.505	293.07	290.88
2000-09-20	286.65	290.235	293.03	290.69
2000-09-21	286.52	289.91999999999996	292.82	290.12
2000-09-22	286.35999999999996	289.63	292.65	289.7
2000-09-23	286.17999999999995	289.325	292.46	289.53999999999996
2000-09-24	286.01	289.04499999999996	292.22999999999996	289.39
2000-09-25	285.91999999999996	288.79999999999995	292.06	289.13
2000-09-26	285.94	288.73	292.03	289.08
2000-09-27	285.71999999999997	288.68999999999994	291.16999999999996	288.81
2000-09-28	285.60999999999996	288.34999999999997	291.0	288.56
2000-09-29	285.59999999999997	288.09	290.60999999999996	288.59999999999997
2000-09-30	285.62	288.065	290.75	288.53999999999996
2000-10-01	285.64	288.06999999999994	291.2	288.78999999999996
2000-10-02	285.63	288.03999999999996	290.95	288.81
2000-10-03	285.32	288.025	290.78	289.01
2000-10-04	285.04999999999995	288.125	290.69	289.09999999999997
2000-10-05	284.88	287.97499999999997	290.34999999999997	288.72999999999996
2000-10-06	284.65999999999997	287.68999999999994	289.98999999999995	288.39
2000-10-07	284.44	287.385	289.62	288.04999999999995
2000-10-08	284.19	287.11	289.26	287.76
2000-10-09	283.98999999999995	286.82	288.87	287.47999999999996
2000-10-10	283.9	286.54499999999996	288.5	287.25
2000-10-11	283.75	286.36	288.29999999999995	287.08
2000-10-12	283.66999999999996	286.29999999999995	288.15	286.94
2000-10-13	283.58	286.26	288.09	286.72999999999996
2000-10-14	283.52	286.22499999999997	288.13	286.83
2000-10-15	283.45	286.21	288.22999999999996	286.79999999999995
2000-10-16	283.39	286.21	288.32	286.76
2000-10-17	283.33	286.21999999999997	288.41999999999996	286.76
2000-10-18	283.33	286.265	288.51	286.77
2000-10-19	283.34	286.275	288.27	286.76
2000-10-20	283.28	286.29499999999996	288.23999999999995	286.82
2000-10-21	283.25	286.05999999999995	288.03999999999996	286.56
2000-10-22	283.09	285.99	287.96	286.31
2000-10-23	282.85999999999996	286.015	287.9	286.07
2000-10-24	282.82	285.87	288.01	285.77
2000-10-25	282.82	285.835	288.14	285.56
2000-10-26	282.79999999999995	285.85	288.34999999999997	285.97999999999996
2000-10-27	282.77	285.85999999999996	288.34999999999997	286.31
2000-10-28	282.71999999999997	285.81499999999994	288.07	286.15999999999997
2000-10-29	282.42999999999995	285.43499999999995	287.59999999999997	285.75
2000-10-30	282.41999999999996	285.34999999999997	287.27	285.47999999999996
2000-10-31	282.34999999999997	285.275	287.22999999999996	285.33
2000-11-01	282.32	285.15	286.96	285.08
2000-11-02	282.31	285.18999999999994	286.9	284.59999999999997
2000-11-03	282.32	285.26	287.09	285.0
2000-11-04	282.34	285.30999999999995	287.23999999999995	285.10999999999996
2000-11-05	282.40999999999997	285.395	287.34	285.13
2000-11-06	282.45	285.27	287.33	285.03
2000-11-07	282.47999999999996	285.005	287.26	284.96
2000-11-08	282.47999999999996	284.615	287.06	284.96999999999997
2000-11-09	282.46	284.365	286.78999999999996	284.96999999999997
2000-11-10	282.44	284.21	286.45	284.9
2000-11-11	282.41999999999996	284.04499999999996	286.09999999999997	284.78999999999996
2000-11-12	282.39	283.89	285.79999999999995	284.67999999999995
2000-11-13	282.37	283.725	285.45	284.59
2000-11-14	282.34	283.53999999999996	285.09999999999997	284.45
2000-11-15	281.91999999999996	283.29499999999996	284.67999999999995	284.28
2000-11-16	281.48999999999995	283.09	284.32	284.07
2000-11-17	281.06	282.91499999999996	284.03999999999996	283.79999999999995
2000-11-18	280.64	282.73	283.72999999999996	283.46
2000-11-19	280.21999999999997	282.53999999999996	283.41999999999996	283.10999999999996
2000-11-20	279.81	282.34	283.12	282.76
2000-11-21	279.39	282.145	282.77	282.45
2000-11-22	278.97999999999996	281.93999999999994	282.42999999999995	282.15
2000-11-23	278.60999999999996	281.58	282.03	281.89
2000-11-24	278.47999999999996	281.365	281.57	281.64
2000-11-25	278.48999999999995	281.205	281.21	281.4
2000-11-26	278.44	281.06999999999994	280.9	281.16999999999996
2000-11-27	278.39	280.92499999999995	280.59999999999997	280.90999999999997
2000-11-28	278.34999999999997	280.79499999999996	280.31	280.66999999999996
2000-11-29	278.31	280.66499999999996	280.03999999999996	280.45
2000-11-30	278.26	280.53499999999997	279.78	280.22999999999996
2000-12-01	278.2	280.19999999999993	279.47999999999996	279.78
2000-12-02	278.09999999999997	279.275	278.90999999999997	279.47999999999996
2000-12-03	278.08	279.16499999999996	278.84	279.45
2000-12-04	278.07	279.105	278.85999999999996	279.33
2000-12-05	278.06	279.06999999999994	278.87	279.16999999999996
2000-12-06	278.04999999999995	278.965	278.87	278.91999999999996
2000-12-07	278.09999999999997	279.0799999999999	278.92999999999995	278.69
2000-12-08	276.76	277.235	278.52	278.40999999999997
2000-12-09	276.73999999999995	277.06499999999994	278.4	278.22999999999996
2000-12-10	276.71	276.905	278.28	278.08
2000-12-11	276.69	276.74	278.17999999999995	277.91999999999996
2000-12-12	276.65	276.575	277.90999999999997	277.76
2000-12-13	276.58	276.40999999999997	277.69	277.57
2000-12-14	277.65	277.25	277.73999999999995	277.47999999999996
2000-12-15	277.5	276.91999999999996	277.26	277.37
2000-12-16	277.40999999999997	276.705	277.10999999999996	277.29999999999995
2000-12-17	277.32	276.445	276.78	277.25
2000-12-18	277.21999999999997	276.21999999999997	276.51	277.19
2000-12-19	277.12	276.02	276.29999999999995	277.13
2000-12-20	277.03	275.84	276.12	277.07
2000-12-21	276.91999999999996	275.72999999999996	275.97999999999996	277.01
2000-12-22	275.40999999999997	274.645	274.5	276.31
2000-12-23	275.29999999999995	274.565	274.27	276.2
2000-12-24	275.2	274.5	274.13	276.06
2000-12-25	275.10999999999996	274.4549999999999	274.04999999999995	275.94
2000-12-26	275.01	274.41999999999996	273.94	275.78999999999996
2000-12-27	274.91999999999996	274.365	273.82	275.7
2000-12-28	275.78999999999996	274.905	273.85999999999996	276.01
2000-12-29	274.59	273.97999999999996	273.34999999999997	274.59999999999997
2000-12-30	274.42999999999995	273.90999999999997	273.34999999999997	274.56
2000-12-31	274.23999999999995	273.97499999999997	273.34999999999997	274.53
2001-01-01	274.13	274.03	273.34999999999997	274.48999999999995
2001-01-02	274.07	274.04499999999996	273.34999999999997	274.45
2001-01-03	274.02	274.05999999999995	273.34999999999997	274.39
2001-01-04	274.5	274.74	273.34999999999997	275.08
2001-01-05	273.78	274.10499999999996	273.34999999999997	273.34999999999997
2001-01-06	273.77	274.09499999999997	273.34999999999997	273.34999999999997
2001-01-07	273.78999999999996	274.09	273.34999999999997	273.34999999999997
2001-01-08	273.89	274.145	273.34999999999997	273.34999999999997
2001-01-09	273.96	274.18999999999994	273.34999999999997	273.34999999999997
2001-01-10	273.97999999999996	274.18999999999994	273.34999999999997	273.34999999999997
2001-01-11	275.02	274.80999999999995	273.34999999999997	275.09
2001-01-12	275.0	274.7	273.34999999999997	275.19
2001-01-13	275.0	274.65999999999997	273.34999999999997	275.22999999999996
2001-01-14	274.98999999999995	274.64	273.34999999999997	275.22999999999996
2001-01-15	274.98999999999995	274.635	273.34999999999997	275.21
2001-01-16	274.95	274.635	273.34999999999997	275.14
2001-01-17	274.91999999999996	274.625	273.34999999999997	275.12
2001-01-18	274.89	274.65999999999997	273.34999999999997	275.14
2001-01-19	274.84999999999997	274.655	273.34999999999997	274.95
2001-01-20	274.81	274.635	273.34999999999997	274.88
2001-01-21	274.77	274.625	273.34999999999997	274.84
2001-01-22	274.73999999999995	274.63	273.34999999999997	274.82
2001-01-23	274.71999999999997	274.59999999999997	273.34999999999997	274.81
2001-01-24	274.67999999999995	274.54999999999995	273.34999999999997	274.79999999999995
2001-01-25	274.65	274.54999999999995	273.34999999999997	274.78
2001-01-26	274.63	274.49	273.34999999999997	274.78
2001-01-27	274.64	274.495	273.34999999999997	274.77
2001-01-28	274.66999999999996	274.53	273.34999999999997	274.78
2001-01-29	274.67999999999995	274.54999999999995	273.34999999999997	274.78999999999996
2001-01-30	274.7	274.53	273.34999999999997	274.78999999999996
2001-01-31	274.71	274.52	273.34999999999997	274.79999999999995
2001-02-01	274.71999999999997	274.485	273.34999999999997	274.78999999999996
2001-02-02	274.71	274.41499999999996	273.34999999999997	274.79999999999995
2001-02-03	274.69	274.38	273.34999999999997	274.79999999999995
2001-02-04	274.67999999999995	274.35999999999996	273.34999999999997	274.79999999999995
2001-02-05	274.66999999999996	274.34499999999997	273.34999999999997	274.79999999999995
2001-02-06	274.59	274.32499999999993	273.34999999999997	274.83
2001-02-07	274.57	274.30999999999995	273.34999999999997	274.84999999999997
2001-02-08	274.54999999999995	274.29499999999996	273.34999999999997	274.85999999999996
2001-02-09	274.35999999999996	274.225	273.34999999999997	274.85999999999996
2001-02-10	274.21999999999997	274.16999999999996	273.34999999999997	274.65
2001-02-11	274.13	274.16499999999996	273.34999999999997	274.53999999999996
2001-02-12	274.08	274.19	273.34999999999997	274.51
2001-02-13	273.97999999999996	274.185	273.34999999999997	274.46
2001-02-14	273.91999999999996	274.17499999999995	273.34999999999997	274.44
2001-02-15	273.87	274.09499999999997	273.34999999999997	274.44
2001-02-16	273.81	274.005	273.34999999999997	274.40999999999997
2001-02-17	273.75	273.90999999999997	273.34999999999997	274.44
2001-02-18	273.7	273.91499999999996	273.34999999999997	274.45
2001-02-19	273.67999999999995	273.9549999999999	273.34999999999997	274.44
2001-02-20	273.67999999999995	273.93999999999994	273.34999999999997	274.46
2001-02-21	273.65999999999997	273.93999999999994	273.34999999999997	274.46999999999997
2001-02-22	273.65	273.92999999999995	273.34999999999997	274.52
2001-02-23	273.63	273.9	273.34999999999997	274.56
2001-02-24	273.60999999999996	273.895	273.34999999999997	274.39
2001-02-25	273.59999999999997	273.9	273.34999999999997	274.40999999999997
2001-02-26	273.58	273.92499999999995	273.33	274.48999999999995
2001-02-27	273.52	273.9	273.34999999999997	274.51
2001-02-28	273.5	273.905	273.34999999999997	274.51
2001-03-01	273.48999999999995	273.84	273.34999999999997	274.48999999999995
2001-03-02	273.46	273.84	273.34999999999997	274.40999999999997
2001-03-03	273.45	273.84	273.34999999999997	274.4
2001-03-04	273.45	273.875	273.34999999999997	274.34
2001-03-05	273.42999999999995	273.92499999999995	273.34999999999997	274.28
2001-03-06	273.42999999999995	273.91999999999996	273.34999999999997	274.16999999999996
2001-03-07	273.41999999999996	273.92499999999995	273.34999999999997	274.08
2001-03-08	273.40999999999997	273.895	273.34999999999997	274.07
2001-03-09	273.41999999999996	273.91499999999996	273.34999999999997	274.12
2001-03-10	273.46	273.965	273.34999999999997	274.17999999999995
2001-03-11	273.45	273.99	273.34999999999997	274.21
2001-03-12	273.46999999999997	274.03999999999996	273.34999999999997	274.22999999999996
2001-03-13	273.45	274.0	273.34999999999997	274.21999999999997
2001-03-14	273.42999999999995	273.96999999999997	273.34999999999997	274.2
2001-03-15	273.40999999999997	273.945	273.64	274.16999999999996
2001-03-16	273.40999999999997	273.95	273.64	274.17999999999995
2001-03-17	273.41999999999996	273.955	273.64	274.2
2001-03-18	273.44	273.965	273.64	274.21
2001-03-19	273.44	273.94499999999994	273.65999999999997	274.28
2001-03-20	273.41999999999996	273.895	273.72999999999996	274.32
2001-03-21	273.40999999999997	273.885	273.79999999999995	274.41999999999996
2001-03-22	273.4	273.9	273.83	274.52
2001-03-23	273.4	273.835	273.9	274.62
2001-03-24	273.4	273.83	273.89	274.46999999999997
2001-03-25	273.4	273.84999999999997	273.9	274.38
2001-03-26	273.38	273.89	273.90999999999997	274.33
2001-03-27	273.4	273.905	274.0	274.34
2001-03-28	273.39	273.91999999999996	274.07	274.35999999999996
2001-03-29	273.38	273.94499999999994	274.14	274.4
2001-03-30	273.39	273.94999999999993	274.19	274.40999999999997
2001-03-31	273.38	273.93499999999995	274.25	274.40999999999997
2001-04-01	273.38	273.92999999999995	274.34	274.41999999999996
2001-04-02	273.38	273.97	274.41999999999996	274.44
2001-04-03	273.41999999999996	274.02	274.37	274.42999999999995
2001-04-04	273.46	274.13	274.53999999999996	274.46999999999997
2001-04-05	273.51	274.23499999999996	274.90999999999997	274.63
2001-04-06	273.4	274.17999999999995	275.22999999999996	274.51
2001-04-07	273.4	274.21	275.53	274.45
2001-04-08	273.4	274.135	275.81	274.39
2001-04-09	273.4	274.03	276.14	275.10999999999996
2001-04-10	273.41999999999996	274.11	276.09	275.15999999999997
2001-04-11	273.45	274.155	276.13	275.06
2001-04-12	274.02	274.485	276.07	275.15999999999997
2001-04-13	273.77	274.53499999999997	276.42999999999995	275.09
2001-04-14	273.71999999999997	274.325	276.53	275.25
2001-04-15	273.65	274.245	276.41999999999996	275.04999999999995
2001-04-16	273.59999999999997	274.26	276.4	275.06
2001-04-17	273.56	274.11	276.33	275.04999999999995
2001-04-18	273.56	274.29499999999996	276.22999999999996	275.03999999999996
2001-04-19	273.57	274.765	276.82	275.21999999999997
2001-04-20	273.60999999999996	275.03	277.28	275.72999999999996
2001-04-21	273.66999999999996	275.21	277.60999999999996	275.78999999999996
2001-04-22	273.73999999999995	275.385	277.92999999999995	275.83
2001-04-23	273.79999999999995	275.55499999999995	278.19	276.09
2001-04-24	273.85999999999996	275.66999999999996	278.44	276.07
2001-04-25	274.01	275.68999999999994	278.78999999999996	275.9
2001-04-26	273.82	276.03499999999997	279.28999999999996	276.41999999999996
2001-04-27	273.94	276.15	279.66999999999996	275.88
2001-04-28	273.84	276.275	279.63	276.72999999999996
2001-04-29	274.0	276.315	279.89	276.63
2001-04-30	274.09999999999997	276.73499999999996	281.16999999999996	277.33
2001-05-01	274.17999999999995	276.80999999999995	281.95	278.21
2001-05-02	274.28999999999996	276.93499999999995	282.27	278.52
2001-05-03	274.45	277.09	282.84	278.39
2001-05-04	274.47999999999996	277.235	282.82	278.4
2001-05-05	274.58	277.36499999999995	282.59999999999997	278.38
2001-05-06	274.56	277.455	282.33	278.45
2001-05-07	274.71	277.53	282.33	278.09999999999997
2001-05-08	274.79999999999995	277.41999999999996	282.41999999999996	278.4
2001-05-09	274.78999999999996	277.575	282.46999999999997	278.78999999999996
2001-05-10	274.7	277.445	283.16999999999996	279.19
2001-05-11	274.76	277.505	283.34	279.14
2001-05-12	275.07	277.735	283.34	279.07
2001-05-13	275.12	277.98999999999995	283.72999999999996	278.92999999999995
2001-05-14	274.89	278.52	283.9	279.14
2001-05-15	275.09	278.96	284.41999999999996	279.57
2001-05-16	275.17999999999995	279.29499999999996	284.84	279.73999999999995
2001-05-17	275.2	279.46999999999997	285.08	280.06
2001-05-18	275.26	279.53999999999996	285.34999999999997	280.34999999999997
2001-05-19	275.22999999999996	279.965	285.87	280.53999999999996
2001-05-20	275.34999999999997	280.29499999999996	285.95	280.58
2001-05-21	275.42999999999995	280.14	285.65999999999997	280.53999999999996
2001-05-22	275.58	279.89	285.52	280.38
2001-05-23	275.95	279.84499999999997	285.44	280.23999999999995
2001-05-24	276.03	279.90999999999997	285.31	280.48999999999995
2001-05-25	275.92999999999995	280.03499999999997	285.2	280.56
2001-05-26	275.88	280.155	285.21	280.62
2001-05-27	275.95	280.18499999999995	285.21	280.78999999999996
2001-05-28	276.23999999999995	280.22999999999996	285.2	280.72999999999996
2001-05-29	276.25	280.155	285.29999999999995	280.71
2001-05-30	276.21999999999997	280.34499999999997	285.46999999999997	280.57
2001-05-31	276.15	280.315	285.17999999999995	280.5
2001-06-01	276.25	280.395	285.41999999999996	280.84999999999997
2001-06-02	276.35999999999996	280.53	285.57	281.0
2001-06-03	276.46999999999997	280.72499999999997	285.77	281.14
2001-06-04	276.53	280.92999999999995	286.0	281.28
2001-06-05	276.75	281.25	286.12	281.53
2001-06-06	276.59999999999997	281.85999999999996	286.81	282.03
2001-06-07	276.84	282.645	287.76	282.89
2001-06-08	277.66999999999996	283.205	288.41999999999996	283.90999999999997
2001-06-09	277.40999999999997	284.06999999999994	288.96	284.78
2001-06-10	277.48999999999995	284.505	289.64	286.01
2001-06-11	277.52	285.33	289.85999999999996	287.17999999999995
2001-06-12	277.53	285.91999999999996	290.37	287.90999999999997
2001-06-13	277.7	286.595	291.53	288.85999999999996
2001-06-14	277.79999999999995	287.22499999999997	293.0	289.92999999999995
2001-06-15	277.90999999999997	287.78499999999997	293.59999999999997	290.96
2001-06-16	277.90999999999997	287.135	292.95	290.78
2001-06-17	278.06	287.18999999999994	292.34999999999997	289.95
2001-06-18	277.90999999999997	287.6	292.46	289.46999999999997
2001-06-19	278.0	287.38	292.52	289.60999999999996
2001-06-20	278.09999999999997	287.27	292.51	289.53
2001-06-21	278.08	287.03499999999997	292.5	289.45
2001-06-22	278.19	286.84	292.51	289.34
2001-06-23	278.60999999999996	287.235	292.58	289.28999999999996
2001-06-24	279.94	287.96	293.04999999999995	289.37
2001-06-25	280.14	288.84499999999997	293.42999999999995	289.88
2001-06-26	280.52	289.37	294.21	292.88
2001-06-27	280.65999999999997	289.8299999999999	295.15	292.33
2001-06-28	280.56	290.44999999999993	295.65	292.46
2001-06-29	280.59999999999997	290.61499999999995	295.52	292.59999999999997
2001-06-30	280.09	291.0	295.77	292.41999999999996
2001-07-01	279.52	289.385	294.89	290.40999999999997
2001-07-02	279.48999999999995	287.80999999999995	293.98999999999995	288.40999999999997
2001-07-03	279.77	288.09	293.78999999999996	288.31
2001-07-04	279.96999999999997	288.05499999999995	293.25	288.21
2001-07-05	279.54999999999995	287.49	293.16999999999996	288.14
2001-07-06	279.78999999999996	287.475	293.13	288.03999999999996
2001-07-07	280.62	288.155	293.65999999999997	288.53
2001-07-08	281.46	288.91999999999996	294.09999999999997	288.98999999999995
2001-07-09	281.76	289.66999999999996	294.40999999999997	289.46999999999997
2001-07-10	281.41999999999996	290.01	295.2	289.82
2001-07-11	281.83	288.78	294.08	289.66999999999996
2001-07-12	282.12	289.04999999999995	293.81	289.53999999999996
2001-07-13	282.73999999999995	289.12	293.76	289.69
2001-07-14	283.01	289.78999999999996	293.92999999999995	289.71999999999997
2001-07-15	283.52	290.53	294.63	289.97999999999996
2001-07-16	283.96	290.955	295.75	290.51
2001-07-17	284.37	291.42999999999995	295.54999999999995	291.21
2001-07-18	284.81	291.90999999999997	295.41999999999996	291.9
2001-07-19	285.45	292.155	295.72999999999996	292.46999999999997
2001-07-20	286.15999999999997	293.125	296.40999999999997	293.07
2001-07-21	287.0	293.75	296.09999999999997	293.9
2001-07-22	287.66999999999996	294.16499999999996	296.60999999999996	294.35999999999996
2001-07-23	287.87	294.22499999999997	297.33	294.78999999999996
2001-07-24	286.27	293.93499999999995	296.91999999999996	294.65999999999997
2001-07-25	285.52	293.47	296.66999999999996	294.57
2001-07-26	285.77	292.65	296.51	293.85999999999996
2001-07-27	286.28999999999996	292.335	296.21999999999997	293.02
2001-07-28	286.52	292.28499999999997	295.87	292.96999999999997
2001-07-29	286.66999999999996	292.255	295.75	293.34
2001-07-30	286.96999999999997	292.49	295.56	293.75
2001-07-31	287.14	293.18499999999995	295.96999999999997	293.88
2001-08-01	287.22999999999996	293.28499999999997	295.96999999999997	294.28
2001-08-02	287.22999999999996	293.565	296.03999999999996	294.42999999999995
2001-08-03	288.87	293.93499999999995	296.52	294.90999999999997
2001-08-04	290.15999999999997	294.46	297.44	295.89
2001-08-05	290.17999999999995	294.485	297.56	295.46
2001-08-06	290.17999999999995	295.225	297.85999999999996	297.02
2001-08-07	290.34	295.765	298.13	296.82
2001-08-08	289.90999999999997	296.31499999999994	298.31	296.65999999999997
2001-08-09	288.96	296.04499999999996	298.39	296.78
2001-08-10	288.02	295.03499999999997	298.2	296.21999999999997
2001-08-11	288.19	294.86	298.17999999999995	296.06
2001-08-12	288.34999999999997	294.59499999999997	297.87	296.78999999999996
2001-08-13	288.29999999999995	294.455	297.52	296.2
2001-08-14	288.59999999999997	294.015	297.5	296.56
2001-08-15	288.71999999999997	293.67999999999995	297.09	296.07
2001-08-16	288.58	293.41499999999996	297.06	296.08
2001-08-17	288.58	293.125	296.65999999999997	295.41999999999996
2001-08-18	289.0	293.19499999999994	296.44	294.84999999999997
2001-08-19	289.25	292.96999999999997	296.15999999999997	294.54999999999995
2001-08-20	289.72999999999996	292.765	295.84999999999997	294.37
2001-08-21	289.90999999999997	292.66499999999996	295.60999999999996	294.28999999999996
2001-08-22	290.40999999999997	292.73	295.59	294.66999999999996
2001-08-23	290.16999999999996	292.85	295.44	294.90999999999997
2001-08-24	289.89	292.835	295.34999999999997	295.02
2001-08-25	289.98999999999995	292.905	294.78999999999996	294.71
2001-08-26	290.5	293.29999999999995	295.34999999999997	294.78999999999996
2001-08-27	290.46999999999997	293.51	296.03999999999996	294.96
2001-08-28	290.33	293.42999999999995	296.17999999999995	294.97999999999996
2001-08-29	290.64	293.595	296.15999999999997	294.96999999999997
2001-08-30	290.14	293.215	295.94	294.84999999999997
2001-08-31	289.57	292.96999999999997	296.0	295.0
2001-09-01	289.21999999999997	292.84999999999997	295.64	294.69
2001-09-02	289.12	292.64	295.58	294.78999999999996
2001-09-03	288.94	292.65	295.48999999999995	294.25
2001-09-04	289.12	292.44499999999994	295.67999999999995	293.96999999999997
2001-09-05	289.21	292.7	295.48999999999995	293.84999999999997
2001-09-06	289.37	292.73499999999996	295.32	293.76
2001-09-07	289.32	292.80499999999995	295.40999999999997	294.34
2001-09-08	289.15999999999997	292.78	295.63	294.71999999999997
2001-09-09	288.97999999999996	292.43499999999995	295.46999999999997	294.52
2001-09-10	288.85999999999996	292.2	295.25	293.96
2001-09-11	288.71999999999997	292.18499999999995	295.15	293.56
2001-09-12	288.65999999999997	292.17499999999995	295.23999999999995	293.65
2001-09-13	288.57	291.86	294.7	293.72999999999996
2001-09-14	288.42999999999995	291.59999999999997	294.34	293.10999999999996
2001-09-15	288.25	291.515	294.2	292.96
2001-09-16	287.81	291.21	294.03	292.78999999999996
2001-09-17	287.94	291.08	293.96999999999997	292.78
2001-09-18	287.71	290.92999999999995	293.90999999999997	293.14
2001-09-19	287.42999999999995	290.395	293.71	293.0
2001-09-20	287.21	290.0	293.46	292.64
2001-09-21	286.90999999999997	289.72	292.90999999999997	292.32
2001-09-22	286.53	289.35	292.56	292.04999999999995
2001-09-23	286.12	288.98499999999996	292.44	291.95
2001-09-24	285.72999999999996	288.57499999999993	292.15	291.64
2001-09-25	285.57	288.17499999999995	291.76	291.34
2001-09-26	285.26	287.66499999999996	291.35999999999996	290.97999999999996
2001-09-27	285.02	287.025	290.89	290.58
2001-09-28	284.92999999999995	286.89	290.51	290.21999999999997
2001-09-29	285.15	287.155	290.5	290.45
2001-09-30	285.28999999999996	287.265	290.44	290.35999999999996
2001-10-01	285.42999999999995	287.655	290.52	290.21
2001-10-02	285.28	287.67999999999995	290.46	290.48999999999995
2001-10-03	285.01	287.62	290.26	289.85999999999996
2001-10-04	284.84999999999997	287.17999999999995	290.0	289.77
2001-10-05	284.64	286.8299999999999	289.65999999999997	289.34
2001-10-06	284.33	286.44	289.25	288.67999999999995
2001-10-07	283.98999999999995	286.09	288.82	288.04999999999995
2001-10-08	283.71	285.9549999999999	288.62	287.60999999999996
2001-10-09	283.47999999999996	285.885	288.25	286.95
2001-10-10	283.44	285.67999999999995	288.13	286.64
2001-10-11	283.38	285.495	288.03	286.44
2001-10-12	283.58	285.37	288.04999999999995	286.44
2001-10-13	283.46	285.28999999999996	288.07	286.42999999999995
2001-10-14	283.37	285.23	288.15999999999997	286.46
2001-10-15	283.26	285.22	287.91999999999996	286.34
2001-10-16	283.04999999999995	284.985	287.53999999999996	285.90999999999997
2001-10-17	282.9	284.755	287.15	285.28999999999996
2001-10-18	282.84999999999997	284.54999999999995	287.09	284.94
2001-10-19	282.58	284.265	286.72999999999996	284.73999999999995
2001-10-20	282.45	284.16999999999996	286.67999999999995	284.7
2001-10-21	282.29999999999995	284.05999999999995	286.59999999999997	284.58
2001-10-22	282.10999999999996	284.085	286.71999999999997	284.47999999999996
2001-10-23	281.92999999999995	283.91999999999996	286.9	284.46999999999997
2001-10-24	281.71	283.735	287.10999999999996	284.40999999999997
2001-10-25	281.34	283.41499999999996	286.66999999999996	284.13
2001-10-26	280.96	283.09499999999997	286.13	283.69
2001-10-27	280.59	282.78	285.57	283.22999999999996
2001-10-28	280.28999999999996	282.465	285.07	282.84999999999997
2001-10-29	280.15999999999997	282.35	284.60999999999996	282.58
2001-10-30	280.12	282.28	284.44	282.48999999999995
2001-10-31	280.06	282.22499999999997	284.32	282.41999999999996
2001-11-01	280.02	282.21	284.27	282.40999999999997
2001-11-02	280.08	282.205	284.33	282.41999999999996
2001-11-03	280.02	282.27	284.41999999999996	282.42999999999995
2001-11-04	279.92999999999995	282.255	284.34999999999997	282.38
2001-11-05	279.51	282.21999999999997	284.09999999999997	282.34
2001-11-06	279.41999999999996	282.07499999999993	283.92999999999995	282.34999999999997
2001-11-07	279.66999999999996	281.96	283.92999999999995	282.19
2001-11-08	279.47999999999996	281.905	283.84999999999997	281.98999999999995
2001-11-09	279.40999999999997	281.80499999999995	283.64	281.81
2001-11-10	279.34	281.77	283.52	281.64
2001-11-11	279.28	281.68999999999994	283.39	281.51
2001-11-12	279.21999999999997	281.62	283.29999999999995	281.40999999999997
2001-11-13	279.19	281.59	283.12	281.31
2001-11-14	279.09	281.525	283.04999999999995	281.26
2001-11-15	278.96	281.46999999999997	282.94	281.28999999999996
2001-11-16	278.95	281.49	283.02	281.31
2001-11-17	278.79999999999995	281.39	283.15	281.37
2001-11-18	278.72999999999996	281.28999999999996	283.2	281.45
2001-11-19	278.89	281.275	283.06	281.26
2001-11-20	279.09	281.25	282.91999999999996	281.10999999999996
2001-11-21	279.06	281.17999999999995	282.81	281.0
2001-11-22	278.98999999999995	281.265	282.62	280.82
2001-11-23	278.84999999999997	281.155	282.62	280.72999999999996
2001-11-24	278.73999999999995	281.09499999999997	282.62	280.87
2001-11-25	278.69	281.05499999999995	282.59999999999997	280.87
2001-11-26	278.64	281.02	282.58	280.9
2001-11-27	278.59	280.96999999999997	282.56	280.91999999999996
2001-11-28	278.53999999999996	280.91999999999996	282.56	280.90999999999997
2001-11-29	278.48999999999995	280.875	282.53	280.94
2001-11-30	278.41999999999996	280.835	282.51	280.96999999999997
2001-12-01	278.35999999999996	280.78499999999997	282.5	280.96999999999997
2001-12-02	278.29999999999995	280.72499999999997	282.47999999999996	280.96999999999997
2001-12-03	278.25	280.71999999999997	282.23999999999995	280.96999999999997
2001-12-04	278.19	280.72499999999997	282.31	281.14
2001-12-05	278.16999999999996	280.655	282.52	281.28999999999996
2001-12-06	278.0	280.55499999999995	282.53	281.39
2001-12-07	277.85999999999996	280.48	282.15999999999997	281.17999999999995
2001-12-08	277.82	280.46	281.97999999999996	281.0
2001-12-09	277.83	280.40999999999997	281.71	280.69
2001-12-10	278.09999999999997	280.34	281.42999999999995	280.47999999999996
2001-12-11	277.98999999999995	280.26	281.41999999999996	280.34999999999997
2001-12-12	278.03	280.42999999999995	281.71999999999997	280.59
2001-12-13	277.84	280.31999999999994	281.57	280.54999999999995
2001-12-14	277.46	280.095	281.34999999999997	280.45
2001-12-15	277.4	279.92999999999995	281.16999999999996	280.38
2001-12-16	277.34	279.82499999999993	281.04999999999995	280.23999999999995
2001-12-17	277.31	279.755	280.95	280.15999999999997
2001-12-18	277.29999999999995	279.63	280.81	280.09999999999997
2001-12-19	277.28	279.59	280.66999999999996	280.03
2001-12-20	277.37	279.54499999999996	280.48999999999995	279.92999999999995
2001-12-21	277.22999999999996	279.445	280.28999999999996	279.81
2001-12-22	277.2	279.3299999999999	280.02	279.66999999999996
2001-12-23	277.14	279.15999999999997	279.84	279.48999999999995
2001-12-24	277.10999999999996	279.01	279.45	279.33
2001-12-25	277.03999999999996	278.66499999999996	279.02	279.17999999999995
2001-12-26	276.97999999999996	278.505	278.66999999999996	279.03999999999996
2001-12-27	277.03999999999996	278.38	278.34999999999997	278.90999999999997
2001-12-28	276.90999999999997	278.16499999999996	278.01	278.67999999999995
2001-12-29	276.87	278.04999999999995	277.71	278.54999999999995
2001-12-30	276.79999999999995	277.92999999999995	277.41999999999996	278.41999999999996
2001-12-31	276.75	277.79499999999996	277.10999999999996	278.19
2002-01-01	276.72999999999996	277.62	276.31	278.0
2002-01-01	276.72999999999996	277.65	276.31	278.0
2002-01-01	276.72999999999996	277.59	276.31	278.0
2002-01-02	276.78999999999996	277.57499999999993	276.09	278.0
2002-01-03	276.84	277.67499999999995	276.03999999999996	278.07
2002-01-04	276.77	277.645	275.84999999999997	278.0
2002-01-05	276.75	277.57499999999993	275.72999999999996	277.92999999999995
2002-01-06	276.67999999999995	277.475	275.63	277.85999999999996
2002-01-07	276.60999999999996	277.44	275.44	277.78999999999996
2002-01-08	276.47999999999996	277.265	275.25	277.84
2002-01-09	276.40999999999997	277.19999999999993	275.28999999999996	277.82
2002-01-10	276.29999999999995	277.16499999999996	275.46999999999997	277.73999999999995
2002-01-11	276.16999999999996	277.09	275.66999999999996	277.69
2002-01-12	276.07	277.2049999999999	275.69	277.64
2002-01-13	275.98999999999995	277.085	275.42999999999995	277.58
2002-01-14	275.96	277.04499999999996	275.34999999999997	277.60999999999996
2002-01-15	275.88	276.93499999999995	275.23999999999995	277.56
2002-01-16	275.83	276.86	275.14	277.52
2002-01-17	275.78999999999996	276.79499999999996	275.04999999999995	277.45
2002-01-18	275.71	276.68999999999994	274.90999999999997	277.33
2002-01-19	275.63	276.62	274.83	277.27
2002-01-20	275.53999999999996	276.585	274.73999999999995	277.22999999999996
2002-01-21	275.46	276.53499999999997	274.58	277.12
2002-01-22	275.35999999999996	276.405	274.45	277.07
2002-01-23	275.28	276.365	274.42999999999995	277.40999999999997
2002-01-24	275.21	276.4	274.51	277.31
2002-01-25	275.13	276.375	274.59	277.21
2002-01-26	275.07	276.395	274.72999999999996	277.06
2002-01-27	275.02	276.365	274.87	276.9
2002-01-28	275.03999999999996	276.37	274.90999999999997	276.87
2002-01-29	275.03999999999996	276.35	274.79999999999995	276.83
2002-01-30	275.03	276.32499999999993	274.7	276.84
2002-01-31	275.02	276.30499999999995	274.64	276.81
2002-02-01	275.0	276.215	274.59	276.76
2002-02-02	274.98999999999995	276.21	274.52	276.65
2002-02-03	274.97999999999996	276.15	274.46	276.62
2002-02-04	274.97999999999996	276.115	274.39	276.65
2002-02-05	275.71999999999997	276.21	274.32	276.62
2002-02-06	275.78999999999996	276.21999999999997	274.26	276.56
2002-02-07	275.69	276.195	274.26	276.40999999999997
2002-02-08	275.39	275.895	274.26	276.34
2002-02-09	275.32	275.735	274.33	276.21
2002-02-10	275.38	275.67499999999995	274.17999999999995	275.96
2002-02-11	275.48999999999995	275.63	274.04999999999995	275.78999999999996
2002-02-12	275.32	275.585	274.0	276.04999999999995
2002-02-13	275.22999999999996	275.54999999999995	273.95	275.96999999999997
2002-02-14	275.15999999999997	275.615	273.96	275.92999999999995
2002-02-15	275.09	275.625	273.94	276.01
2002-02-16	275.01	275.59	273.96	276.12
2002-02-17	274.90999999999997	275.49	273.97999999999996	276.25
2002-02-18	274.88	275.43999999999994	273.98999999999995	276.2
2002-02-19	274.84999999999997	275.405	273.98999999999995	276.15
2002-02-20	274.77	275.365	274.01	276.09
2002-02-21	274.71999999999997	275.325	274.06	276.02
2002-02-22	274.79999999999995	275.26	274.06	275.91999999999996
2002-02-23	274.78999999999996	275.26	274.06	275.83
2002-02-24	274.78999999999996	275.28999999999996	274.33	275.96999999999997
2002-02-25	274.78999999999996	275.36	274.58	276.01
2002-02-26	274.67999999999995	275.395	274.85999999999996	276.2
2002-02-27	274.53999999999996	275.42499999999995	275.02	276.32
2002-02-28	274.51	275.455	274.96999999999997	276.33
2002-03-01	274.46999999999997	275.32	274.85999999999996	276.31
2002-03-02	274.41999999999996	275.2	274.76	276.22999999999996
2002-03-03	274.37	275.16499999999996	274.42999999999995	276.14
2002-03-04	274.35999999999996	275.14	274.37	276.19
2002-03-05	274.34	275.08	274.21999999999997	276.19
2002-03-06	274.33	275.05999999999995	274.22999999999996	276.16999999999996
2002-03-07	274.40999999999997	275.085	274.26	276.19
2002-03-08	274.42999999999995	275.05499999999995	274.26	276.17999999999995
2002-03-09	274.45	274.985	274.27	276.15999999999997
2002-03-10	274.46	274.91999999999996	274.26	275.98999999999995
2002-03-11	274.46999999999997	274.90999999999997	274.08	275.97999999999996
2002-03-12	274.46	274.99	274.26	276.26
2002-03-13	274.46	275.28999999999996	274.34999999999997	276.59999999999997
2002-03-14	274.46999999999997	275.16499999999996	274.60999999999996	276.83
2002-03-15	274.54999999999995	275.14	274.76	276.52
2002-03-16	274.72999999999996	275.155	274.92999999999995	276.29999999999995
2002-03-17	274.47999999999996	275.32	275.03999999999996	276.29999999999995
2002-03-18	274.45	275.275	274.77	276.29999999999995
2002-03-19	274.23999999999995	275.255	274.65999999999997	276.28
2002-03-20	274.31	275.23499999999996	274.65	276.25
2002-03-21	274.34999999999997	275.265	274.63	276.25
2002-03-22	274.34	275.17999999999995	274.56	276.2
2002-03-23	274.34999999999997	275.21999999999997	274.51	276.2
2002-03-24	274.34999999999997	275.15999999999997	274.46	276.17999999999995
2002-03-25	274.39	275.12	274.39	276.15999999999997
2002-03-26	274.48999999999995	275.005	274.21999999999997	276.14
2002-03-27	274.48999999999995	274.78	274.10999999999996	276.09999999999997
2002-03-28	274.17999999999995	275.04499999999996	274.34999999999997	276.04999999999995
2002-03-29	274.38	275.09999999999997	274.53	276.12
2002-03-30	274.28999999999996	275.215	274.60999999999996	276.17999999999995
2002-03-31	274.23999999999995	275.27	274.62	276.45
2002-04-01	274.27	275.21999999999997	274.79999999999995	276.21999999999997
2002-04-02	274.25	275.19499999999994	275.09	276.17999999999995
2002-04-03	274.21999999999997	275.22499999999997	275.35999999999996	276.21
2002-04-04	274.19	275.245	275.65	276.22999999999996
2002-04-05	274.15999999999997	275.235	275.69	276.21999999999997
2002-04-06	274.27	275.30499999999995	275.83	276.08
2002-04-07	274.23999999999995	275.135	275.84999999999997	276.27
2002-04-08	274.29999999999995	275.255	275.96	276.33
2002-04-09	274.35999999999996	275.34999999999997	276.07	276.39
2002-04-10	274.35999999999996	275.52	276.22999999999996	276.45
2002-04-11	274.46	275.395	276.23999999999995	276.34999999999997
2002-04-12	274.53	275.445	276.54999999999995	276.59
2002-04-13	274.62	275.53999999999996	276.94	276.85999999999996
2002-04-14	274.65	275.74	277.34999999999997	277.15999999999997
2002-04-15	274.87	275.96	277.71999999999997	277.46999999999997
2002-04-16	275.32	276.31499999999994	277.87	277.73999999999995
2002-04-17	274.44	276.08	278.45	277.69
2002-04-18	275.02	276.185	278.59	277.57
2002-04-19	274.96999999999997	276.205	278.58	277.35999999999996
2002-04-20	275.23999999999995	276.585	278.56	277.33
2002-04-21	275.17999999999995	276.46999999999997	278.63	277.33
2002-04-22	275.16999999999996	276.53	278.73999999999995	277.42999999999995
2002-04-23	275.09999999999997	276.765	278.85999999999996	277.64
2002-04-24	275.04999999999995	276.855	279.01	277.92999999999995
2002-04-25	275.09	276.78499999999997	279.15999999999997	277.89
2002-04-26	274.95	276.60999999999996	279.64	277.71
2002-04-27	274.87	276.59499999999997	279.22999999999996	277.83
2002-04-28	275.0	276.68499999999995	279.27	277.72999999999996
2002-04-29	275.10999999999996	276.78999999999996	279.31	277.65
2002-04-30	275.22999999999996	276.92499999999995	279.34	277.60999999999996
2002-05-01	275.38	276.95	279.46999999999997	278.03999999999996
2002-05-02	275.28	277.04999999999995	279.71999999999997	277.87
2002-05-03	275.44	277.22499999999997	279.96	278.0
2002-05-04	275.67999999999995	277.645	280.19	278.27
2002-05-05	275.90999999999997	277.08	280.46	278.09
2002-05-06	275.94	277.15	280.65	278.31
2002-05-07	275.95	277.27	280.7	278.38
2002-05-08	275.60999999999996	277.4549999999999	280.72999999999996	278.44
2002-05-09	275.71999999999997	277.67999999999995	280.78	278.53
2002-05-10	275.83	278.11	281.23999999999995	278.52
2002-05-11	275.78999999999996	278.02	281.21	278.51
2002-05-12	275.71999999999997	278.09	281.28999999999996	278.5
2002-05-13	275.65	278.15	281.33	278.52
2002-05-14	275.83	278.355	281.39	278.53
2002-05-15	276.27	278.475	281.87	278.60999999999996
2002-05-16	276.21	278.21999999999997	281.63	278.69
2002-05-17	276.16999999999996	278.28999999999996	281.78999999999996	278.77
2002-05-18	276.23999999999995	278.28	281.82	278.81
2002-05-19	276.28	278.43999999999994	281.96	278.90999999999997
2002-05-20	276.44	278.5	282.14	279.22999999999996
2002-05-21	276.41999999999996	278.92499999999995	282.5	279.46
2002-05-22	276.32	278.66999999999996	282.97999999999996	280.0
2002-05-23	275.97999999999996	278.495	283.04999999999995	280.2
2002-05-24	276.53	278.54499999999996	282.97999999999996	280.15999999999997
2002-05-25	276.10999999999996	278.905	283.26	279.53
2002-05-26	276.26	278.96	283.44	279.9
2002-05-27	276.69	279.21	283.92999999999995	280.88
2002-05-28	276.48999999999995	279.79999999999995	284.63	282.46999999999997
2002-05-29	276.65	280.16499999999996	284.9	283.06
2002-05-30	276.78	280.39	285.22999999999996	282.76
2002-05-31	276.90999999999997	280.605	285.56	282.31
2002-06-01	277.03	281.09499999999997	285.84999999999997	282.21
2002-06-02	277.46999999999997	281.03499999999997	286.06	282.62
2002-06-03	277.28999999999996	280.93999999999994	286.02	282.63
2002-06-04	277.22999999999996	281.03999999999996	286.21	282.75
2002-06-05	277.21999999999997	281.155	286.4	283.15999999999997
2002-06-06	277.28999999999996	281.37	286.53	283.57
2002-06-07	277.22999999999996	281.99	286.85999999999996	284.4
2002-06-08	277.37	282.52	287.72999999999996	285.15
2002-06-09	277.48999999999995	283.22	290.45	286.03999999999996
2002-06-10	277.5	283.75	290.98999999999995	286.45
2002-06-11	277.53999999999996	283.90999999999997	290.87	287.37
2002-06-12	277.56	283.935	290.46999999999997	287.57
2002-06-13	277.59	283.97999999999996	290.27	287.54999999999995
2002-06-14	277.60999999999996	284.03499999999997	290.13	287.31
2002-06-15	277.64	284.16499999999996	289.69	286.84
2002-06-16	277.69	284.33	289.2	286.41999999999996
2002-06-17	278.27	284.825	289.14	286.04999999999995
2002-06-18	278.45	285.59	289.71	286.10999999999996
2002-06-19	277.79999999999995	285.54499999999996	290.34	287.64
2002-06-20	277.64	285.67499999999995	291.15999999999997	288.2
2002-06-21	278.06	286.395	291.65999999999997	288.9
2002-06-22	278.69	286.93999999999994	292.65999999999997	289.48999999999995
2002-06-23	279.28	287.405	293.60999999999996	290.34
2002-06-24	279.87	288.34499999999997	294.07	290.89
2002-06-25	280.34	288.955	294.81	291.69
2002-06-26	280.46999999999997	289.28499999999997	294.98999999999995	292.28
2002-06-27	280.45	289.395	294.52	291.81
2002-06-28	281.16999999999996	289.78499999999997	294.19	291.39
2002-06-29	282.21999999999997	290.34999999999997	294.46999999999997	291.21999999999997
2002-06-30	282.98999999999995	291.53	295.56	292.9
2002-07-01	282.79999999999995	292.29999999999995	296.44	294.15
2002-07-02	282.42999999999995	292.18499999999995	296.23999999999995	294.42999999999995
2002-07-03	282.41999999999996	292.90999999999997	296.91999999999996	294.81
2002-07-04	282.2	292.78499999999997	297.2	295.21
2002-07-05	282.78999999999996	291.325	296.67999999999995	293.33
2002-07-06	283.53	291.30999999999995	296.10999999999996	292.72999999999996
2002-07-07	284.32	291.92499999999995	295.96	292.65999999999997
2002-07-08	284.96999999999997	292.26	296.51	292.62
2002-07-09	284.47999999999996	292.215	296.4	292.89
2002-07-10	284.64	292.015	295.73999999999995	293.19
2002-07-11	285.28999999999996	292.09499999999997	295.21	293.21
2002-07-12	285.97999999999996	292.19499999999994	295.16999999999996	293.15
2002-07-13	286.17999999999995	292.9	295.39	293.67999999999995
2002-07-14	286.69	293.395	295.97999999999996	294.73999999999995
2002-07-15	287.34999999999997	294.02	296.45	294.52
2002-07-16	287.89	294.71500000000003	296.5	294.51
2002-07-17	287.79999999999995	295.03	297.07	295.27
2002-07-18	287.04999999999995	294.64	297.34	295.57
2002-07-19	287.25	294.34499999999997	297.54999999999995	295.44
2002-07-20	288.02	294.31999999999994	297.34999999999997	295.27
2002-07-21	288.08	294.68499999999995	297.37	295.73999999999995
2002-07-22	287.72999999999996	294.62	297.2	295.87
2002-07-23	286.75	293.84000000000003	297.08	295.40999999999997
2002-07-24	287.35999999999996	293.86	297.0	295.08
2002-07-25	287.90999999999997	294.195	297.0	295.13
2002-07-26	288.01	294.14	296.72999999999996	295.13
2002-07-27	288.33	294.30499999999995	296.60999999999996	295.2
2002-07-28	288.57	294.375	297.09	295.4
2002-07-29	289.08	294.43999999999994	297.53	295.52
2002-07-30	289.28	294.655	297.13	295.71
2002-07-31	289.28999999999996	295.105	297.97999999999996	296.16999999999996
2002-08-01	288.71	295.205	298.65	296.92999999999995
2002-08-02	288.16999999999996	294.58	298.46	296.71
2002-08-03	288.54999999999995	294.835	298.08	296.48999999999995
2002-08-04	288.82	295.21999999999997	298.41999999999996	297.14
2002-08-05	289.16999999999996	295.05999999999995	298.16999999999996	297.10999999999996
2002-08-06	288.92999999999995	294.23	297.47999999999996	296.02
2002-08-07	289.53999999999996	294.12	297.23999999999995	295.59999999999997
2002-08-08	289.96	294.18999999999994	297.15	295.45
2002-08-09	290.23999999999995	294.145	297.07	295.58
2002-08-10	290.25	294.255	296.95	296.04999999999995
2002-08-11	290.23999999999995	294.62	297.4	296.01
2002-08-12	290.40999999999997	294.975	297.62	296.71999999999997
2002-08-13	290.33	294.97499999999997	297.90999999999997	297.52
2002-08-14	290.21	294.765	297.83	297.53999999999996
2002-08-15	289.76	294.83	297.58	297.42999999999995
2002-08-16	289.12	294.53	297.41999999999996	297.28999999999996
2002-08-17	287.90999999999997	294.47999999999996	297.48999999999995	297.34
2002-08-18	285.91999999999996	294.12	297.4	297.03999999999996
2002-08-19	285.94	293.97499999999997	297.17999999999995	296.28
2002-08-20	286.45	293.97999999999996	297.19	296.31
2002-08-21	286.83	294.16999999999996	297.10999999999996	296.19
2002-08-22	286.82	294.075	297.34	295.9
2002-08-23	287.28	294.005	297.10999999999996	295.66999999999996
2002-08-24	287.46999999999997	294.115	296.84999999999997	295.54999999999995
2002-08-25	287.54999999999995	294.15999999999997	296.72999999999996	295.54999999999995
2002-08-26	287.39	294.29999999999995	296.60999999999996	295.44
2002-08-27	287.13	294.1	296.59999999999997	295.01
2002-08-28	287.25	293.995	296.35999999999996	294.40999999999997
2002-08-29	287.91999999999996	294.005	296.54999999999995	294.29999999999995
2002-08-30	288.72999999999996	294.325	296.45	294.51
2002-08-31	288.65999999999997	294.46	296.45	294.88
2002-09-01	288.96	294.63	296.21999999999997	294.76
2002-09-02	288.76	294.39	296.14	294.5
2002-09-03	287.83	294.28499999999997	296.15999999999997	294.59999999999997
2002-09-04	287.5	293.91499999999996	296.14	294.75
2002-09-05	288.07	293.985	296.15	294.78
2002-09-06	288.59999999999997	294.14	296.28	294.91999999999996
2002-09-07	288.97999999999996	294.37	296.75	294.83
2002-09-08	288.56	294.585	296.81	295.25
2002-09-09	289.35999999999996	294.99	296.90999999999997	295.69
2002-09-10	288.82	295.18499999999995	297.28999999999996	295.71999999999997
2002-09-11	288.64	294.16499999999996	296.88	295.34999999999997
2002-09-12	288.5	293.905	296.60999999999996	294.46999999999997
2002-09-13	288.21999999999997	293.145	295.75	294.03
2002-09-14	288.09	293.09999999999997	295.71	293.89
2002-09-15	288.14	292.92999999999995	295.7	293.88
2002-09-16	288.04999999999995	292.92999999999995	295.71999999999997	293.89
2002-09-17	288.06	292.87	295.38	293.7
2002-09-18	288.15	293.11	295.59	293.76
2002-09-19	287.96999999999997	292.955	295.41999999999996	294.04999999999995
2002-09-20	287.81	292.80499999999995	295.5	293.94
2002-09-21	287.66999999999996	292.80499999999995	295.5	293.89
2002-09-22	287.51	292.54499999999996	295.45	293.71
2002-09-23	287.15	292.34	295.21999999999997	293.62
2002-09-24	287.03	291.54999999999995	294.90999999999997	293.56
2002-09-25	286.84999999999997	291.375	294.25	292.63
2002-09-26	286.65999999999997	291.25	294.06	292.75
2002-09-27	286.85999999999996	291.18999999999994	293.83	292.5
2002-09-28	286.65999999999997	291.255	293.95	292.62
2002-09-29	286.53999999999996	291.04499999999996	293.84	292.37
2002-09-30	286.63	291.05999999999995	293.9	292.65
2002-10-01	286.72999999999996	290.92499999999995	293.87	292.5
2002-10-02	286.38	290.77	293.9	292.52
2002-10-03	286.2	290.405	293.67999999999995	292.07
2002-10-04	285.76	290.05499999999995	293.41999999999996	291.52
2002-10-05	285.23999999999995	289.79499999999996	293.31	291.02
2002-10-06	284.73999999999995	289.22999999999996	293.46999999999997	290.98999999999995
2002-10-07	284.27	288.65	292.76	290.02
2002-10-08	284.0	288.16999999999996	292.48999999999995	289.2
2002-10-09	283.78999999999996	287.78499999999997	292.15999999999997	288.82
2002-10-10	283.69	287.715	291.83	288.65999999999997
2002-10-11	283.56	287.755	291.62	288.63
2002-10-12	283.28999999999996	287.65999999999997	291.47999999999996	288.40999999999997
2002-10-13	283.03999999999996	287.34499999999997	291.37	288.19
2002-10-14	282.78	287.085	291.19	288.12
2002-10-15	282.56	286.65	290.47999999999996	287.45
2002-10-16	282.28	286.45	290.13	287.29999999999995
2002-10-17	282.09	286.145	289.75	287.15999999999997
2002-10-18	281.84	285.875	289.42999999999995	287.02
2002-10-19	281.75	285.58	289.09	286.78
2002-10-20	281.63	285.375	288.78	286.56
2002-10-21	281.51	285.15	288.76	286.45
2002-10-22	281.41999999999996	284.94	288.46999999999997	286.06
2002-10-23	281.31	284.77	288.09999999999997	285.73999999999995
2002-10-24	281.21999999999997	284.6	287.67999999999995	285.39
2002-10-25	281.12	284.455	287.28	285.22999999999996
2002-10-26	281.04999999999995	284.33	287.0	285.07
2002-10-27	280.97999999999996	284.18499999999995	286.71999999999997	284.9
2002-10-28	280.9	284.09999999999997	286.45	284.71999999999997
2002-10-29	280.72999999999996	283.71999999999997	286.03999999999996	284.51
2002-10-30	280.62	283.54999999999995	285.65	284.28
2002-10-31	280.48999999999995	283.38	285.22999999999996	283.85999999999996
2002-11-01	280.37	283.14	284.94	283.7
2002-11-02	280.28	282.935	284.58	283.5
2002-11-03	280.14	282.655	284.32	283.33
2002-11-04	280.02	282.48999999999995	284.12	283.17999999999995
2002-11-05	279.90999999999997	282.29999999999995	283.92999999999995	283.02
2002-11-06	279.84	282.13	283.67999999999995	282.83
2002-11-07	279.65999999999997	281.995	283.54999999999995	282.59
2002-11-08	279.58	281.835	283.35999999999996	282.56
2002-11-09	279.37	281.79499999999996	283.34	282.56
2002-11-10	279.29999999999995	281.74	283.44	282.51
2002-11-11	279.23999999999995	281.695	283.53	282.40999999999997
2002-11-12	279.15	281.64	283.5	282.35999999999996
2002-11-13	279.06	281.59	283.37	282.32
2002-11-14	278.96999999999997	281.455	282.95	282.28999999999996
2002-11-15	278.87	281.29999999999995	282.75	282.15999999999997
2002-11-16	278.85999999999996	281.185	282.52	281.97999999999996
2002-11-17	278.85999999999996	281.10499999999996	282.31	281.79999999999995
2002-11-18	278.78999999999996	280.9549999999999	282.09	281.62
2002-11-19	278.76	280.905	281.94	281.46999999999997
2002-11-20	278.7	280.76	281.71	281.40999999999997
2002-11-21	278.59999999999997	280.66499999999996	281.54999999999995	281.25
2002-11-22	278.48999999999995	280.53	281.33	281.10999999999996
2002-11-23	278.39	280.395	281.14	281.02
2002-11-24	278.28999999999996	280.275	280.90999999999997	280.85999999999996
2002-11-25	278.21999999999997	280.135	280.71	280.7
2002-11-26	278.12	279.96	280.48999999999995	280.53
2002-11-27	278.0	279.79499999999996	280.27	280.35999999999996
2002-11-28	277.88	279.635	280.0	280.16999999999996
2002-11-29	277.75	279.485	279.71999999999997	279.97999999999996
2002-11-30	277.60999999999996	279.31999999999994	279.46	279.76
2002-12-01	277.53999999999996	279.10499999999996	279.10999999999996	279.54999999999995
2002-12-02	277.46999999999997	278.84499999999997	278.72999999999996	279.35999999999996
2002-12-03	277.41999999999996	278.61	278.35999999999996	279.17999999999995
2002-12-04	277.46	278.465	278.09	279.03
2002-12-05	277.34	278.34999999999997	277.85999999999996	278.9
2002-12-06	277.26	278.23499999999996	277.69	278.78999999999996
2002-12-07	277.19	278.14	277.42999999999995	278.59999999999997
2002-12-08	277.14	278.01	277.21999999999997	278.40999999999997
2002-12-09	277.17999999999995	277.945	277.06	278.28999999999996
2002-12-10	277.15	277.825	277.10999999999996	278.42999999999995
2002-12-11	277.26	277.91999999999996	276.9	278.39
2002-12-12	277.28999999999996	277.92499999999995	276.90999999999997	278.34
2002-12-13	277.14	277.83	276.85999999999996	278.31
2002-12-14	277.0	277.81	276.78999999999996	278.28999999999996
2002-12-15	276.94	277.73499999999996	276.71	278.26
2002-12-16	276.89	277.66499999999996	276.64	278.23999999999995
2002-12-17	276.91999999999996	277.53999999999996	276.54999999999995	278.25
2002-12-18	276.96	277.58	276.46	278.33
2002-12-19	276.95	277.59	276.41999999999996	278.09999999999997
2002-12-20	276.89	277.505	276.35999999999996	278.04999999999995
2002-12-21	276.84999999999997	277.43999999999994	276.31	278.02
2002-12-22	276.78999999999996	277.38	276.27	277.98999999999995
2002-12-23	276.75	277.34999999999997	276.23999999999995	277.94
2002-12-24	276.7	277.25	276.21	277.90999999999997
2002-12-25	276.65	277.16999999999996	276.15	277.79999999999995
2002-12-26	276.60999999999996	277.115	276.06	277.71999999999997
2002-12-27	276.5	276.98	275.88	277.64
2002-12-28	276.51	276.955	275.78999999999996	277.56
2002-12-29	276.44	276.88	275.71	277.46999999999997
2002-12-30	276.45	276.89	275.65	277.40999999999997
2002-12-31	276.40999999999997	276.86	275.57	277.35999999999996
2003-01-01	276.34999999999997	276.79499999999996	275.51	277.32
2003-01-01	276.34999999999997	277.22999999999996	275.51	277.32
2003-01-01	276.34999999999997	276.35999999999996	275.51	277.32
2003-01-02	276.32	276.74	275.46999999999997	277.28
2003-01-03	276.28	276.5799999999999	275.35999999999996	277.21
2003-01-04	276.15	276.52	275.29999999999995	277.13
2003-01-05	276.2	276.495	275.16999999999996	277.0
2003-01-06	276.29999999999995	276.46999999999997	275.08	276.92999999999995
2003-01-07	276.51	276.43499999999995	274.90999999999997	276.87
2003-01-08	276.53999999999996	276.46	274.85999999999996	276.83
2003-01-09	276.53999999999996	276.525	274.82	276.82
2003-01-10	276.32	276.28999999999996	274.37	276.78
2003-01-11	276.2	276.15999999999997	274.25	276.78
2003-01-12	276.06	276.04499999999996	274.16999999999996	276.72999999999996
2003-01-13	275.92999999999995	275.97499999999997	274.10999999999996	276.65
2003-01-14	275.78	275.80499999999995	273.34999999999997	276.46
2003-01-15	275.66999999999996	275.72499999999997	273.34999999999997	276.4
2003-01-16	275.60999999999996	275.69999999999993	273.34999999999997	276.28999999999996
2003-01-17	275.58	275.55999999999995	273.34999999999997	276.03
2003-01-18	275.53999999999996	275.465	273.34999999999997	275.90999999999997
2003-01-19	275.53	275.41499999999996	273.34999999999997	275.84
2003-01-20	275.39	275.34999999999997	273.34999999999997	275.84
2003-01-21	275.15	275.085	273.34999999999997	275.65
2003-01-22	275.01	275.015	273.34999999999997	275.57
2003-01-23	274.87	274.96	273.34999999999997	275.47999999999996
2003-01-24	274.67999999999995	274.7	273.34999999999997	275.23999999999995
2003-01-25	274.57	274.65	273.34999999999997	275.15999999999997
2003-01-26	274.46999999999997	274.6	273.34999999999997	275.12
2003-01-27	274.38	274.605	273.34999999999997	275.08
2003-01-28	274.16999999999996	274.42999999999995	273.34999999999997	274.92999999999995
2003-01-29	274.09999999999997	274.395	273.34999999999997	274.91999999999996
2003-01-30	274.03	274.41499999999996	273.34999999999997	274.87
2003-01-31	273.95	274.34	273.34999999999997	274.73999999999995
2003-02-01	273.90999999999997	274.30499999999995	273.34999999999997	274.73999999999995
2003-02-02	273.89	274.28999999999996	273.34999999999997	274.77
2003-02-03	273.9	274.3299999999999	273.34999999999997	274.89
2003-02-04	273.88	274.22	273.34999999999997	274.92999999999995
2003-02-05	273.85999999999996	274.21	273.34999999999997	274.96
2003-02-06	273.89	274.255	273.34999999999997	275.21
2003-02-07	273.84999999999997	274.19999999999993	273.34999999999997	275.21
2003-02-08	273.87	274.12	273.34999999999997	275.12
2003-02-09	273.89	274.05999999999995	273.34999999999997	275.08
2003-02-10	273.89	274.02	273.34999999999997	275.09
2003-02-11	273.78	273.94499999999994	273.34999999999997	274.88
2003-02-12	273.77	273.94499999999994	273.34999999999997	274.81
2003-02-13	273.76	273.965	273.34999999999997	274.7
2003-02-14	273.46999999999997	273.64	273.34999999999997	274.27
2003-02-15	273.45	273.59499999999997	273.34999999999997	274.21999999999997
2003-02-16	273.4	273.575	273.34999999999997	274.17999999999995
2003-02-17	273.39	273.575	273.34999999999997	274.14
2003-02-18	273.38	273.53499999999997	273.34999999999997	274.06
2003-02-19	273.38	273.53	273.34999999999997	273.96999999999997
2003-02-20	273.41999999999996	273.78	273.34999999999997	273.96999999999997
2003-02-21	273.35999999999996	273.75	273.34999999999997	274.13
2003-02-22	273.35999999999996	273.725	273.34999999999997	274.09
2003-02-23	273.35999999999996	273.705	273.34999999999997	274.03
2003-02-24	273.37	273.745	273.34999999999997	274.16999999999996
2003-02-25	273.34999999999997	273.60499999999996	273.34999999999997	273.81
2003-02-26	273.34999999999997	273.585	273.34999999999997	273.76
2003-02-27	273.34999999999997	273.625	273.34999999999997	273.76
2003-02-28	273.34999999999997	273.56999999999994	273.34999999999997	273.72999999999996
2003-03-01	273.34999999999997	273.56999999999994	273.34999999999997	273.71999999999997
2003-03-02	273.34999999999997	273.57499999999993	273.34999999999997	273.71
2003-03-03	273.34999999999997	273.59499999999997	273.34999999999997	273.87
2003-03-04	273.34999999999997	273.58	273.34999999999997	273.84999999999997
2003-03-05	273.34999999999997	273.58	273.34999999999997	273.84999999999997
2003-03-06	273.34999999999997	273.58	273.34999999999997	273.84999999999997
2003-03-07	273.34999999999997	273.54499999999996	273.34999999999997	273.84999999999997
2003-03-08	273.34999999999997	273.53	273.34999999999997	273.84999999999997
2003-03-09	273.34999999999997	273.51	273.34999999999997	273.84999999999997
2003-03-10	273.34999999999997	273.53999999999996	273.34999999999997	273.94
2003-03-11	273.34999999999997	273.54499999999996	273.34999999999997	273.95
2003-03-12	273.34999999999997	273.56499999999994	273.34999999999997	273.91999999999996
2003-03-13	273.34999999999997	273.64	273.34999999999997	274.0
2003-03-14	273.34999999999997	273.65	273.34999999999997	274.06
2003-03-15	273.34999999999997	273.69999999999993	273.34999999999997	274.10999999999996
2003-03-16	273.34999999999997	273.52	273.34999999999997	274.0
2003-03-17	273.34999999999997	273.57499999999993	273.34999999999997	274.01
2003-03-18	273.34999999999997	273.56499999999994	273.34999999999997	274.03
2003-03-19	273.34999999999997	273.585	273.34999999999997	274.16999999999996
2003-03-20	273.34999999999997	273.625	273.34999999999997	274.25
2003-03-21	273.34999999999997	273.645	273.34999999999997	274.28
2003-03-22	273.34999999999997	273.66499999999996	273.34999999999997	274.31
2003-03-23	273.34999999999997	273.68499999999995	273.34999999999997	274.31
2003-03-24	273.34999999999997	273.705	273.34999999999997	274.56
2003-03-25	273.34999999999997	273.745	273.34999999999997	274.46
2003-03-26	273.34999999999997	273.78499999999997	273.34999999999997	274.34999999999997
2003-03-27	273.34999999999997	273.82499999999993	273.34999999999997	274.53999999999996
2003-03-28	273.34999999999997	273.85499999999996	273.34999999999997	274.66999999999996
2003-03-29	273.34999999999997	273.91999999999996	273.34999999999997	274.7
2003-03-30	273.34999999999997	273.97499999999997	273.34999999999997	274.71999999999997
2003-03-31	273.34999999999997	274.0	273.34999999999997	274.78
2003-04-01	273.34999999999997	273.97999999999996	273.34999999999997	274.66999999999996
2003-04-02	273.34999999999997	273.955	273.34999999999997	274.66999999999996
2003-04-03	273.34999999999997	274.06999999999994	273.65999999999997	274.69
2003-04-04	273.34999999999997	274.04499999999996	273.66999999999996	274.71
2003-04-05	273.34999999999997	274.03	273.69	274.71
2003-04-06	273.34999999999997	274.025	273.7	274.71999999999997
2003-04-07	273.57	274.19499999999994	274.71	274.4
2003-04-08	273.34999999999997	274.06499999999994	274.69	274.41999999999996
2003-04-09	273.34999999999997	274.10499999999996	274.77	274.45
2003-04-10	273.34999999999997	274.03499999999997	274.85999999999996	274.54999999999995
2003-04-11	273.34999999999997	273.93499999999995	274.62	274.69
2003-04-12	273.34999999999997	274.155	274.79999999999995	274.7
2003-04-13	273.34999999999997	273.96	275.65999999999997	275.01
2003-04-14	273.56	274.385	275.45	274.84
2003-04-15	273.53999999999996	274.28	275.34999999999997	274.81
2003-04-16	273.54999999999995	274.325	275.46	274.85999999999996
2003-04-17	273.56	274.38	275.66999999999996	274.95
2003-04-18	273.57	274.43499999999995	275.85999999999996	275.02
2003-04-19	273.59999999999997	274.48499999999996	276.04999999999995	275.07
2003-04-20	273.60999999999996	274.53499999999997	276.27	275.12
2003-04-21	273.96	274.69999999999993	276.58	275.28999999999996
2003-04-22	273.97999999999996	274.74	276.73999999999995	275.39
2003-04-23	273.92999999999995	274.885	276.91999999999996	275.51
2003-04-24	274.01	274.9	277.06	275.71
2003-04-25	274.29999999999995	275.07499999999993	277.65999999999997	275.35999999999996
2003-04-26	274.44	275.365	277.89	275.52
2003-04-27	274.39	275.34	278.56	275.77
2003-04-28	274.46	275.525	278.81	276.21
2003-04-29	274.37	275.565	278.83	275.98999999999995
2003-04-30	274.45	275.53499999999997	279.02	276.02
2003-05-01	274.34	275.48	279.2	276.15
2003-05-02	274.35999999999996	275.455	279.34999999999997	276.2
2003-05-03	274.81	275.64	279.45	276.46
2003-05-04	274.78	275.765	279.69	276.34999999999997
2003-05-05	274.72999999999996	275.67999999999995	279.81	276.47999999999996
2003-05-06	274.78999999999996	275.77	280.26	276.56
2003-05-07	274.77	275.875	280.60999999999996	276.69
2003-05-08	274.79999999999995	276.31499999999994	280.54999999999995	276.79999999999995
2003-05-09	274.83	276.33	280.45	276.96
2003-05-10	274.9	276.385	280.56	276.88
2003-05-11	274.97999999999996	276.46999999999997	280.77	276.92999999999995
2003-05-12	275.13	276.645	281.04999999999995	277.01
2003-05-13	275.2	276.85499999999996	281.37	277.06
2003-05-14	275.31	277.135	282.01	277.14
2003-05-15	275.28	277.09	282.41999999999996	277.28
2003-05-16	275.28	277.145	282.19	277.39
2003-05-17	275.2	277.21999999999997	282.03999999999996	277.52
2003-05-18	275.28999999999996	277.385	282.06	277.56
2003-05-19	275.44	277.4	282.34999999999997	277.59
2003-05-20	275.52	277.54499999999996	282.58	277.66999999999996
2003-05-21	275.53999999999996	277.755	282.90999999999997	277.87
2003-05-22	275.82	277.79499999999996	283.02	277.83
2003-05-23	275.87	278.065	283.03999999999996	277.96
2003-05-24	276.21	278.17999999999995	283.13	278.15999999999997
2003-05-25	275.94	278.37	283.63	278.44
2003-05-26	276.14	278.61	284.27	278.7
2003-05-27	276.44	278.78	284.48999999999995	278.85999999999996
2003-05-28	276.02	278.90999999999997	284.65	279.02
2003-05-29	276.03999999999996	278.865	285.21	279.15999999999997
2003-05-30	276.2	278.78	285.41999999999996	279.27
2003-05-31	276.38	278.625	284.89	279.27
2003-06-01	276.59	278.91499999999996	284.51	279.21
2003-06-02	276.66999999999996	279.025	284.71999999999997	279.29999999999995
2003-06-03	276.62	279.21999999999997	285.09999999999997	279.28
2003-06-04	276.76	279.42999999999995	285.07	279.5
2003-06-05	276.60999999999996	279.65999999999997	285.04999999999995	279.79999999999995
2003-06-06	276.58	279.905	285.44	280.13
2003-06-07	276.64	280.16999999999996	287.26	280.64
2003-06-08	276.78	280.28999999999996	287.45	281.14
2003-06-09	276.89	280.30499999999995	286.5	280.73999999999995
2003-06-10	276.81	280.4	286.34999999999997	281.03999999999996
2003-06-11	276.82	280.405	286.72999999999996	281.04999999999995
2003-06-12	277.10999999999996	280.4	287.15	281.09
2003-06-13	277.28999999999996	281.065	287.53999999999996	281.41999999999996
2003-06-14	277.40999999999997	281.38	287.9	281.83
2003-06-15	277.81	281.77	288.34	282.65999999999997
2003-06-16	277.7	282.65	288.84	283.27
2003-06-17	277.71	283.53499999999997	289.09999999999997	284.21999999999997
2003-06-18	277.85999999999996	284.02	289.54999999999995	285.51
2003-06-19	278.34999999999997	282.945	289.62	285.84999999999997
2003-06-20	278.32	283.1	288.96999999999997	285.34
2003-06-21	278.4	283.755	289.71	285.72999999999996
2003-06-22	278.35999999999996	284.135	289.41999999999996	286.03
2003-06-23	278.4	285.34	290.73999999999995	286.51
2003-06-24	278.52	286.18999999999994	292.09999999999997	287.27
2003-06-25	278.52	286.875	293.28	289.53999999999996
2003-06-26	278.41999999999996	286.55499999999995	293.59	290.57
2003-06-27	278.45	286.0	292.22999999999996	289.90999999999997
2003-06-28	278.9	287.205	292.2	289.14
2003-06-29	279.19	287.27	292.54999999999995	289.84999999999997
2003-06-30	279.64	287.74	292.72999999999996	290.02
2003-07-01	280.15	288.325	293.07	290.65
2003-07-02	280.33	288.80499999999995	293.60999999999996	291.2
2003-07-03	280.31	289.25	294.22999999999996	291.84999999999997
2003-07-04	280.28999999999996	289.59499999999997	294.56	292.28999999999996
2003-07-05	280.2	289.79999999999995	294.4	292.19
2003-07-06	280.29999999999995	289.965	294.41999999999996	291.95
2003-07-07	280.33	290.25	294.54999999999995	291.90999999999997
2003-07-08	280.28999999999996	290.26	294.54999999999995	291.96
2003-07-09	280.4	290.03499999999997	294.35999999999996	292.03999999999996
2003-07-10	280.72999999999996	289.83	294.04999999999995	291.78999999999996
2003-07-11	281.21	289.585	293.77	291.06
2003-07-12	281.57	289.375	293.59999999999997	290.4
2003-07-13	281.9	289.30999999999995	293.69	290.03
2003-07-14	281.71	289.35	294.0	290.25
2003-07-15	281.26	289.33	294.04999999999995	290.29999999999995
2003-07-16	281.17999999999995	289.24	293.95	289.96999999999997
2003-07-17	281.39	289.385	294.02	289.81
2003-07-18	281.53999999999996	289.525	294.28	290.14
2003-07-19	281.91999999999996	289.71999999999997	294.42999999999995	290.26
2003-07-20	282.34999999999997	289.87	294.44	290.40999999999997
2003-07-21	282.73999999999995	289.95	294.38	290.73999999999995
2003-07-22	283.13	290.04999999999995	294.34999999999997	291.15999999999997
2003-07-23	283.56	290.19499999999994	294.38	291.54999999999995
2003-07-24	284.13	290.42499999999995	294.47999999999996	291.82
2003-07-25	284.65999999999997	290.55999999999995	294.65999999999997	291.96
2003-07-26	285.23999999999995	290.62	294.79999999999995	292.02
2003-07-27	285.32	290.725	294.73999999999995	291.92999999999995
2003-07-28	285.41999999999996	290.92499999999995	294.75	291.90999999999997
2003-07-29	285.77	291.09	294.9	292.10999999999996
2003-07-30	286.10999999999996	291.31499999999994	294.96	292.52
2003-07-31	286.48999999999995	291.66499999999996	295.08	292.79999999999995
2003-08-01	286.96	291.975	295.22999999999996	292.90999999999997
2003-08-02	287.37	292.25	295.42999999999995	293.09999999999997
2003-08-03	287.60999999999996	292.55499999999995	295.64	293.59
2003-08-04	287.88	292.87	295.90999999999997	294.46
2003-08-05	288.25	293.22999999999996	296.26	294.73999999999995
2003-08-06	288.57	293.54999999999995	296.54999999999995	294.82
2003-08-07	288.65999999999997	293.615	296.83	295.02
2003-08-08	288.66999999999996	293.56999999999994	296.95	295.32
2003-08-09	288.77	293.625	297.10999999999996	295.71999999999997
2003-08-10	288.85999999999996	293.745	297.34999999999997	296.19
2003-08-11	288.78	293.84499999999997	297.40999999999997	296.41999999999996
2003-08-12	289.08	293.9	297.39	296.62
2003-08-13	289.71999999999997	294.17999999999995	297.59999999999997	296.78999999999996
2003-08-14	290.31	294.635	297.95	296.83
2003-08-15	290.56	294.91499999999996	297.96	296.69
2003-08-16	290.44	294.94999999999993	297.65	296.47999999999996
2003-08-17	290.31	294.86	297.37	296.22999999999996
2003-08-18	290.44	294.78999999999996	297.19	296.07
2003-08-19	290.57	294.78999999999996	297.26	296.04999999999995
2003-08-20	290.59999999999997	294.90999999999997	297.45	296.07
2003-08-21	290.31	294.96999999999997	297.59	296.12
2003-08-22	290.0	294.80999999999995	297.57	296.08
2003-08-23	289.9	294.63	297.47999999999996	295.87
2003-08-24	289.92999999999995	294.46	297.35999999999996	295.59999999999997
2003-08-25	289.95	294.33	297.21	295.31
2003-08-26	289.76	294.27	297.2	294.97999999999996
2003-08-27	289.45	294.03	297.07	294.58
2003-08-28	288.89	293.66999999999996	296.94	294.26
2003-08-29	288.21	293.38	296.78999999999996	294.14
2003-08-30	287.87	293.155	296.62	293.97999999999996
2003-08-31	287.79999999999995	292.965	296.41999999999996	293.88
2003-09-01	287.85999999999996	292.87	296.06	293.82
2003-09-02	287.9	292.90999999999997	295.66999999999996	293.66999999999996
2003-09-03	287.7	292.82	295.51	293.63
2003-09-04	287.5	292.56499999999994	295.28999999999996	293.57
2003-09-05	287.5	292.34999999999997	295.04999999999995	293.46999999999997
2003-09-06	287.65	292.22999999999996	294.95	293.44
2003-09-07	287.84	292.31499999999994	294.91999999999996	293.35999999999996
2003-09-08	288.09	292.49	294.98999999999995	293.38
2003-09-09	288.39	292.62	295.08	293.38
2003-09-10	288.38	292.65999999999997	295.04999999999995	293.41999999999996
2003-09-11	288.08	292.66999999999996	295.0	293.41999999999996
2003-09-12	287.96999999999997	292.65	294.92999999999995	293.40999999999997
2003-09-13	288.01	292.56499999999994	294.73999999999995	293.32
2003-09-14	288.04999999999995	292.41999999999996	294.54999999999995	293.26
2003-09-15	288.13	292.30499999999995	294.75	293.23999999999995
2003-09-16	288.27	292.245	294.84999999999997	293.21
2003-09-17	288.29999999999995	292.2	294.84	293.17999999999995
2003-09-18	288.15999999999997	292.04499999999996	294.71999999999997	292.95
2003-09-19	287.58	291.78999999999996	294.46	292.14
2003-09-20	286.64	291.38	294.08	291.0
2003-09-21	286.35999999999996	291.09999999999997	293.84999999999997	289.96
2003-09-22	286.2	290.86	293.60999999999996	289.84999999999997
2003-09-23	285.76	290.53499999999997	293.22999999999996	290.44
2003-09-24	285.46	290.135	292.96999999999997	290.65999999999997
2003-09-25	285.28	289.825	292.71	290.65
2003-09-26	284.9	289.505	292.42999999999995	290.59
2003-09-27	284.04999999999995	288.825	292.09999999999997	290.32
2003-09-28	283.4	288.085	291.60999999999996	289.85999999999996
2003-09-29	283.03999999999996	287.55499999999995	291.14	289.53999999999996
2003-09-30	282.84999999999997	287.07499999999993	290.73999999999995	289.2
2003-10-01	282.58	286.53999999999996	290.09999999999997	288.46999999999997
2003-10-02	282.45	286.125	289.53	287.54999999999995
2003-10-03	282.37	285.76	289.16999999999996	286.78
2003-10-04	282.28999999999996	285.505	288.85999999999996	286.08
2003-10-05	282.25	285.355	288.65999999999997	285.62
2003-10-06	282.32	285.335	288.62	285.53
2003-10-07	282.59999999999997	285.44499999999994	288.67999999999995	285.71
2003-10-08	282.96	285.65	288.64	286.0
2003-10-09	283.0	285.745	288.72999999999996	286.25
2003-10-10	282.88	285.83	289.03	286.46
2003-10-11	282.78	285.94	289.19	286.63
2003-10-12	282.56	285.845	289.12	286.65
2003-10-13	282.48999999999995	285.78	289.09	286.54999999999995
2003-10-14	282.54999999999995	285.625	289.01	286.37
2003-10-15	282.48999999999995	285.355	288.78999999999996	285.92999999999995
2003-10-16	282.28999999999996	285.16999999999996	288.5	285.44
2003-10-17	282.15999999999997	285.0	288.21999999999997	285.21
2003-10-18	282.10999999999996	284.91999999999996	287.92999999999995	285.06
2003-10-19	282.02	284.80499999999995	287.69	284.78
2003-10-20	281.94	284.67999999999995	287.59	284.59999999999997
2003-10-21	281.85999999999996	284.51	287.46	284.4
2003-10-22	281.72999999999996	284.30499999999995	287.25	284.09
2003-10-23	281.63	284.095	286.96	283.71
2003-10-24	281.53	283.88	286.7	283.44
2003-10-25	281.46999999999997	283.84499999999997	286.62	283.39
2003-10-26	281.46	283.78499999999997	286.46999999999997	283.26
2003-10-27	281.39	283.71	286.2	283.10999999999996
2003-10-28	281.31	283.5	285.89	283.04999999999995
2003-10-29	281.16999999999996	283.325	285.65	283.09999999999997
2003-10-30	280.98999999999995	283.16499999999996	285.54999999999995	283.15
2003-10-31	280.76	282.97499999999997	285.56	283.16999999999996
2003-11-01	280.59999999999997	282.85999999999996	285.58	283.10999999999996
2003-11-02	280.06	282.71	285.60999999999996	282.98999999999995
2003-11-03	279.85999999999996	282.585	285.56	282.83
2003-11-04	279.60999999999996	282.46999999999997	285.5	282.63
2003-11-05	279.17999999999995	282.40999999999997	285.28999999999996	282.42999999999995
2003-11-06	279.15999999999997	282.39	285.03	282.31
2003-11-07	279.09	282.28	284.89	282.26
2003-11-08	279.04999999999995	282.005	284.59999999999997	282.21999999999997
2003-11-09	279.03999999999996	281.78	284.26	282.09
2003-11-10	278.98999999999995	281.60499999999996	284.06	281.88
2003-11-11	278.90999999999997	281.43499999999995	284.02	281.75
2003-11-12	278.85999999999996	281.28499999999997	283.97999999999996	281.51
2003-11-13	278.81	281.075	283.85999999999996	281.17999999999995
2003-11-14	278.78999999999996	280.89	283.67999999999995	280.7
2003-11-15	278.76	280.79999999999995	283.47999999999996	280.46
2003-11-16	278.75	280.75	283.32	280.52
2003-11-17	278.75	280.65	283.10999999999996	280.58
2003-11-18	278.76	280.59000000000003	282.92999999999995	280.57
2003-11-19	278.72999999999996	280.56999999999994	282.87	280.57
2003-11-20	278.69	280.575	282.84999999999997	280.59
2003-11-21	278.65999999999997	280.53	282.78999999999996	280.64
2003-11-22	278.62	280.43499999999995	282.71999999999997	280.62
2003-11-23	278.44	280.28999999999996	282.65999999999997	280.57
2003-11-24	278.21999999999997	280.085	282.56	280.48999999999995
2003-11-25	277.96	279.89	282.34999999999997	280.37
2003-11-26	277.83	279.745	282.15	280.22999999999996
2003-11-27	277.72999999999996	279.61	281.91999999999996	280.06
2003-11-28	277.65999999999997	279.4549999999999	281.60999999999996	279.82
2003-11-29	277.59999999999997	279.34499999999997	281.34	279.62
2003-11-30	277.57	279.25	281.09	279.47999999999996
2003-12-01	277.5	279.1	280.65999999999997	279.34
2003-12-02	277.45	278.94499999999994	280.35999999999996	279.12
2003-12-03	277.46	278.87	280.21	278.98999999999995
2003-12-04	277.45	278.815	280.13	278.91999999999996
2003-12-05	277.41999999999996	278.745	280.03999999999996	278.9
2003-12-06	277.4	278.705	279.79999999999995	278.9
2003-12-07	277.40999999999997	278.69499999999994	279.7	278.87
2003-12-08	277.41999999999996	278.69499999999994	279.65999999999997	278.84999999999997
2003-12-09	277.35999999999996	278.625	279.65999999999997	278.82
2003-12-10	277.32	278.57499999999993	279.64	278.78999999999996
2003-12-11	277.28	278.47999999999996	279.42999999999995	278.72999999999996
2003-12-12	277.19	278.11	278.53	278.67999999999995
2003-12-13	277.16999999999996	278.03	278.2	278.60999999999996
2003-12-14	276.96999999999997	277.94499999999994	277.95	278.53999999999996
2003-12-15	276.83	277.78	277.64	278.47999999999996
2003-12-16	276.81	277.62	277.51	278.40999999999997
2003-12-17	276.83	277.53	277.25	278.32
2003-12-18	276.84	277.59999999999997	277.14	278.21
2003-12-19	276.81	277.54999999999995	277.04999999999995	278.08
2003-12-20	276.81	277.54499999999996	277.02	278.01
2003-12-21	276.81	277.54999999999995	277.02	277.95
2003-12-22	276.82	277.55499999999995	277.04999999999995	277.94
2003-12-23	276.71	277.44999999999993	277.0	277.95
2003-12-24	276.71	277.43499999999995	276.95	277.95
2003-12-25	276.75	277.42999999999995	276.94	277.94
2003-12-26	276.75	277.385	276.91999999999996	277.59
2003-12-27	276.76	277.385	276.89	277.56
2003-12-28	276.71	277.37	276.88	277.59999999999997
2003-12-29	276.72999999999996	277.395	276.9	277.65
2003-12-30	276.71999999999997	277.4	276.90999999999997	277.62
2003-12-31	276.71999999999997	277.4	276.89	277.53999999999996
2004-01-01	276.76	277.38	276.84999999999997	277.65999999999997
2004-01-01	276.76	277.48999999999995	276.84999999999997	277.65999999999997
2004-01-01	276.76	277.27	276.84999999999997	277.65999999999997
2004-01-02	276.65	277.22499999999997	276.85999999999996	277.65999999999997
2004-01-03	276.63	277.17999999999995	276.87	277.65999999999997
2004-01-04	276.64	277.14	276.88	277.64
2004-01-05	276.67999999999995	277.08	276.9	277.60999999999996
2004-01-06	276.40999999999997	276.58	276.35999999999996	277.34999999999997
2004-01-07	276.33	276.42499999999995	276.28999999999996	277.25
2004-01-08	276.28999999999996	276.395	276.23999999999995	277.01
2004-01-09	276.07	276.275	275.9	276.71
2004-01-10	276.15	276.29999999999995	275.96	276.65
2004-01-11	276.26	276.275	276.5	276.53999999999996
2004-01-12	276.38	276.325	276.9	276.4
2004-01-13	276.35999999999996	275.995	276.25	276.09
2004-01-14	276.40999999999997	276.09499999999997	276.27	276.16999999999996
2004-01-15	276.7	276.275	276.48999999999995	276.33
2004-01-16	276.21	275.59999999999997	274.83	276.03
2004-01-17	276.29999999999995	275.625	274.84999999999997	276.03
2004-01-18	276.39	275.645	274.88	276.0
2004-01-19	276.47999999999996	275.695	274.97999999999996	276.01
2004-01-20	276.41999999999996	275.56499999999994	273.35999999999996	275.88
2004-01-21	276.39	275.52	273.35999999999996	275.85999999999996
2004-01-22	276.72999999999996	276.025	273.37	276.29999999999995
2004-01-23	275.47999999999996	274.64	273.34999999999997	274.73999999999995
2004-01-24	275.4	274.625	273.34999999999997	274.7
2004-01-25	275.23999999999995	274.54499999999996	273.34999999999997	274.65999999999997
2004-01-26	275.07	274.53	273.34999999999997	274.60999999999996
2004-01-27	274.83	274.4599999999999	273.34999999999997	274.21999999999997
2004-01-28	274.71999999999997	274.43999999999994	273.34999999999997	274.19
2004-01-29	274.85999999999996	274.75	273.34999999999997	274.40999999999997
2004-01-30	274.0	274.11499999999995	273.34999999999997	274.12
2004-01-31	273.92999999999995	274.085	273.34999999999997	274.12
2004-02-01	273.87	274.085	273.34999999999997	274.12
2004-02-02	273.83	274.08	273.34999999999997	274.33
2004-02-03	273.77	273.985	273.34999999999997	274.28
2004-02-04	273.75	273.955	273.34999999999997	274.23999999999995
2004-02-05	273.94	274.2	273.34999999999997	274.78999999999996
2004-02-06	273.78999999999996	273.865	273.34999999999997	274.60999999999996
2004-02-07	273.77	273.855	273.34999999999997	274.59
2004-02-08	273.77	273.84499999999997	273.34999999999997	274.57
2004-02-09	273.72999999999996	273.895	273.34999999999997	274.65
2004-02-10	273.65	273.835	273.34999999999997	274.64
2004-02-11	273.64	273.84499999999997	273.34999999999997	274.64
2004-02-12	273.71	274.16499999999996	273.34999999999997	274.77
2004-02-13	273.63	273.89	273.34999999999997	274.42999999999995
2004-02-14	273.63	273.88	273.34999999999997	274.40999999999997
2004-02-15	273.63	273.835	273.34999999999997	274.39
2004-02-16	273.65999999999997	273.83	273.34999999999997	274.37
2004-02-17	273.59	273.78999999999996	273.34999999999997	274.31
2004-02-18	273.59999999999997	273.79999999999995	273.34999999999997	274.29999999999995
2004-02-19	273.64	274.0	273.34999999999997	274.59999999999997
2004-02-20	273.63	273.895	273.34999999999997	274.59999999999997
2004-02-21	273.63	273.89	273.34999999999997	274.59999999999997
2004-02-22	273.63	273.885	273.34999999999997	274.60999999999996
2004-02-23	273.85999999999996	274.0	273.34999999999997	274.71999999999997
2004-02-24	273.71999999999997	273.90999999999997	273.34999999999997	274.47999999999996
2004-02-25	273.71999999999997	273.91499999999996	273.34999999999997	274.52
2004-02-26	273.78	274.04499999999996	273.34999999999997	274.58
2004-02-27	273.56	274.03499999999997	273.34999999999997	274.63
2004-02-28	273.56	274.04999999999995	273.34999999999997	274.60999999999996
2004-02-29	273.56	274.03999999999996	273.34999999999997	274.60999999999996
2004-03-01	273.60999999999996	274.16999999999996	273.34999999999997	274.98999999999995
2004-03-02	273.57	274.14	273.34999999999997	275.07
2004-03-03	273.57	274.14	273.34999999999997	275.2
2004-03-04	273.7	274.25	273.89	275.46
2004-03-05	273.62	274.16999999999996	273.92999999999995	275.54999999999995
2004-03-06	273.60999999999996	274.16999999999996	273.88	275.53999999999996
2004-03-07	273.59999999999997	274.155	273.78	275.42999999999995
2004-03-08	273.73999999999995	274.245	274.01	275.31
2004-03-09	273.7	274.18999999999994	273.96999999999997	275.02
2004-03-10	273.7	274.17999999999995	273.96999999999997	274.97999999999996
2004-03-11	273.78999999999996	274.32499999999993	274.46999999999997	274.98999999999995
2004-03-12	273.71999999999997	274.34000000000003	274.16999999999996	275.0
2004-03-13	273.71	274.525	274.21999999999997	275.03
2004-03-14	273.71	274.56999999999994	274.22999999999996	275.02
2004-03-15	273.77	274.71	274.45	275.22999999999996
2004-03-16	273.66999999999996	274.64	274.19	275.09
2004-03-17	273.67999999999995	274.67999999999995	274.22999999999996	275.09
2004-03-18	273.71	274.78999999999996	274.64	275.09
2004-03-19	273.71	274.78499999999997	274.65	275.09999999999997
2004-03-20	273.71	274.885	274.77	275.14
2004-03-21	273.71	274.995	275.03999999999996	275.25
2004-03-22	273.95	275.375	275.53999999999996	275.52
2004-03-23	273.94	275.235	275.44	275.75
2004-03-24	273.96	275.16499999999996	275.4	276.03999999999996
2004-03-25	274.03	275.32499999999993	275.53	276.21999999999997
2004-03-26	274.08	275.09	275.47999999999996	275.96
2004-03-27	274.25	275.04499999999996	275.46	275.83
2004-03-28	274.28	274.97999999999996	275.45	275.77
2004-03-29	274.59	275.025	275.69	275.81
2004-03-30	274.5	274.97999999999996	275.79999999999995	275.79999999999995
2004-03-31	274.47999999999996	275.0	275.88	275.77
2004-04-01	274.60999999999996	275.21	275.92999999999995	275.9
2004-04-02	274.65	275.125	275.9	275.81
2004-04-03	274.81	275.145	275.81	275.73999999999995
2004-04-04	275.27	275.15999999999997	275.71	275.65
2004-04-05	275.84	275.41499999999996	276.53	275.65
2004-04-06	275.72999999999996	275.51	277.35999999999996	275.71999999999997
2004-04-07	275.39	275.53	278.0	275.82
2004-04-08	275.4	275.85999999999996	277.78999999999996	276.02
2004-04-09	275.15999999999997	275.615	277.07	276.04999999999995
2004-04-10	275.06	275.55499999999995	277.04999999999995	276.03999999999996
2004-04-11	275.01	275.5	277.09999999999997	276.0
2004-04-12	274.96	275.52	277.14	275.98999999999995
2004-04-13	274.9	275.53	277.21999999999997	276.03999999999996
2004-04-14	274.95	275.605	277.29999999999995	276.09
2004-04-15	275.15999999999997	275.94499999999994	277.38	276.15
2004-04-16	275.07	276.195	277.42999999999995	276.19
2004-04-17	275.03	276.24	277.67999999999995	276.27
2004-04-18	275.03	276.155	278.07	276.27
2004-04-19	275.03	276.13	278.28	276.28
2004-04-20	275.01	276.075	278.26	276.40999999999997
2004-04-21	274.97999999999996	276.05499999999995	278.28999999999996	276.48999999999995
2004-04-22	275.01	276.30499999999995	278.59	276.62
2004-04-23	275.06	276.255	278.69	276.72999999999996
2004-04-24	275.2	276.235	278.72999999999996	276.82
2004-04-25	275.21999999999997	276.34999999999997	278.84999999999997	276.94
2004-04-26	275.23999999999995	276.54999999999995	279.14	277.03999999999996
2004-04-27	275.31	276.76	279.34999999999997	277.14
2004-04-28	275.41999999999996	277.01	279.48999999999995	277.37
2004-04-29	275.48999999999995	277.21	279.62	277.83
2004-04-30	275.46999999999997	277.15	279.77	277.88
2004-05-01	275.48999999999995	277.03999999999996	279.96999999999997	277.71999999999997
2004-05-02	275.52	277.005	280.22999999999996	277.67999999999995
2004-05-03	275.58	277.12	280.59	277.81
2004-05-04	275.53999999999996	277.075	280.79999999999995	277.92999999999995
2004-05-05	275.53	277.05499999999995	281.06	278.04999999999995
2004-05-06	275.65	277.16999999999996	281.34999999999997	278.29999999999995
2004-05-07	275.72999999999996	277.34	281.95	278.42999999999995
2004-05-08	275.84	277.585	282.69	278.65
2004-05-09	275.9	277.90999999999997	283.59999999999997	278.92999999999995
2004-05-10	275.92999999999995	278.17999999999995	284.45	279.41999999999996
2004-05-11	275.92999999999995	278.375	285.59999999999997	279.98999999999995
2004-05-12	276.02	278.64	286.78	280.66999999999996
2004-05-13	276.14	278.71999999999997	287.04999999999995	281.23999999999995
2004-05-14	276.27	278.73	286.67999999999995	281.4
2004-05-15	276.34999999999997	278.755	286.09999999999997	280.81
2004-05-16	276.33	278.825	285.77	280.35999999999996
2004-05-17	276.25	278.91499999999996	285.66999999999996	280.34
2004-05-18	276.2	278.88	285.78999999999996	280.53
2004-05-19	276.17999999999995	278.895	286.03	280.83
2004-05-20	276.31	279.02	286.26	281.0
2004-05-21	276.4	279.17999999999995	286.45	281.07
2004-05-22	276.40999999999997	279.34000000000003	286.66999999999996	281.33
2004-05-23	276.45	279.44	286.7	281.48999999999995
2004-05-24	276.56	279.59499999999997	286.69	281.51
2004-05-25	276.59	279.765	286.84	281.58
2004-05-26	276.59999999999997	279.885	287.04999999999995	281.59999999999997
2004-05-27	276.64	279.885	287.19	281.7
2004-05-28	276.65999999999997	279.835	287.29999999999995	281.69
2004-05-29	276.77	279.935	287.28	281.78999999999996
2004-05-30	276.96	280.17499999999995	287.38	281.97999999999996
2004-05-31	277.15	280.41499999999996	287.48999999999995	282.17999999999995
2004-06-01	277.31	280.615	287.54999999999995	282.38
2004-06-02	277.40999999999997	280.80499999999995	287.84999999999997	282.53
2004-06-03	277.47999999999996	280.955	288.07	282.59
2004-06-04	277.40999999999997	281.07499999999993	288.10999999999996	282.71999999999997
2004-06-05	277.35999999999996	281.32	288.25	283.21
2004-06-06	277.44	281.53999999999996	288.47999999999996	284.10999999999996
2004-06-07	277.52	281.67999999999995	288.83	285.06
2004-06-08	277.62	281.895	289.47999999999996	285.89
2004-06-09	277.67999999999995	282.11	290.15999999999997	286.59999999999997
2004-06-10	277.77	282.325	290.16999999999996	286.64
2004-06-11	277.88	282.53	290.0	286.44
2004-06-12	278.09	282.71999999999997	289.88	286.40999999999997
2004-06-13	278.28999999999996	283.255	289.96	286.53
2004-06-14	278.41999999999996	283.9	290.44	286.88
2004-06-15	278.46	284.135	290.89	287.13
2004-06-16	278.51	284.4549999999999	291.4	287.33
2004-06-17	278.51	284.52	291.73999999999995	287.45
2004-06-18	278.5	284.655	291.77	287.47999999999996
2004-06-19	278.38	284.72499999999997	291.60999999999996	287.35999999999996
2004-06-20	278.38	284.80499999999995	291.53	287.22999999999996
2004-06-21	278.48999999999995	284.905	291.52	287.28999999999996
2004-06-22	278.62	285.015	291.63	287.46
2004-06-23	278.65	284.97499999999997	291.76	287.60999999999996
2004-06-24	278.63	284.88	291.90999999999997	287.82
2004-06-25	278.65	284.89	291.77	287.84
2004-06-26	278.71999999999997	285.29999999999995	291.71999999999997	287.83
2004-06-27	278.79999999999995	285.59000000000003	291.84	288.0
2004-06-28	278.96	285.92499999999995	291.89	288.08
2004-06-29	279.22999999999996	286.34	291.91999999999996	288.23999999999995
2004-06-30	279.46	286.745	292.14	288.54999999999995
2004-07-01	279.57	287.04499999999996	292.60999999999996	288.96999999999997
2004-07-02	279.65	287.2	292.87	289.17999999999995
2004-07-03	279.83	287.38	293.03	289.46999999999997
2004-07-04	280.12	287.53499999999997	293.31	289.82
2004-07-05	280.45	287.66499999999996	293.65	289.98999999999995
2004-07-06	280.65	287.78499999999997	293.98999999999995	290.19
2004-07-07	280.95	287.99	294.09	290.39
2004-07-08	281.28999999999996	288.195	293.88	290.39
2004-07-09	281.67999999999995	288.46	293.82	290.45
2004-07-10	282.34999999999997	289.015	294.14	290.88
2004-07-11	282.88	289.695	294.56	291.46
2004-07-12	283.19	290.51	295.12	291.90999999999997
2004-07-13	283.17999999999995	290.75	295.53	292.27
2004-07-14	283.10999999999996	290.45	295.39	292.48999999999995
2004-07-15	283.21999999999997	290.235	294.96	292.53999999999996
2004-07-16	283.71	290.275	294.67999999999995	292.71999999999997
2004-07-17	284.09	290.54999999999995	294.78	292.97999999999996
2004-07-18	284.57	290.77	294.97999999999996	293.28999999999996
2004-07-19	285.45	291.205	295.10999999999996	293.51
2004-07-20	285.81	291.71	295.23999999999995	293.57
2004-07-21	285.69	291.985	295.37	293.75
2004-07-22	285.37	291.83	295.53	293.94
2004-07-23	285.25	291.57	295.54999999999995	293.91999999999996
2004-07-24	285.45	291.405	295.40999999999997	293.84999999999997
2004-07-25	285.82	291.40999999999997	295.35999999999996	293.78999999999996
2004-07-26	286.33	291.575	295.25	293.7
2004-07-27	286.78	291.88	295.03	293.69
2004-07-28	287.03999999999996	292.21	294.75	293.59
2004-07-29	287.2	292.335	294.78999999999996	293.59
2004-07-30	287.34	292.395	295.23999999999995	293.89
2004-07-31	287.69	292.47499999999997	295.52	294.10999999999996
2004-08-01	288.09	292.55999999999995	295.82	294.21999999999997
2004-08-02	288.38	292.7	296.02	294.42999999999995
2004-08-03	288.52	292.755	296.0	294.48999999999995
2004-08-04	288.53	292.66499999999996	295.66999999999996	294.35999999999996
2004-08-05	288.45	292.4	295.21999999999997	294.03
2004-08-06	288.52	292.185	294.90999999999997	293.76
2004-08-07	288.67999999999995	292.17499999999995	294.75	293.59999999999997
2004-08-08	288.67999999999995	292.205	294.79999999999995	293.51
2004-08-09	288.39	292.21999999999997	294.87	293.59
2004-08-10	287.84999999999997	292.135	294.84	293.66999999999996
2004-08-11	287.23999999999995	291.96	294.77	293.65999999999997
2004-08-12	286.89	291.76	294.65999999999997	293.64
2004-08-13	286.87	291.615	294.56	293.63
2004-08-14	286.91999999999996	291.54999999999995	294.44	293.65999999999997
2004-08-15	286.82	291.625	294.44	293.72999999999996
2004-08-16	286.52	291.69499999999994	294.56	293.84
2004-08-17	286.01	291.63	294.64	293.94
2004-08-18	285.25	291.52	294.65999999999997	293.98999999999995
2004-08-19	284.53999999999996	291.39	294.52	293.83
2004-08-20	284.27	291.22	294.28	293.59
2004-08-21	284.25	291.04999999999995	294.12	293.34
2004-08-22	284.26	290.985	294.08	293.23999999999995
2004-08-23	284.21999999999997	290.965	294.09	293.28999999999996
2004-08-24	284.37	290.995	294.10999999999996	293.29999999999995
2004-08-25	284.67999999999995	291.2	294.37	293.33
2004-08-26	285.03	291.42499999999995	294.71999999999997	293.53
2004-08-27	285.2	291.54499999999996	294.87	293.73999999999995
2004-08-28	285.12	291.435	294.92999999999995	293.79999999999995
2004-08-29	285.08	291.26	295.01	293.82
2004-08-30	285.2	291.22	295.03	293.81
2004-08-31	285.34	291.32	295.12	293.83
2004-09-01	285.77	291.53999999999996	295.31	293.84999999999997
2004-09-02	286.47999999999996	291.81999999999994	295.4	293.75
2004-09-03	287.07	292.1	295.47999999999996	293.78
2004-09-04	287.03999999999996	292.265	295.76	294.03
2004-09-05	286.52	292.24	295.84999999999997	294.12
2004-09-06	286.0	292.1	295.65	293.92999999999995
2004-09-07	285.75	291.97499999999997	295.39	293.64
2004-09-08	285.76	291.9	295.01	293.12
2004-09-09	285.78999999999996	291.79999999999995	294.57	292.46999999999997
2004-09-10	285.91999999999996	291.885	294.39	292.15999999999997
2004-09-11	285.94	291.98499999999996	294.48999999999995	292.2
2004-09-12	285.94	292.12	294.66999999999996	292.28999999999996
2004-09-13	285.96	292.205	294.81	292.33
2004-09-14	285.59	292.17999999999995	294.75	292.34
2004-09-15	285.01	292.13	294.64	292.53999999999996
2004-09-16	284.60999999999996	291.965	294.46	292.41999999999996
2004-09-17	284.53	291.77	294.0	292.0
2004-09-18	284.82	291.66499999999996	293.64	291.63
2004-09-19	285.10999999999996	291.635	293.46999999999997	291.45
2004-09-20	285.27	291.63	293.42999999999995	291.45
2004-09-21	285.37	291.61	293.48999999999995	291.59
2004-09-22	285.41999999999996	291.64	293.65999999999997	291.72999999999996
2004-09-23	285.39	291.695	293.75	291.87
2004-09-24	285.25	291.615	293.67999999999995	291.95
2004-09-25	285.2	291.45	293.45	291.96
2004-09-26	285.28999999999996	291.39	293.28	292.0
2004-09-27	285.33	291.34	293.15999999999997	291.94
2004-09-28	285.26	291.18999999999994	293.08	291.72999999999996
2004-09-29	285.22999999999996	290.96999999999997	292.92999999999995	291.46
2004-09-30	285.15	290.79499999999996	292.84	291.28
2004-10-01	284.91999999999996	290.53499999999997	292.69	291.14
2004-10-02	284.56	290.125	292.47999999999996	290.91999999999996
2004-10-03	284.31	289.745	292.29999999999995	290.66999999999996
2004-10-04	283.97999999999996	289.30499999999995	292.01	290.34999999999997
2004-10-05	283.71	288.81499999999994	291.59999999999997	289.89
2004-10-06	283.60999999999996	288.4549999999999	291.28999999999996	289.45
2004-10-07	283.53999999999996	288.31999999999994	291.09	289.15
2004-10-08	283.38	288.23	291.02	289.0
2004-10-09	283.23999999999995	288.04999999999995	290.9	288.69
2004-10-10	283.26	287.91999999999996	290.78	288.4
2004-10-11	283.27	287.765	290.65999999999997	288.2
2004-10-12	283.23999999999995	287.65999999999997	290.58	288.15
2004-10-13	283.19	287.59499999999997	290.57	288.10999999999996
2004-10-14	283.09999999999997	287.515	290.46999999999997	287.96999999999997
2004-10-15	282.96	287.325	290.39	287.69
2004-10-16	282.69	286.93499999999995	290.12	287.23999999999995
2004-10-17	282.37	286.53499999999997	289.66999999999996	286.65
2004-10-18	282.10999999999996	286.2	288.96	286.07
2004-10-19	281.91999999999996	285.93499999999995	288.45	286.02
2004-10-20	281.72999999999996	285.67999999999995	287.9	285.97999999999996
2004-10-21	281.62	285.47999999999996	287.52	285.78
2004-10-22	281.63	285.39	287.29999999999995	285.45
2004-10-23	281.63	285.335	287.23999999999995	285.08
2004-10-24	281.59	285.315	287.25	285.07
2004-10-25	281.59	285.355	287.26	285.10999999999996
2004-10-26	281.58	285.36	287.29999999999995	285.03999999999996
2004-10-27	281.57	285.28	287.31	284.96999999999997
2004-10-28	281.53999999999996	285.185	287.26	284.91999999999996
2004-10-29	281.51	285.135	287.23999999999995	284.9
2004-10-30	281.47999999999996	285.06499999999994	287.27	284.82
2004-10-31	281.42999999999995	284.895	287.14	284.7
2004-11-01	281.39	284.645	286.87	284.62
2004-11-02	281.35999999999996	284.34499999999997	286.58	284.5
2004-11-03	281.39	284.17499999999995	286.37	284.39
2004-11-04	281.37	284.0	286.16999999999996	284.28999999999996
2004-11-05	281.22999999999996	283.735	285.81	283.78
2004-11-06	281.10999999999996	283.57	285.63	283.09999999999997
2004-11-07	280.9	283.395	285.52	282.59
2004-11-08	280.66999999999996	283.125	285.31	282.28
2004-11-09	280.46999999999997	282.86	284.94	282.03999999999996
2004-11-10	280.32	282.64	284.66999999999996	281.91999999999996
2004-11-11	280.22999999999996	282.46	284.40999999999997	281.82
2004-11-12	280.21999999999997	282.365	284.16999999999996	281.72999999999996
2004-11-13	280.25	282.34499999999997	283.98999999999995	281.71
2004-11-14	280.23999999999995	282.29999999999995	283.78999999999996	281.73999999999995
2004-11-15	280.21	282.275	283.71999999999997	281.73999999999995
2004-11-16	280.15	282.25	283.72999999999996	281.7
2004-11-17	280.09	282.17499999999995	283.71	281.7
2004-11-18	280.0	282.105	283.65999999999997	281.71
2004-11-19	279.92999999999995	282.04499999999996	283.65	281.71
2004-11-20	279.87	281.96999999999997	283.63	281.72999999999996
2004-11-21	279.78999999999996	281.91499999999996	283.65999999999997	281.77
2004-11-22	279.71	281.85499999999996	283.62	281.81
2004-11-23	279.63	281.765	283.53	281.78
2004-11-24	279.48999999999995	281.6	283.34	281.65999999999997
2004-11-25	279.34999999999997	281.44499999999994	283.12	281.42999999999995
2004-11-26	279.25	281.28	282.89	281.19
2004-11-27	279.17999999999995	281.1	282.63	281.0
2004-11-28	279.10999999999996	280.95	282.33	280.81
2004-11-29	279.02	280.82499999999993	282.09999999999997	280.69
2004-11-30	278.98999999999995	280.745	281.94	280.65999999999997
2004-12-01	278.95	280.72999999999996	281.82	280.53
2004-12-02	278.78	280.64	281.62	280.26
2004-12-03	278.65	280.455	281.2	279.90999999999997
2004-12-04	278.60999999999996	280.34999999999997	281.02	279.83
2004-12-05	278.53999999999996	280.275	280.97999999999996	279.91999999999996
2004-12-06	278.46999999999997	280.135	280.89	279.94
2004-12-07	278.37	280.015	280.82	279.87
2004-12-08	278.28	279.85999999999996	280.62	279.76
2004-12-09	278.2	279.71500000000003	280.34999999999997	279.66999999999996
2004-12-10	278.07	279.42999999999995	279.98999999999995	279.58
2004-12-11	277.95	279.225	279.57	279.41999999999996
2004-12-12	277.88	279.03499999999997	279.14	279.27
2004-12-13	277.84	278.91499999999996	279.01	279.15
2004-12-14	277.7	278.705	278.94	278.85999999999996
2004-12-15	277.66999999999996	278.655	278.92999999999995	278.71999999999997
2004-12-16	277.66999999999996	278.635	278.83	278.58
2004-12-17	277.46999999999997	277.65999999999997	278.23999999999995	278.16999999999996
2004-12-18	277.45	277.59499999999997	277.95	278.09999999999997
2004-12-19	277.41999999999996	277.485	277.59	278.02
2004-12-20	277.39	277.37	277.29999999999995	277.90999999999997
2004-12-21	277.32	277.15	277.07	277.76
2004-12-22	277.14	276.94	277.03999999999996	277.65999999999997
2004-12-23	277.15999999999997	277.065	276.90999999999997	277.64
2004-12-24	276.87	276.5849999999999	276.37	277.41999999999996
2004-12-25	276.79999999999995	276.485	276.13	277.31
2004-12-26	276.65	276.39	275.81	277.21
2004-12-27	276.28	276.41499999999996	275.71999999999997	277.2
2004-12-28	276.01	276.28499999999997	275.53999999999996	277.2
2004-12-29	275.96	276.33	275.59	277.19
2004-12-30	276.09	276.68999999999994	275.69	277.34999999999997
2004-12-31	275.9	276.485	275.67999999999995	277.19
2005-01-01	275.89	276.45	275.65999999999997	277.17999999999995
2005-01-02	275.89	276.42499999999995	275.65999999999997	277.17999999999995
2005-01-03	275.88	276.525	275.85999999999996	277.16999999999996
2005-01-04	275.82	276.36	275.82	277.16999999999996
2005-01-05	275.81	276.32499999999993	275.76	277.13
2005-01-06	275.87	276.43499999999995	275.89	277.19
2005-01-07	275.83	276.17499999999995	275.75	277.01
2005-01-08	275.83	276.15999999999997	275.7	276.95
2005-01-09	275.82	276.135	275.65	276.84
2005-01-10	275.82	276.18499999999995	275.62	276.82
2005-01-11	275.63	275.87	275.53	276.59999999999997
2005-01-12	275.62	275.7	275.44	276.53999999999996
2005-01-13	275.59	275.86	275.44	276.56
2005-01-14	275.28	274.775	275.15999999999997	276.12
2005-01-15	275.25	274.73	275.10999999999996	276.10999999999996
2005-01-16	275.23999999999995	274.705	275.08	276.08
2005-01-17	275.17999999999995	274.65999999999997	275.03999999999996	276.0
2005-01-18	274.67999999999995	274.525	274.21	275.76
2005-01-19	274.60999999999996	274.49	274.16999999999996	275.64
2005-01-20	274.60999999999996	274.72999999999996	274.09999999999997	275.58
2005-01-21	274.33	274.46	273.34999999999997	274.56
2005-01-22	274.31	274.44999999999993	273.34999999999997	274.53999999999996
2005-01-23	274.31	274.44499999999994	273.34999999999997	274.52
2005-01-24	274.31	274.46	273.34999999999997	274.53
2005-01-25	274.32	274.30999999999995	273.34999999999997	274.12
2005-01-26	274.28999999999996	274.30499999999995	273.34999999999997	274.12
2005-01-27	274.39	274.33	273.34999999999997	274.32
2005-01-28	274.29999999999995	274.07	273.34999999999997	273.92999999999995
2005-01-29	274.34999999999997	274.08	273.34999999999997	273.91999999999996
2005-01-30	274.39	274.085	273.34999999999997	273.92999999999995
2005-01-31	274.47999999999996	274.135	273.34999999999997	274.21999999999997
2005-02-01	274.5	274.06499999999994	273.34999999999997	273.64
2005-02-02	274.53	274.06499999999994	273.34999999999997	273.64
2005-02-03	274.90999999999997	274.405	273.34999999999997	273.73999999999995
2005-02-04	274.9	274.42999999999995	273.34999999999997	273.75
2005-02-05	274.9	274.45	273.34999999999997	273.76
2005-02-06	274.89	274.445	273.34999999999997	273.75
2005-02-07	275.15999999999997	274.965	273.38	275.12
2005-02-08	275.04999999999995	274.75	273.34999999999997	275.04999999999995
2005-02-09	274.96	274.7099999999999	273.34999999999997	275.01
2005-02-10	274.91999999999996	274.77	273.34999999999997	275.15999999999997
2005-02-11	274.45	274.48	273.34999999999997	274.73999999999995
2005-02-12	274.45	274.505	273.34999999999997	274.75
2005-02-13	274.45	274.51	273.34999999999997	274.73999999999995
2005-02-14	274.44	274.495	273.34999999999997	274.75
2005-02-15	274.39	274.40999999999997	273.34999999999997	274.72999999999996
2005-02-16	274.33	274.385	273.34999999999997	274.7
2005-02-17	274.46	274.53999999999996	273.34999999999997	274.84999999999997
2005-02-18	274.07	274.43999999999994	273.34999999999997	274.65
2005-02-19	274.03999999999996	274.42499999999995	273.34999999999997	274.62
2005-02-20	274.03	274.41999999999996	273.34999999999997	274.59999999999997
2005-02-21	273.96	274.5	273.34999999999997	274.60999999999996
2005-02-22	273.78999999999996	274.32	273.34999999999997	274.56
2005-02-23	273.72999999999996	274.215	273.34999999999997	274.53999999999996
2005-02-24	273.78	274.23	273.34999999999997	274.67999999999995
2005-02-25	273.71	274.15	273.34999999999997	274.5
2005-02-26	273.71	274.145	273.34999999999997	274.5
2005-02-27	273.7	274.13	273.34999999999997	274.5
2005-02-28	273.71999999999997	274.15999999999997	273.34999999999997	274.53
2005-03-01	273.69	274.085	273.34999999999997	274.38
2005-03-02	273.69	274.075	273.34999999999997	274.38
2005-03-03	273.75	274.115	273.34999999999997	274.46
2005-03-04	273.72999999999996	274.05999999999995	273.34999999999997	274.44
2005-03-05	273.72999999999996	274.095	273.34999999999997	274.46
2005-03-06	273.71999999999997	274.115	273.34999999999997	274.46
2005-03-07	273.84	274.13	273.34999999999997	274.72999999999996
2005-03-08	273.65	274.02	273.34999999999997	274.53
2005-03-09	273.65	273.98999999999995	273.34999999999997	274.47999999999996
2005-03-10	273.65	273.99	273.34999999999997	274.46999999999997
2005-03-11	273.59	273.94	273.34999999999997	274.42999999999995
2005-03-12	273.59	273.91499999999996	273.34999999999997	274.40999999999997
2005-03-13	273.59	273.9	273.34999999999997	274.39
2005-03-14	273.59999999999997	273.96999999999997	273.34999999999997	274.57
2005-03-15	273.53999999999996	273.96999999999997	273.34999999999997	274.60999999999996
2005-03-16	273.53999999999996	273.98	273.34999999999997	274.65999999999997
2005-03-17	273.56	274.13	273.34999999999997	274.76
2005-03-18	273.53999999999996	274.0799999999999	273.34999999999997	274.65
2005-03-19	273.56	274.125	273.34999999999997	274.65
2005-03-20	273.56	274.145	273.34999999999997	274.71999999999997
2005-03-21	273.76	274.23499999999996	273.34999999999997	274.96999999999997
2005-03-22	273.71999999999997	274.22499999999997	273.34999999999997	275.02
2005-03-23	273.73999999999995	274.27	273.34999999999997	275.04999999999995
2005-03-24	273.78	274.34	273.54999999999995	275.21
2005-03-25	273.72999999999996	274.34999999999997	273.53	275.13
2005-03-26	273.73999999999995	274.365	273.53999999999996	275.15
2005-03-27	273.76	274.405	273.56	275.13
2005-03-28	274.0	274.585	273.72999999999996	275.25
2005-03-29	273.94	274.605	273.75	275.37
2005-03-30	273.96999999999997	274.62	273.77	275.42999999999995
2005-03-31	274.14	274.755	274.51	275.72999999999996
2005-04-01	274.13	274.71	274.52	275.59999999999997
2005-04-02	274.16999999999996	274.755	274.59999999999997	275.63
2005-04-03	274.19	274.78999999999996	274.62	275.64
2005-04-04	274.47999999999996	274.98	275.53	275.64
2005-04-05	274.47999999999996	275.03499999999997	275.71	275.67999999999995
2005-04-06	274.54999999999995	275.12	276.02	275.90999999999997
2005-04-07	274.83	275.41499999999996	276.31	276.31
2005-04-08	274.79999999999995	275.455	276.34999999999997	276.31
2005-04-09	274.76	275.495	276.46	276.37
2005-04-10	274.78	275.53499999999997	276.62	276.37
2005-04-11	275.03999999999996	275.715	276.79999999999995	276.44
2005-04-12	275.10999999999996	275.745	276.85999999999996	276.42999999999995
2005-04-13	275.17999999999995	275.81499999999994	276.98999999999995	276.42999999999995
2005-04-14	275.34	276.14	277.42999999999995	276.51
2005-04-15	275.35999999999996	276.10499999999996	277.59999999999997	276.62
2005-04-16	275.41999999999996	276.18499999999995	277.79999999999995	276.71
2005-04-17	275.53	276.39	278.21	276.88
2005-04-18	275.71	276.74	278.75	277.2
2005-04-19	275.69	276.84	279.15	277.51
2005-04-20	275.51	276.7049999999999	279.17999999999995	277.41999999999996
2005-04-21	275.53999999999996	276.765	278.90999999999997	277.15999999999997
2005-04-22	275.52	276.705	278.78	277.09
2005-04-23	275.51	276.65999999999997	278.73999999999995	277.10999999999996
2005-04-24	275.53	276.60499999999996	278.71	277.15
2005-04-25	275.54999999999995	276.655	278.69	277.15999999999997
2005-04-26	275.59999999999997	276.72499999999997	278.75	277.16999999999996
2005-04-27	275.67999999999995	276.78999999999996	278.79999999999995	277.2
2005-04-28	275.75	276.95	278.94	277.2
2005-04-29	275.71999999999997	276.995	279.17999999999995	277.22999999999996
2005-04-30	275.73999999999995	277.075	279.29999999999995	277.34
2005-05-01	275.77	277.135	279.42999999999995	277.5
2005-05-02	275.81	277.2	279.82	277.62
2005-05-03	275.79999999999995	277.235	280.19	277.78
2005-05-04	275.83	277.28999999999996	280.35999999999996	277.88
2005-05-05	275.88	277.37	280.53	278.03
2005-05-06	276.03	277.485	280.87	278.26
2005-05-07	276.09	277.655	281.35999999999996	278.47999999999996
2005-05-08	276.08	277.78999999999996	281.71	278.66999999999996
2005-05-09	276.09999999999997	277.975	281.96999999999997	278.91999999999996
2005-05-10	276.09	278.265	282.07	279.17999999999995
2005-05-11	276.03	278.265	282.04999999999995	279.26
2005-05-12	276.03	278.16499999999996	281.85999999999996	279.10999999999996
2005-05-13	276.10999999999996	278.2	281.81	279.10999999999996
2005-05-14	276.28999999999996	278.31999999999994	281.87	279.10999999999996
2005-05-15	276.4	278.45	281.90999999999997	279.09999999999997
2005-05-16	276.42999999999995	278.615	282.22999999999996	279.19
2005-05-17	276.5	278.76	282.66999999999996	279.39
2005-05-18	276.59	279.0	282.96	279.77
2005-05-19	276.64	279.24	283.2	280.02
2005-05-20	276.66999999999996	279.39	283.39	280.34999999999997
2005-05-21	276.78	279.69499999999994	283.57	280.65
2005-05-22	276.98999999999995	280.06499999999994	283.84	280.85999999999996
2005-05-23	277.14	280.28999999999996	284.10999999999996	281.29999999999995
2005-05-24	277.17999999999995	280.4599999999999	284.32	281.63
2005-05-25	277.21999999999997	280.71	284.59999999999997	281.85999999999996
2005-05-26	277.28	281.09	285.03	282.21999999999997
2005-05-27	277.37	281.43499999999995	285.56	282.59
2005-05-28	277.46	281.79999999999995	286.03999999999996	282.91999999999996
2005-05-29	277.60999999999996	282.24	286.60999999999996	283.31
2005-05-30	277.82	282.81999999999994	287.34	283.78999999999996
2005-05-31	277.95	283.335	287.97999999999996	284.76
2005-06-01	278.03999999999996	283.77	288.35999999999996	285.82
2005-06-02	278.21	284.19499999999994	288.71	286.53999999999996
2005-06-03	278.41999999999996	284.78	289.33	287.09999999999997
2005-06-04	278.52	285.30999999999995	290.04999999999995	288.0
2005-06-05	278.5	285.55499999999995	290.9	289.09
2005-06-06	278.34	285.615	291.2	289.37
2005-06-07	278.29999999999995	286.12	291.52	289.33
2005-06-08	278.71	287.09	292.65	289.84999999999997
2005-06-09	279.19	288.10999999999996	294.15	290.76
2005-06-10	279.65	289.005	294.85999999999996	292.04999999999995
2005-06-11	279.9	289.41999999999996	294.77	293.38
2005-06-12	279.79999999999995	289.37	294.28	293.40999999999997
2005-06-13	279.67999999999995	289.375	293.96999999999997	292.51
2005-06-14	279.64	289.225	293.88	292.03999999999996
2005-06-15	279.44	288.66999999999996	293.51	291.65999999999997
2005-06-16	279.4	288.115	292.75	291.08
2005-06-17	279.53999999999996	287.90999999999997	292.16999999999996	290.81
2005-06-18	279.66999999999996	287.98	291.94	290.48999999999995
2005-06-19	279.94	288.34	292.0	290.4
2005-06-20	280.37	288.72	292.09999999999997	290.44
2005-06-21	280.56	288.995	292.48999999999995	290.69
2005-06-22	280.84999999999997	289.18999999999994	292.9	290.91999999999996
2005-06-23	281.48999999999995	289.465	293.25	291.21
2005-06-24	281.9	289.86	293.73999999999995	291.76
2005-06-25	281.69	290.40999999999997	294.60999999999996	292.48999999999995
2005-06-26	281.79999999999995	291.14	295.44	293.47999999999996
2005-06-27	282.29999999999995	291.67499999999995	295.96	294.41999999999996
2005-06-28	282.44	291.90999999999997	296.37	295.21
2005-06-29	282.2	291.84499999999997	296.59	295.10999999999996
2005-06-30	281.95	291.5	296.53999999999996	294.45
2005-07-01	281.54999999999995	290.995	295.94	293.71999999999997
2005-07-02	281.62	290.65	295.53999999999996	293.0
2005-07-03	282.2	290.80499999999995	295.59	293.0
2005-07-04	282.78	291.16999999999996	295.78999999999996	293.37
2005-07-05	283.02	291.43999999999994	295.97999999999996	293.75
2005-07-06	283.4	291.615	296.04999999999995	293.97999999999996
2005-07-07	284.29999999999995	291.94999999999993	296.03	294.0
2005-07-08	285.42999999999995	292.395	296.2	294.2
2005-07-09	286.96	292.79499999999996	296.40999999999997	294.41999999999996
2005-07-10	288.25	293.23499999999996	296.66999999999996	294.53
2005-07-11	289.23999999999995	293.59	296.90999999999997	294.82
2005-07-12	290.07	294.025	297.33	295.4
2005-07-13	290.34	294.54999999999995	298.02	296.12
2005-07-14	290.02	294.72999999999996	298.40999999999997	296.53
2005-07-15	290.23999999999995	294.97	298.59	296.53999999999996
2005-07-16	290.96999999999997	295.32499999999993	298.59999999999997	296.69
2005-07-17	291.09999999999997	295.465	298.58	297.02
2005-07-18	290.2	295.355	298.53999999999996	297.32
2005-07-19	288.97999999999996	295.09	298.45	297.21999999999997
2005-07-20	288.51	295.02	298.47999999999996	297.12
2005-07-21	288.28	295.21	298.72999999999996	297.35999999999996
2005-07-22	288.37	295.385	298.96999999999997	297.5
2005-07-23	288.53	295.43499999999995	298.98999999999995	297.4
2005-07-24	288.59	295.475	298.85999999999996	297.26
2005-07-25	288.56	295.365	298.73999999999995	297.09
2005-07-26	288.41999999999996	294.93999999999994	298.56	296.94
2005-07-27	288.28999999999996	294.55499999999995	298.23999999999995	296.7
2005-07-28	288.33	294.38	298.06	296.56
2005-07-29	288.46	294.30999999999995	298.06	296.57
2005-07-30	288.95	294.41499999999996	298.23999999999995	296.67999999999995
2005-07-31	289.77	294.67499999999995	298.53999999999996	296.79999999999995
2005-08-01	290.60999999999996	294.975	298.81	296.97999999999996
2005-08-02	290.85999999999996	295.215	298.96	297.17999999999995
2005-08-03	290.63	295.35999999999996	299.13	297.38
2005-08-04	290.22999999999996	295.18999999999994	299.16999999999996	297.40999999999997
2005-08-05	290.08	294.955	298.96999999999997	297.16999999999996
2005-08-06	290.35999999999996	294.92499999999995	298.73999999999995	296.94
2005-08-07	290.84999999999997	295.085	298.67999999999995	296.94
2005-08-08	291.09	295.31499999999994	298.72999999999996	297.13
2005-08-09	291.03999999999996	295.465	298.78999999999996	297.31
2005-08-10	290.95	295.525	298.79999999999995	297.38
2005-08-11	290.94	295.485	298.76	297.31
2005-08-12	290.91999999999996	295.34499999999997	298.71999999999997	297.23999999999995
2005-08-13	290.87	295.19499999999994	298.67999999999995	297.16999999999996
2005-08-14	290.83	295.09	298.56	297.03
2005-08-15	290.84	295.11	298.41999999999996	296.94
2005-08-16	290.84999999999997	295.22499999999997	298.42999999999995	297.0
2005-08-17	290.78999999999996	295.215	298.47999999999996	297.02
2005-08-18	290.76	295.03499999999997	298.35999999999996	296.83
2005-08-19	290.82	294.735	298.08	296.37
2005-08-20	290.78	294.525	297.98999999999995	295.94
2005-08-21	290.52	294.35999999999996	297.92999999999995	295.72999999999996
2005-08-22	290.16999999999996	294.02	297.71	295.54999999999995
2005-08-23	290.2	293.78	297.39	295.34999999999997
2005-08-24	290.34999999999997	293.78499999999997	297.2	295.22999999999996
2005-08-25	290.53	293.905	297.09999999999997	295.22999999999996
2005-08-26	290.59999999999997	294.01	297.07	295.40999999999997
2005-08-27	290.66999999999996	294.04499999999996	296.87	295.42999999999995
2005-08-28	290.62	294.04499999999996	296.78	295.48999999999995
2005-08-29	290.51	294.13	296.73999999999995	295.45
2005-08-30	290.46	294.10499999999996	296.42999999999995	295.17999999999995
2005-08-31	290.46999999999997	293.955	296.04999999999995	294.76
2005-09-01	290.34999999999997	293.89	295.85999999999996	294.5
2005-09-02	290.01	293.80999999999995	295.84999999999997	294.48999999999995
2005-09-03	289.73999999999995	293.695	295.83	294.44
2005-09-04	289.76	293.67499999999995	295.79999999999995	294.37
2005-09-05	289.84999999999997	293.69999999999993	295.7	294.37
2005-09-06	289.95	293.745	295.72999999999996	294.46
2005-09-07	289.96999999999997	293.775	295.84	294.58
2005-09-08	290.06	293.73	295.92999999999995	294.59
2005-09-09	290.15	293.78	295.96999999999997	294.52
2005-09-10	290.28999999999996	293.92499999999995	296.0	294.41999999999996
2005-09-11	290.46999999999997	294.04499999999996	296.08	294.35999999999996
2005-09-12	290.44	294.06	296.09	294.44
2005-09-13	290.33	293.955	295.95	294.53999999999996
2005-09-14	290.27	293.77	295.82	294.54999999999995
2005-09-15	290.25	293.62	295.69	294.57
2005-09-16	290.25	293.51	295.52	294.42999999999995
2005-09-17	290.27	293.45	295.28	294.14
2005-09-18	290.25	293.385	295.17999999999995	294.02
2005-09-19	290.13	293.18499999999995	295.16999999999996	294.0
2005-09-20	290.03	292.9	295.14	293.89
2005-09-21	289.98999999999995	292.74	295.2	293.79999999999995
2005-09-22	289.87	292.55499999999995	295.13	293.7
2005-09-23	289.72999999999996	292.29999999999995	294.9	293.52
2005-09-24	289.59999999999997	292.09999999999997	294.57	293.32
2005-09-25	289.37	291.86	294.28	293.01
2005-09-26	289.15999999999997	291.625	294.07	292.58
2005-09-27	289.07	291.53	294.03	292.39
2005-09-28	288.94	291.41499999999996	293.97999999999996	292.19
2005-09-29	288.64	291.005	293.72999999999996	291.58
2005-09-30	288.34999999999997	290.40999999999997	293.41999999999996	290.71
2005-10-01	288.10999999999996	290.08	293.25	290.22999999999996
2005-10-02	288.03999999999996	290.18499999999995	293.28	290.31
2005-10-03	287.82	290.44999999999993	293.5	290.66999999999996
2005-10-04	287.34999999999997	290.6	293.65999999999997	291.09999999999997
2005-10-05	286.79999999999995	290.61	293.63	291.22999999999996
2005-10-06	286.22999999999996	290.38	293.52	291.28
2005-10-07	285.72999999999996	289.85499999999996	293.38	291.15
2005-10-08	285.48999999999995	289.32499999999993	293.03999999999996	290.69
2005-10-09	285.45	288.995	292.59999999999997	290.21999999999997
2005-10-10	285.48999999999995	288.81499999999994	292.26	289.65999999999997
2005-10-11	285.48999999999995	288.66499999999996	291.82	288.78999999999996
2005-10-12	285.41999999999996	288.485	291.33	288.07
2005-10-13	285.28999999999996	288.36	291.01	287.65999999999997
2005-10-14	285.19	288.275	290.81	287.57
2005-10-15	285.07	288.13	290.62	287.33
2005-10-16	284.90999999999997	287.855	290.33	287.07
2005-10-17	284.72999999999996	287.57499999999993	290.01	286.65999999999997
2005-10-18	284.53999999999996	287.35999999999996	289.87	286.21999999999997
2005-10-19	284.35999999999996	287.05999999999995	289.72999999999996	285.69
2005-10-20	284.09999999999997	286.72999999999996	289.56	285.4
2005-10-21	283.9	286.505	289.39	285.38
2005-10-22	283.82	286.40999999999997	289.03999999999996	285.40999999999997
2005-10-23	283.71	286.215	288.65	285.31
2005-10-24	283.58	285.86	288.25	285.07
2005-10-25	283.51	285.515	287.72999999999996	284.73999999999995
2005-10-26	283.46999999999997	285.275	287.21	284.41999999999996
2005-10-27	283.44	285.125	286.92999999999995	284.22999999999996
2005-10-28	283.48999999999995	285.09499999999997	286.81	284.19
2005-10-29	283.45	285.085	286.77	284.26
2005-10-30	283.34	285.03499999999997	286.69	284.23999999999995
2005-10-31	283.2	284.92499999999995	286.54999999999995	284.12
2005-11-01	283.0	284.78499999999997	286.4	283.96999999999997
2005-11-02	282.83	284.69	286.28999999999996	283.89
2005-11-03	282.72999999999996	284.59499999999997	286.19	283.78999999999996
2005-11-04	282.65	284.45	286.09	283.7
2005-11-05	282.44	284.275	286.0	283.63
2005-11-06	282.15999999999997	284.04999999999995	285.97999999999996	283.48999999999995
2005-11-07	281.89	283.84999999999997	285.96	283.33
2005-11-08	281.54999999999995	283.63	285.89	283.19
2005-11-09	281.16999999999996	283.375	285.7	282.92999999999995
2005-11-10	280.84	283.15	285.39	282.65
2005-11-11	280.76	283.05499999999995	285.25	282.48999999999995
2005-11-12	280.79999999999995	283.015	285.21	282.52
2005-11-13	280.72999999999996	282.885	285.12	282.5
2005-11-14	280.65	282.75	284.92999999999995	282.29999999999995
2005-11-15	280.57	282.615	284.69	282.10999999999996
2005-11-16	280.46	282.37	284.28	281.82
2005-11-17	280.28999999999996	282.015	283.72999999999996	281.46999999999997
2005-11-18	280.03	281.68499999999995	283.25	281.25
2005-11-19	279.84999999999997	281.48	283.01	281.19
2005-11-20	279.67999999999995	281.4	282.89	281.15999999999997
2005-11-21	279.56	281.28999999999996	282.77	281.10999999999996
2005-11-22	279.09999999999997	281.03499999999997	282.71999999999997	281.03999999999996
2005-11-23	278.90999999999997	280.83	282.58	280.87
2005-11-24	278.78999999999996	280.55499999999995	282.38	280.7
2005-11-25	278.65999999999997	280.38	282.09	280.46999999999997
2005-11-26	278.54999999999995	280.25	281.81	280.29999999999995
2005-11-27	278.5	280.15999999999997	281.66999999999996	280.21
2005-11-28	278.47999999999996	280.07499999999993	281.65	280.2
2005-11-29	278.39	279.94999999999993	281.62	280.15999999999997
2005-11-30	278.34999999999997	279.45	281.34	279.98999999999995
2005-12-01	278.21	279.23999999999995	280.06	279.53999999999996
2005-12-02	277.78999999999996	279.015	279.77	279.42999999999995
2005-12-03	277.64	278.81499999999994	279.19	279.26
2005-12-04	277.57	278.635	278.53	279.06
2005-12-05	277.53999999999996	278.53	278.27	278.9
2005-12-06	277.41999999999996	278.085	277.52	278.65999999999997
2005-12-07	277.35999999999996	278.01	277.35999999999996	278.58
2005-12-08	277.38	277.97999999999996	277.26	278.54999999999995
2005-12-09	277.29999999999995	277.92999999999995	277.03999999999996	278.52
2005-12-10	277.27	277.745	276.89	278.40999999999997
2005-12-11	277.22999999999996	277.65999999999997	276.77	278.29999999999995
2005-12-12	277.40999999999997	277.87	276.82	278.26
2005-12-13	277.13	277.245	276.47999999999996	278.03999999999996
2005-12-14	277.10999999999996	277.17499999999995	276.42999999999995	277.92999999999995
2005-12-15	277.09	277.09999999999997	276.4	277.89
2005-12-16	277.07	277.03	276.38	277.89
2005-12-17	277.03999999999996	276.91499999999996	276.38	277.84
2005-12-18	277.03	276.84999999999997	276.33	277.71
2005-12-19	277.03	276.82	276.28	277.54999999999995
2005-12-20	277.23999999999995	277.09	276.53	277.51
2005-12-21	277.02	276.775	275.9	277.34
2005-12-22	277.0	276.755	275.84999999999997	277.38
2005-12-23	276.88	276.66999999999996	275.34999999999997	277.37
2005-12-24	276.84999999999997	276.64	275.14	277.31
2005-12-25	276.84	276.625	275.06	277.26
2005-12-26	276.85999999999996	276.65	275.08	277.33
2005-12-27	276.82	276.56499999999994	275.06	277.21999999999997
2005-12-28	276.81	276.56999999999994	275.04999999999995	277.21
2005-12-29	276.85999999999996	276.65	275.28	277.21999999999997
2005-12-30	276.59	275.865	275.08	277.10999999999996
2005-12-31	276.33	275.80999999999995	275.07	277.09999999999997
2006-01-01	276.28999999999996	275.78	275.06	277.12
2006-01-01	276.28999999999996	275.77	275.06	277.12
2006-01-01	276.28999999999996	275.78999999999996	275.06	277.12
2006-01-02	276.26	275.725	275.10999999999996	277.13
2006-01-03	276.22999999999996	275.715	275.28	277.2
2006-01-04	276.21999999999997	275.7099999999999	275.28999999999996	277.19
2006-01-05	276.27	276.375	275.31	277.16999999999996
2006-01-06	276.16999999999996	276.28	275.23999999999995	277.08
2006-01-07	276.15999999999997	276.255	275.2	277.03999999999996
2006-01-08	276.15999999999997	276.255	275.17999999999995	277.03
2006-01-09	276.16999999999996	276.26	275.2	277.09
2006-01-10	276.15999999999997	276.25	275.26	277.15999999999997
2006-01-11	276.15	276.30499999999995	275.33	277.21999999999997
2006-01-12	276.23999999999995	276.44499999999994	275.45	277.34
2006-01-13	276.04999999999995	276.25	275.39	277.2
2006-01-14	276.03999999999996	276.16499999999996	275.21999999999997	277.01
2006-01-15	276.03	276.08	275.09999999999997	276.85999999999996
2006-01-16	276.02	276.03499999999997	275.15999999999997	276.78999999999996
2006-01-17	275.94	275.84	275.07	276.71
2006-01-18	275.96	275.78999999999996	275.03999999999996	276.65
2006-01-19	275.97999999999996	275.80999999999995	275.0	276.62
2006-01-20	275.76	275.56499999999994	274.94	276.5
2006-01-21	275.72999999999996	275.51	274.87	276.4
2006-01-22	275.75	275.47499999999997	274.89	276.38
2006-01-23	275.78999999999996	275.505	275.03999999999996	276.52
2006-01-24	275.81	275.5	274.98999999999995	276.51
2006-01-25	275.81	275.47	274.89	276.44
2006-01-26	276.07	275.625	274.79999999999995	276.44
2006-01-27	275.92999999999995	275.59	274.77	276.40999999999997
2006-01-28	275.91999999999996	275.64	274.82	276.57
2006-01-29	275.85999999999996	275.645	274.84999999999997	276.60999999999996
2006-01-30	275.78	275.66999999999996	274.84999999999997	276.56
2006-01-31	275.71	275.59999999999997	274.85999999999996	276.48999999999995
2006-02-01	275.67999999999995	275.575	274.89	276.42999999999995
2006-02-02	275.85999999999996	275.645	275.15	276.52
2006-02-03	275.63	275.47499999999997	274.75	276.34
2006-02-04	275.59	275.43499999999995	274.72999999999996	276.33
2006-02-05	275.52	275.4	274.69	276.29999999999995
2006-02-06	275.5	275.395	274.69	276.26
2006-02-07	275.33	275.065	274.31	276.14
2006-02-08	275.32	274.98499999999996	274.25	275.97999999999996
2006-02-09	275.4	274.99	274.22999999999996	275.96999999999997
2006-02-10	275.16999999999996	274.77	274.15999999999997	275.32
2006-02-11	275.15	274.755	274.10999999999996	275.32
2006-02-12	275.13	274.745	274.03999999999996	275.32
2006-02-13	275.12	274.755	273.96999999999997	275.32
2006-02-14	275.01	274.735	273.95	275.34
2006-02-15	275.0	274.72999999999996	273.91999999999996	275.34999999999997
2006-02-16	275.03999999999996	274.965	274.08	276.01
2006-02-17	274.73999999999995	274.57499999999993	273.78999999999996	275.54999999999995
2006-02-18	274.67999999999995	274.55499999999995	273.78	275.5
2006-02-19	274.54999999999995	274.53499999999997	273.76	275.47999999999996
2006-02-20	274.51	274.525	273.75	275.46
2006-02-21	274.35999999999996	274.445	273.59999999999997	275.42999999999995
2006-02-22	274.34	274.45	273.60999999999996	275.45
2006-02-23	274.48999999999995	274.64	273.64	275.73999999999995
2006-02-24	274.34	274.42999999999995	273.52	275.46999999999997
2006-02-25	274.31	274.41499999999996	273.52	275.34999999999997
2006-02-26	274.29999999999995	274.395	273.51	275.23999999999995
2006-02-27	274.32	274.43999999999994	273.58	275.2
2006-02-28	274.21	274.4	273.34999999999997	275.12
2006-03-01	274.21	274.4	273.34999999999997	275.2
2006-03-02	274.28	274.53999999999996	273.34999999999997	275.29999999999995
2006-03-03	274.25	274.47499999999997	273.34999999999997	275.29999999999995
2006-03-04	274.27	274.465	273.34999999999997	275.38
2006-03-05	274.26	274.45	273.34999999999997	275.39
2006-03-06	274.37	274.55499999999995	273.34999999999997	275.53
2006-03-07	274.26	274.52	273.34999999999997	275.37
2006-03-08	274.31	274.62	273.34999999999997	275.40999999999997
2006-03-09	274.38	274.82499999999993	273.92999999999995	275.59
2006-03-10	274.33	274.84	273.62	275.59999999999997
2006-03-11	274.34999999999997	274.90999999999997	273.65	275.7
2006-03-12	274.38	274.9	273.66999999999996	275.66999999999996
2006-03-13	274.5	274.865	273.69	275.58
2006-03-14	274.45	274.73499999999996	273.65999999999997	275.5
2006-03-15	274.44	274.655	273.62	275.46
2006-03-16	274.66999999999996	274.9	274.9	275.69
2006-03-17	274.65999999999997	274.78	274.94	275.56
2006-03-18	274.66999999999996	274.775	275.0	275.54999999999995
2006-03-19	274.71999999999997	274.80999999999995	275.04999999999995	275.54999999999995
2006-03-20	274.77	274.86	275.22999999999996	275.54999999999995
2006-03-21	274.76	274.875	275.40999999999997	275.53999999999996
2006-03-22	274.78999999999996	274.89	275.46999999999997	275.60999999999996
2006-03-23	274.94	275.03999999999996	275.53	275.87
2006-03-24	274.84	275.005	275.58	275.88
2006-03-25	274.85999999999996	275.015	275.59999999999997	275.96999999999997
2006-03-26	274.88	275.025	275.59	275.98999999999995
2006-03-27	274.94	275.07	275.71	276.01
2006-03-28	274.89	275.11	275.96999999999997	276.08
2006-03-29	274.88	275.135	276.16999999999996	276.21999999999997
2006-03-30	275.07	275.35499999999996	276.35999999999996	276.53
2006-03-31	275.14	275.38	276.47999999999996	276.64
2006-04-01	275.16999999999996	275.4	276.5	276.59
2006-04-02	275.17999999999995	275.375	276.54999999999995	276.60999999999996
2006-04-03	275.25	275.455	276.64	276.72999999999996
2006-04-04	275.22999999999996	275.465	276.7	276.71
2006-04-05	275.22999999999996	275.51	276.76	276.66999999999996
2006-04-06	275.33	275.66499999999996	276.90999999999997	276.83
2006-04-07	275.34	275.69499999999994	277.07	276.81
2006-04-08	275.4	275.715	277.21	276.81
2006-04-09	275.46	275.765	277.31	276.85999999999996
2006-04-10	275.64	276.11499999999995	277.5	276.89
2006-04-11	275.78999999999996	276.25	277.75	276.94
2006-04-12	275.83	276.43499999999995	278.21	277.09
2006-04-13	275.76	276.62	278.63	277.28999999999996
2006-04-14	275.56	276.615	278.83	277.25
2006-04-15	275.63	276.6	279.01	277.12
2006-04-16	275.83	276.705	279.03999999999996	277.2
2006-04-17	276.08	276.87	279.02	277.41999999999996
2006-04-18	276.23999999999995	277.04499999999996	279.2	277.60999999999996
2006-04-19	276.28999999999996	277.275	279.72999999999996	277.94
2006-04-20	276.37	277.53	280.02	278.19
2006-04-21	276.34	277.55999999999995	280.16999999999996	278.2
2006-04-22	276.26	277.54499999999996	280.41999999999996	278.13
2006-04-23	276.17999999999995	277.5	280.44	278.06
2006-04-24	276.15999999999997	277.525	280.42999999999995	278.01
2006-04-25	276.21999999999997	277.5	280.32	277.92999999999995
2006-04-26	276.32	277.525	280.28	277.94
2006-04-27	276.34999999999997	277.67999999999995	280.46999999999997	278.14
2006-04-28	276.40999999999997	277.825	280.72999999999996	278.34
2006-04-29	276.44	277.93999999999994	281.03	278.65
2006-04-30	276.44	278.08	281.47999999999996	278.95
2006-05-01	276.5	278.275	282.03	279.19
2006-05-02	276.58	278.46999999999997	282.5	279.34
2006-05-03	276.65	278.635	282.94	279.52
2006-05-04	276.59999999999997	278.68499999999995	283.09999999999997	279.69
2006-05-05	276.44	278.7	283.2	279.72999999999996
2006-05-06	276.39	278.79499999999996	283.25	279.78999999999996
2006-05-07	276.57	279.01	283.44	279.95
2006-05-08	276.64	279.17999999999995	283.95	280.53
2006-05-09	276.66999999999996	279.235	284.15	281.04999999999995
2006-05-10	276.76	279.225	284.17999999999995	281.22999999999996
2006-05-11	276.84	279.23	284.13	281.14
2006-05-12	276.92999999999995	279.25	284.03999999999996	281.02
2006-05-13	277.03	279.33	283.98999999999995	280.9
2006-05-14	277.14	279.42999999999995	284.03	280.72999999999996
2006-05-15	277.21	279.505	284.09999999999997	280.76
2006-05-16	277.33	279.625	284.19	281.0
2006-05-17	277.31	279.69499999999994	284.28	281.23999999999995
2006-05-18	277.19	279.68999999999994	284.32	281.40999999999997
2006-05-19	277.15999999999997	279.76	284.31	281.51
2006-05-20	277.15999999999997	279.81499999999994	284.41999999999996	281.62
2006-05-21	277.2	279.79999999999995	284.46999999999997	281.62
2006-05-22	277.28999999999996	279.85999999999996	284.46999999999997	281.47999999999996
2006-05-23	277.59999999999997	280.0849999999999	284.59999999999997	281.37
2006-05-24	278.08	280.41999999999996	285.06	281.58
2006-05-25	278.83	281.09	285.92999999999995	282.34999999999997
2006-05-26	279.16999999999996	282.04499999999996	286.78999999999996	283.67999999999995
2006-05-27	279.32	282.77	287.60999999999996	284.9
2006-05-28	280.09999999999997	283.67499999999995	289.12	286.22999999999996
2006-05-29	281.12	284.495	290.81	288.65999999999997
2006-05-30	281.02	285.085	291.40999999999997	289.90999999999997
2006-05-31	280.34	285.32	291.51	289.76
2006-06-01	280.2	285.4	291.15	288.85999999999996
2006-06-02	280.29999999999995	285.66499999999996	290.87	288.17999999999995
2006-06-03	280.37	285.86	290.67999999999995	287.78999999999996
2006-06-04	280.45	286.10499999999996	290.41999999999996	287.52
2006-06-05	280.54999999999995	286.29499999999996	290.38	287.53
2006-06-06	280.54999999999995	286.48	290.83	288.03999999999996
2006-06-07	280.41999999999996	286.765	291.41999999999996	288.40999999999997
2006-06-08	280.31	286.905	291.59	288.21999999999997
2006-06-09	280.15999999999997	286.5	291.19	287.39
2006-06-10	280.03999999999996	285.88	290.54999999999995	286.47999999999996
2006-06-11	280.15999999999997	285.585	290.28999999999996	286.08
2006-06-12	280.51	285.64	290.33	286.15999999999997
2006-06-13	280.77	286.02	290.53	286.7
2006-06-14	281.03	286.55999999999995	290.96	287.46
2006-06-15	281.17999999999995	287.005	291.19	287.65
2006-06-16	281.52	287.34499999999997	291.5	288.06
2006-06-17	281.95	287.68499999999995	291.79999999999995	288.76
2006-06-18	282.13	287.80499999999995	292.08	289.27
2006-06-19	282.33	287.77	292.21999999999997	289.34999999999997
2006-06-20	282.57	287.755	292.22999999999996	289.2
2006-06-21	282.94	287.92999999999995	292.40999999999997	289.51
2006-06-22	282.9	288.07	292.78999999999996	290.31
2006-06-23	283.03999999999996	288.135	293.04999999999995	290.95
2006-06-24	283.98999999999995	288.375	293.21999999999997	291.32
2006-06-25	284.77	288.715	293.28999999999996	291.51
2006-06-26	285.10999999999996	289.15	293.46	291.62
2006-06-27	285.37	289.6	293.75	291.94
2006-06-28	285.69	289.86	293.94	292.27
2006-06-29	285.95	290.0	293.83	292.2
2006-06-30	286.35999999999996	290.22499999999997	293.77	292.03
2006-07-01	286.21999999999997	290.38	293.81	291.95
2006-07-02	285.90999999999997	290.575	293.87	291.96999999999997
2006-07-03	285.84999999999997	290.725	293.9	292.09
2006-07-04	285.73999999999995	290.74	294.0	291.92999999999995
2006-07-05	285.9	290.67999999999995	294.02	291.60999999999996
2006-07-06	286.26	290.74	294.08	291.52
2006-07-07	286.60999999999996	290.885	294.26	291.72999999999996
2006-07-08	286.9	291.15999999999997	294.45	292.04999999999995
2006-07-09	287.12	291.525	294.64	292.42999999999995
2006-07-10	287.23999999999995	291.85	294.78999999999996	292.81
2006-07-11	288.03999999999996	292.28	294.96999999999997	293.22999999999996
2006-07-12	289.10999999999996	292.84999999999997	295.4	293.78
2006-07-13	289.85999999999996	293.34499999999997	295.77	294.17999999999995
2006-07-14	290.03999999999996	293.67499999999995	296.12	294.77
2006-07-15	290.13	294.02	296.58	295.06
2006-07-16	290.25	294.04999999999995	296.97999999999996	295.28999999999996
2006-07-17	290.01	293.78499999999997	297.28999999999996	295.46
2006-07-18	289.87	293.54499999999996	297.27	295.33
2006-07-19	289.98999999999995	293.64	297.15999999999997	295.25
2006-07-20	290.08	293.79499999999996	297.21999999999997	295.38
2006-07-21	290.31	293.84	297.22999999999996	295.48999999999995
2006-07-22	290.47999999999996	293.91999999999996	297.17999999999995	295.59999999999997
2006-07-23	290.66999999999996	294.03499999999997	297.21999999999997	295.71
2006-07-24	290.92999999999995	294.12	297.37	295.79999999999995
2006-07-25	291.16999999999996	294.30999999999995	297.41999999999996	295.94
2006-07-26	291.5	294.51	297.46999999999997	296.07
2006-07-27	291.82	294.68499999999995	297.60999999999996	296.23999999999995
2006-07-28	292.09	295.135	297.77	296.42999999999995
2006-07-29	291.83	295.465	297.94	296.53
2006-07-30	291.7	295.63	298.28999999999996	296.69
2006-07-31	292.01	295.90999999999997	298.76	297.09999999999997
2006-08-01	292.22999999999996	296.16499999999996	299.09	297.60999999999996
2006-08-02	292.27	296.06499999999994	299.15999999999997	297.53999999999996
2006-08-03	292.28	295.84999999999997	298.9	297.02
2006-08-04	292.23999999999995	295.755	298.57	296.65
2006-08-05	292.08	295.735	298.59	296.63
2006-08-06	291.78999999999996	295.63	298.59999999999997	296.59
2006-08-07	291.59999999999997	295.49	298.48999999999995	296.45
2006-08-08	291.60999999999996	295.4	298.35999999999996	296.29999999999995
2006-08-09	291.56	295.36	298.33	296.25
2006-08-10	291.16999999999996	295.18999999999994	298.17999999999995	296.15999999999997
2006-08-11	290.81	294.91499999999996	297.84	296.0
2006-08-12	290.7	294.735	297.58	295.85999999999996
2006-08-13	290.59	294.59499999999997	297.41999999999996	295.72999999999996
2006-08-14	290.34999999999997	294.42999999999995	297.34	295.60999999999996
2006-08-15	290.19	294.22999999999996	297.12	295.39
2006-08-16	290.27	294.12	297.02	295.22999999999996
2006-08-17	290.58	294.15	297.08	295.26
2006-08-18	290.78	294.145	297.03999999999996	295.45
2006-08-19	290.82	294.05999999999995	296.89	295.29999999999995
2006-08-20	290.9	293.93999999999994	296.72999999999996	294.97999999999996
2006-08-21	291.03	293.95	296.65999999999997	294.84
2006-08-22	291.08	294.03999999999996	296.75	294.85999999999996
2006-08-23	291.08	294.05499999999995	296.81	294.87
2006-08-24	290.97999999999996	293.98	296.78	294.85999999999996
2006-08-25	290.90999999999997	293.9	296.62	294.66999999999996
2006-08-26	290.89	293.78999999999996	296.42999999999995	294.46
2006-08-27	290.91999999999996	293.695	296.22999999999996	294.33
2006-08-28	290.81	293.69499999999994	295.84999999999997	294.15999999999997
2006-08-29	290.53999999999996	293.69499999999994	295.44	293.97999999999996
2006-08-30	290.46	293.59999999999997	295.21	293.85999999999996
2006-08-31	290.46999999999997	293.42499999999995	294.98999999999995	293.72999999999996
2006-09-01	290.44	293.275	294.44	293.58
2006-09-02	290.51	293.21999999999997	293.48999999999995	293.28
2006-09-03	290.69	293.17499999999995	293.04999999999995	292.9
2006-09-04	290.96999999999997	293.15	293.64	292.56
2006-09-05	291.07	293.08	294.07	292.53999999999996
2006-09-06	290.84	292.94	294.16999999999996	292.53999999999996
2006-09-07	290.58	292.885	294.15	292.53999999999996
2006-09-08	290.28999999999996	292.92999999999995	294.28	292.65
2006-09-09	289.85999999999996	292.79999999999995	294.34999999999997	292.59999999999997
2006-09-10	289.59999999999997	292.585	294.28	292.35999999999996
2006-09-11	289.46	292.28499999999997	294.09	292.19
2006-09-12	289.35999999999996	291.91999999999996	293.87	292.06
2006-09-13	289.29999999999995	291.59	293.65999999999997	291.88
2006-09-14	289.34999999999997	291.43499999999995	293.4	291.58
2006-09-15	289.39	291.42999999999995	293.21	291.26
2006-09-16	289.32	291.46	293.15	291.12
2006-09-17	289.21	291.41499999999996	293.09	291.23999999999995
2006-09-18	289.07	291.15999999999997	292.97999999999996	291.27
2006-09-19	288.78999999999996	290.82499999999993	292.81	291.13
2006-09-20	288.42999999999995	290.47499999999997	292.62	290.90999999999997
2006-09-21	288.21999999999997	290.27	292.54999999999995	290.69
2006-09-22	288.09	290.145	292.44	290.47999999999996
2006-09-23	287.79999999999995	289.93499999999995	292.16999999999996	290.29999999999995
2006-09-24	287.46999999999997	289.71	291.91999999999996	290.09999999999997
2006-09-25	287.17999999999995	289.5	291.79999999999995	289.89
2006-09-26	286.98999999999995	289.36	291.78999999999996	289.75
2006-09-27	286.83	289.17999999999995	291.7	289.7
2006-09-28	286.57	288.885	291.44	289.53
2006-09-29	286.34999999999997	288.63	291.16999999999996	289.28
2006-09-30	286.23999999999995	288.455	290.9	289.12
2006-10-01	286.21999999999997	288.34	290.58	288.96999999999997
2006-10-02	286.28	288.29999999999995	290.41999999999996	288.89
2006-10-03	286.28	288.28	290.40999999999997	288.9
2006-10-04	286.17999999999995	288.17999999999995	290.31	288.82
2006-10-05	286.09	288.02	290.09999999999997	288.7
2006-10-06	285.98999999999995	287.945	289.92999999999995	288.65999999999997
2006-10-07	285.90999999999997	287.88	289.90999999999997	288.72999999999996
2006-10-08	285.76	287.78999999999996	289.89	288.77
2006-10-09	285.5	287.695	289.92999999999995	288.71999999999997
2006-10-10	285.2	287.54999999999995	289.84999999999997	288.60999999999996
2006-10-11	285.03	287.265	289.65999999999997	288.46999999999997
2006-10-12	284.63	286.765	289.26	288.13
2006-10-13	283.87	286.08	288.7	287.65
2006-10-14	283.12	285.29499999999996	288.04999999999995	287.03
2006-10-15	282.65999999999997	284.73999999999995	287.59999999999997	286.32
2006-10-16	282.48999999999995	284.62	287.46999999999997	286.02
2006-10-17	282.40999999999997	284.59	287.59	286.07
2006-10-18	282.28	284.31999999999994	287.45	285.9
2006-10-19	281.92999999999995	283.98999999999995	286.94	285.39
2006-10-20	281.62	283.65999999999997	286.22999999999996	284.96999999999997
2006-10-21	281.4	283.485	285.95	284.64
2006-10-22	281.29999999999995	283.27	285.64	284.23999999999995
2006-10-23	281.21999999999997	283.13	285.27	283.88
2006-10-24	281.16999999999996	283.04999999999995	284.97999999999996	283.66999999999996
2006-10-25	281.15	282.995	284.79999999999995	283.62
2006-10-26	281.14	282.91499999999996	284.63	283.51
2006-10-27	281.17999999999995	282.76	284.35999999999996	283.25
2006-10-28	281.03999999999996	282.55999999999995	284.12	282.77
2006-10-29	280.9	282.42499999999995	284.08	282.35999999999996
2006-10-30	280.84999999999997	282.365	284.01	282.21
2006-10-31	280.72999999999996	282.245	283.82	282.12
2006-11-01	280.54999999999995	282.06999999999994	283.56	281.96
2006-11-02	280.27	281.905	283.35999999999996	281.83
2006-11-03	279.98999999999995	281.71500000000003	283.21999999999997	281.75
2006-11-04	279.85999999999996	281.57499999999993	283.10999999999996	281.72999999999996
2006-11-05	279.82	281.45	283.04999999999995	281.79999999999995
2006-11-06	279.84999999999997	281.42999999999995	283.07	281.91999999999996
2006-11-07	279.84	281.48999999999995	283.10999999999996	281.96999999999997
2006-11-08	279.73999999999995	281.585	283.10999999999996	282.02
2006-11-09	279.63	281.64	283.12	282.08
2006-11-10	279.54999999999995	281.57499999999993	283.04999999999995	282.07
2006-11-11	279.47999999999996	281.485	283.01	282.06
2006-11-12	279.38	281.34499999999997	282.92999999999995	282.03
2006-11-13	279.25	281.135	282.75	281.95
2006-11-14	279.14	280.93999999999994	282.54999999999995	281.9
2006-11-15	279.03	280.77	282.39	281.88
2006-11-16	278.97999999999996	280.63	282.26	281.78999999999996
2006-11-17	278.9	280.52	282.08	281.65999999999997
2006-11-18	278.88	280.44999999999993	281.94	281.57
2006-11-19	278.85999999999996	280.4	281.82	281.51
2006-11-20	278.88	280.36	281.72999999999996	281.46
2006-11-21	278.97999999999996	280.35499999999996	281.71999999999997	281.45
2006-11-22	279.06	280.38	281.82	281.47999999999996
2006-11-23	279.01	280.42999999999995	281.84999999999997	281.47999999999996
2006-11-24	278.87	280.42999999999995	281.82	281.5
2006-11-25	278.76	280.385	281.79999999999995	281.46999999999997
2006-11-26	278.76	280.365	281.73999999999995	281.41999999999996
2006-11-27	278.76	280.355	281.71	281.39
2006-11-28	278.73999999999995	280.32	281.69	281.29999999999995
2006-11-29	278.67999999999995	280.215	281.64	281.22999999999996
2006-11-30	278.56	279.96999999999997	281.27	281.10999999999996
2006-12-01	278.42999999999995	279.755	280.97999999999996	280.94
2006-12-02	278.28999999999996	279.585	280.71	280.71
2006-12-03	277.92999999999995	279.335	280.4	280.47999999999996
2006-12-04	277.79999999999995	279.025	279.92999999999995	280.27
2006-12-05	277.58	278.73	279.47999999999996	280.07
2006-12-06	277.5	278.635	279.13	279.88
2006-12-07	277.46	278.54999999999995	278.87	279.7
2006-12-08	277.40999999999997	278.44499999999994	278.71999999999997	279.59
2006-12-09	277.44	278.405	278.64	279.5
2006-12-10	277.46	278.35499999999996	278.63	279.47999999999996
2006-12-11	277.46999999999997	278.32499999999993	278.67999999999995	279.5
2006-12-12	277.42999999999995	278.29999999999995	278.67999999999995	279.52
2006-12-13	277.40999999999997	278.27	278.59999999999997	279.53
2006-12-14	277.40999999999997	278.265	278.54999999999995	279.47999999999996
2006-12-15	277.35999999999996	278.25	278.48999999999995	279.48999999999995
2006-12-16	277.34	278.245	278.47999999999996	279.46
2006-12-17	277.33	278.19999999999993	278.46	279.40999999999997
2006-12-18	277.38	278.21999999999997	278.39	279.34999999999997
2006-12-19	277.39	278.21999999999997	278.34	279.31
2006-12-20	277.39	278.21999999999997	278.35999999999996	279.34999999999997
2006-12-21	277.38	278.21	278.37	279.4
2006-12-22	277.21	278.085	278.35999999999996	279.35999999999996
2006-12-23	277.10999999999996	278.10499999999996	278.35999999999996	279.28
2006-12-24	277.07	278.14	278.34	279.25
2006-12-25	277.07	278.06999999999994	278.33	279.16999999999996
2006-12-26	277.02	277.92999999999995	278.28	279.08
2006-12-27	277.01	277.81499999999994	278.2	278.96
2006-12-28	277.06	277.825	278.12	278.88
2006-12-29	276.96999999999997	277.755	278.07	278.88
2006-12-30	277.02	277.715	278.08	278.84999999999997
2006-12-31	277.07	277.715	278.16999999999996	278.84
2007-01-01	277.09999999999997	277.74	278.23999999999995	278.87
2007-01-01	277.09999999999997	278.0	278.23999999999995	278.87
2007-01-01	277.09999999999997	277.47999999999996	278.23999999999995	278.87
2007-01-02	277.07	277.78	278.28	278.89
2007-01-03	277.04999999999995	277.79999999999995	278.28	278.94
2007-01-04	277.13	277.835	278.26	278.91999999999996
2007-01-05	277.12	277.80499999999995	278.22999999999996	278.88
2007-01-06	277.09	277.76	278.15	278.81
2007-01-07	277.04999999999995	277.735	278.09	278.71999999999997
2007-01-08	277.12	277.78	278.03	278.63
2007-01-09	276.91999999999996	277.585	277.92999999999995	278.35999999999996
2007-01-10	276.82	277.53999999999996	277.81	278.26
2007-01-11	276.71999999999997	277.495	277.7	278.17999999999995
2007-01-12	276.48999999999995	277.35999999999996	277.57	278.13
2007-01-13	276.21	277.22499999999997	277.34	277.92999999999995
2007-01-14	276.16999999999996	277.04499999999996	277.06	277.78999999999996
2007-01-15	276.14	276.92499999999995	276.82	277.56
2007-01-16	276.0	276.55499999999995	276.66999999999996	277.02
2007-01-17	276.01	276.515	276.56	276.95
2007-01-18	275.98999999999995	276.475	276.5	276.92999999999995
2007-01-19	275.21	274.965	275.54999999999995	276.21
2007-01-20	275.19	274.945	275.5	276.16999999999996
2007-01-21	275.17999999999995	274.90999999999997	275.40999999999997	276.14
2007-01-22	275.17999999999995	274.89	275.34	276.15999999999997
2007-01-23	275.15999999999997	274.84	275.21999999999997	276.13
2007-01-24	275.14	274.81999999999994	275.13	276.12
2007-01-25	275.45	275.62	275.10999999999996	276.37
2007-01-26	275.33	275.4	274.62	276.16999999999996
2007-01-27	275.29999999999995	275.34999999999997	274.54999999999995	276.13
2007-01-28	275.25	275.27	274.46	276.07
2007-01-29	275.10999999999996	275.145	274.42999999999995	276.03999999999996
2007-01-30	275.01	275.005	273.78999999999996	275.7
2007-01-31	274.97999999999996	274.93499999999995	273.78	275.67999999999995
2007-02-01	275.01	274.955	273.77	275.69
2007-02-02	274.78	274.69499999999994	273.34999999999997	275.59
2007-02-03	274.71999999999997	274.62	273.34999999999997	275.57
2007-02-04	274.66999999999996	274.575	273.34999999999997	275.52
2007-02-05	274.64	274.53499999999997	273.34999999999997	275.4
2007-02-06	274.35999999999996	274.365	273.34999999999997	275.33
2007-02-07	274.23999999999995	274.31999999999994	273.34999999999997	275.28999999999996
2007-02-08	274.21999999999997	274.34000000000003	273.34999999999997	275.26
2007-02-09	274.01	273.985	273.34999999999997	274.77
2007-02-10	274.0	273.975	273.34999999999997	274.72999999999996
2007-02-11	273.98999999999995	273.96999999999997	273.34999999999997	274.69
2007-02-12	273.96999999999997	273.95	273.34999999999997	274.52
2007-02-13	273.75	273.72999999999996	273.34999999999997	274.42999999999995
2007-02-14	273.72999999999996	273.715	273.34999999999997	274.39
2007-02-15	273.71999999999997	273.78499999999997	273.34999999999997	274.54999999999995
2007-02-16	273.71	273.71999999999997	273.34999999999997	274.2
2007-02-17	273.71	273.725	273.34999999999997	274.21
2007-02-18	273.7	273.73	273.34999999999997	274.2
2007-02-19	273.7	273.73	273.34999999999997	274.2
2007-02-20	273.79999999999995	273.90999999999997	273.34999999999997	274.23999999999995
2007-02-21	273.79999999999995	273.90999999999997	273.34999999999997	274.26
2007-02-22	273.89	274.05999999999995	273.34999999999997	274.94
2007-02-23	273.73999999999995	273.84499999999997	273.34999999999997	274.25
2007-02-24	273.75	273.84499999999997	273.34999999999997	274.21999999999997
2007-02-25	273.76	273.845	273.34999999999997	274.21999999999997
2007-02-26	273.76	273.84	273.34999999999997	274.22999999999996
2007-02-27	273.71999999999997	273.835	273.34999999999997	274.15999999999997
2007-02-28	273.71	273.835	273.34999999999997	274.15999999999997
2007-03-01	273.73999999999995	273.885	273.34999999999997	274.56
2007-03-02	273.56	273.65	273.34999999999997	273.78999999999996
2007-03-03	273.53999999999996	273.65	273.34999999999997	273.78
2007-03-04	273.53999999999996	273.655	273.34999999999997	273.77
2007-03-05	273.54999999999995	273.655	273.34999999999997	273.76
2007-03-06	273.60999999999996	273.59999999999997	273.34999999999997	273.78999999999996
2007-03-07	273.60999999999996	273.59999999999997	273.34999999999997	273.78999999999996
2007-03-08	273.7	273.615	273.34999999999997	274.28
2007-03-09	273.67999999999995	273.625	273.34999999999997	274.21
2007-03-10	273.69	273.63	273.34999999999997	274.22999999999996
2007-03-11	273.69	273.63	273.34999999999997	274.23999999999995
2007-03-12	273.71	273.65	273.34999999999997	274.21999999999997
2007-03-13	273.88	274.025	273.34999999999997	274.46
2007-03-14	273.84999999999997	273.995	273.34999999999997	274.44
2007-03-15	273.87	274.23	273.34999999999997	274.92999999999995
2007-03-16	273.79999999999995	274.13	273.34999999999997	274.78
2007-03-17	273.78999999999996	274.125	273.34999999999997	274.75
2007-03-18	273.79999999999995	274.15	273.34999999999997	274.73999999999995
2007-03-19	273.82	274.205	273.34999999999997	274.76
2007-03-20	273.78999999999996	274.28	273.34999999999997	274.78999999999996
2007-03-21	273.83	274.34499999999997	273.34999999999997	274.82
2007-03-22	273.96	274.56499999999994	273.69	275.13
2007-03-23	274.01	274.625	273.69	275.15
2007-03-24	274.07	274.78499999999997	273.78999999999996	275.15999999999997
2007-03-25	274.10999999999996	275.085	273.87	275.25
2007-03-26	274.09999999999997	275.22499999999997	273.92999999999995	275.37
2007-03-27	274.34	275.215	274.46999999999997	275.40999999999997
2007-03-28	274.33	275.03499999999997	274.39	275.38
2007-03-29	274.4	275.015	274.88	275.44
2007-03-30	274.37	274.9	274.88	275.41999999999996
2007-03-31	274.35999999999996	274.91499999999996	275.03	275.40999999999997
2007-04-01	274.34	274.91999999999996	275.21	275.4
2007-04-02	274.32	274.90999999999997	275.21	275.33
2007-04-03	274.22999999999996	274.80999999999995	275.27	275.34999999999997
2007-04-04	274.19	274.745	275.21	275.37
2007-04-05	274.2	274.82499999999993	275.81	275.51
2007-04-06	274.19	274.745	275.53	275.48999999999995
2007-04-07	274.17999999999995	274.745	275.4	275.5
2007-04-08	274.16999999999996	274.735	275.29999999999995	275.51
2007-04-09	274.16999999999996	274.705	275.21	275.52
2007-04-10	274.44	274.875	275.2	275.59
2007-04-11	274.48999999999995	274.965	275.26	275.65999999999997
2007-04-12	274.54999999999995	275.06499999999994	275.90999999999997	275.89
2007-04-13	274.56	275.075	276.0	276.04999999999995
2007-04-14	274.62	275.105	276.06	276.12
2007-04-15	274.69	275.18999999999994	276.22999999999996	276.17999999999995
2007-04-16	274.71999999999997	275.28	276.38	276.21
2007-04-17	274.97999999999996	275.5799999999999	276.66999999999996	276.33
2007-04-18	275.02	275.71	276.84	276.32
2007-04-19	275.16999999999996	275.935	277.03	276.37
2007-04-20	275.2	275.995	277.26	276.45
2007-04-21	275.2	276.075	277.7	276.5
2007-04-22	275.27	276.235	278.12	276.60999999999996
2007-04-23	275.28	276.32499999999993	278.31	276.65
2007-04-24	275.19	276.275	278.33	276.52
2007-04-25	275.19	276.365	278.44	276.53999999999996
2007-04-26	275.34999999999997	276.53999999999996	278.63	276.69
2007-04-27	275.44	276.635	278.82	276.85999999999996
2007-04-28	275.5	276.71	278.95	276.98999999999995
2007-04-29	275.58	276.81999999999994	279.09	277.12
2007-04-30	275.59	277.03999999999996	279.44	277.13
2007-05-01	275.65999999999997	277.105	279.7	277.25
2007-05-02	275.71999999999997	277.15	279.9	277.4
2007-05-03	275.87	277.30499999999995	280.06	277.45
2007-05-04	275.97999999999996	277.42999999999995	280.17999999999995	277.53999999999996
2007-05-05	276.03	277.485	280.35999999999996	277.71
2007-05-06	276.09	277.5	280.59	277.87
2007-05-07	276.31	277.67999999999995	281.08	278.01
2007-05-08	276.51	277.97	281.76	278.31
2007-05-09	276.57	278.29999999999995	282.21999999999997	278.53
2007-05-10	276.75	278.47499999999997	282.57	278.84
2007-05-11	276.66999999999996	278.495	282.89	279.03999999999996
2007-05-12	276.52	278.405	282.83	278.95
2007-05-13	276.46	278.395	282.75	278.91999999999996
2007-05-14	276.62	278.52	282.84999999999997	279.04999999999995
2007-05-15	276.60999999999996	278.66999999999996	283.13	279.28
2007-05-16	276.46999999999997	278.755	283.19	279.38
2007-05-17	276.40999999999997	278.79499999999996	283.16999999999996	279.31
2007-05-18	276.41999999999996	278.87	283.25	279.37
2007-05-19	276.48999999999995	279.03499999999997	283.40999999999997	279.59
2007-05-20	276.59	279.21	283.77	279.87
2007-05-21	276.77	279.5	284.29999999999995	280.14
2007-05-22	277.03999999999996	279.91499999999996	285.03999999999996	280.65999999999997
2007-05-23	277.12	280.265	286.34999999999997	281.46999999999997
2007-05-24	277.08	280.67999999999995	287.59	282.59999999999997
2007-05-25	276.92999999999995	280.79999999999995	287.83	283.21999999999997
2007-05-26	276.88	280.83	287.64	283.25
2007-05-27	277.06	280.99	287.51	283.15
2007-05-28	277.31	281.46	287.63	283.22999999999996
2007-05-29	277.56	282.14	288.23999999999995	283.78999999999996
2007-05-30	277.90999999999997	282.645	289.16999999999996	284.59
2007-05-31	278.15	282.97999999999996	289.9	285.28
2007-06-01	278.29999999999995	283.28499999999997	290.91999999999996	286.10999999999996
2007-06-02	278.28	283.53999999999996	291.90999999999997	287.17999999999995
2007-06-03	278.28	283.54999999999995	291.72999999999996	287.09999999999997
2007-06-04	278.21	283.375	290.89	286.0
2007-06-05	278.12	283.10499999999996	290.06	284.87
2007-06-06	278.22999999999996	283.105	289.5	284.08
2007-06-07	278.58	283.585	289.66999999999996	284.15
2007-06-08	278.5	283.775	289.88	284.59999999999997
2007-06-09	278.62	283.985	289.94	284.76
2007-06-10	279.13	284.67999999999995	290.48999999999995	285.27
2007-06-11	279.52	285.55999999999995	291.23999999999995	286.21
2007-06-12	279.90999999999997	286.49	291.9	287.13
2007-06-13	280.09	287.28999999999996	292.37	287.78
2007-06-14	280.46	287.965	292.59999999999997	287.94
2007-06-15	280.73999999999995	288.43999999999994	292.62	288.32
2007-06-16	280.75	288.73499999999996	292.97999999999996	288.9
2007-06-17	280.51	288.80499999999995	293.53	289.34999999999997
2007-06-18	280.26	288.69999999999993	293.85999999999996	289.72999999999996
2007-06-19	279.84999999999997	288.15999999999997	293.65	289.75
2007-06-20	279.52	287.755	293.25	289.38
2007-06-21	279.4	287.75	293.16999999999996	289.23999999999995
2007-06-22	279.57	287.955	293.13	289.19
2007-06-23	279.9	288.325	293.16999999999996	289.32
2007-06-24	280.23999999999995	288.83	293.45	289.92999999999995
2007-06-25	280.38	289.47999999999996	294.06	290.59
2007-06-26	280.47999999999996	290.01	294.65	291.32
2007-06-27	280.47999999999996	290.095	295.02	291.65
2007-06-28	280.38	289.705	294.77	291.38
2007-06-29	280.44	289.43999999999994	294.58	291.16999999999996
2007-06-30	280.58	289.43499999999995	294.54999999999995	291.03
2007-07-01	280.72999999999996	289.43999999999994	294.37	290.90999999999997
2007-07-02	281.01	289.54499999999996	294.22999999999996	290.78999999999996
2007-07-03	281.46	289.89	294.34	290.90999999999997
2007-07-04	281.95	290.28999999999996	294.44	291.17999999999995
2007-07-05	282.2	290.495	294.53999999999996	291.46999999999997
2007-07-06	282.42999999999995	290.63	294.78999999999996	291.65999999999997
2007-07-07	282.65999999999997	290.87	295.10999999999996	291.78
2007-07-08	282.96999999999997	291.03	295.34	292.0
2007-07-09	283.32	291.205	295.64	292.40999999999997
2007-07-10	282.91999999999996	291.19999999999993	295.84999999999997	292.75
2007-07-11	282.07	290.80499999999995	295.58	292.40999999999997
2007-07-12	281.7	290.56	295.28	291.97999999999996
2007-07-13	281.7	290.49	295.15999999999997	291.79999999999995
2007-07-14	281.96999999999997	290.45	295.01	291.56
2007-07-15	282.21	290.40999999999997	294.83	291.34
2007-07-16	282.95	290.745	294.89	291.60999999999996
2007-07-17	284.04999999999995	291.24	294.87	292.13
2007-07-18	284.7	291.38	294.82	292.67999999999995
2007-07-19	284.52	291.115	294.73999999999995	292.64
2007-07-20	284.42999999999995	290.91499999999996	294.65	292.40999999999997
2007-07-21	284.92999999999995	291.115	294.78	292.53
2007-07-22	285.91999999999996	291.615	295.01	292.92999999999995
2007-07-23	287.26	292.09	295.22999999999996	293.35999999999996
2007-07-24	288.53	292.55499999999995	295.44	293.7
2007-07-25	289.12	292.96999999999997	295.69	293.97999999999996
2007-07-26	289.2	293.22499999999997	295.84999999999997	294.38
2007-07-27	289.2	293.445	296.03999999999996	294.73999999999995
2007-07-28	289.57	293.715	296.16999999999996	295.08
2007-07-29	289.84999999999997	294.085	296.32	295.39
2007-07-30	290.09999999999997	294.55999999999995	296.59999999999997	295.96
2007-07-31	290.34999999999997	295.06499999999994	297.03999999999996	296.45
2007-08-01	290.12	295.35499999999996	297.60999999999996	296.90999999999997
2007-08-02	289.59	295.315	297.95	297.16999999999996
2007-08-03	289.27	295.11	297.96	296.97999999999996
2007-08-04	289.19	294.885	297.83	296.62
2007-08-05	289.22999999999996	294.765	297.71	296.37
2007-08-06	289.34999999999997	294.78999999999996	297.65	296.26
2007-08-07	289.63	294.92999999999995	297.69	296.10999999999996
2007-08-08	289.97999999999996	294.995	297.78999999999996	296.0
2007-08-09	290.16999999999996	295.03999999999996	297.77	296.02
2007-08-10	290.38	295.15999999999997	297.65	296.04999999999995
2007-08-11	290.45	295.215	297.65999999999997	296.12
2007-08-12	290.17999999999995	295.05499999999995	297.64	295.97999999999996
2007-08-13	289.96999999999997	294.84999999999997	297.44	295.65999999999997
2007-08-14	289.75	294.625	297.25	295.38
2007-08-15	289.46	294.40999999999997	297.15	295.15999999999997
2007-08-16	289.14	294.235	297.06	294.84999999999997
2007-08-17	288.65	293.90999999999997	296.73999999999995	294.34
2007-08-18	288.37	293.67999999999995	296.54999999999995	294.04999999999995
2007-08-19	288.26	293.52	296.48999999999995	293.90999999999997
2007-08-20	288.28	293.265	296.4	293.9
2007-08-21	288.31	293.03	296.09	293.64
2007-08-22	288.46	293.02	295.95	293.37
2007-08-23	288.63	293.03499999999997	296.21	293.58
2007-08-24	288.78999999999996	293.005	296.28999999999996	293.78
2007-08-25	288.94	292.995	296.08	293.71999999999997
2007-08-26	289.06	293.05999999999995	295.98999999999995	293.58
2007-08-27	289.22999999999996	293.16999999999996	296.2	293.65999999999997
2007-08-28	289.28	293.245	296.53	294.10999999999996
2007-08-29	289.28	293.2	296.81	294.64
2007-08-30	289.28999999999996	293.10499999999996	296.58	294.52
2007-08-31	289.29999999999995	293.12	296.15	294.2
2007-09-01	289.34	293.19499999999994	295.97999999999996	294.03999999999996
2007-09-02	289.38	293.245	295.96	293.90999999999997
2007-09-03	289.34999999999997	293.35499999999996	296.01	293.9
2007-09-04	289.44	293.485	296.23999999999995	293.96999999999997
2007-09-05	289.67999999999995	293.58	296.71999999999997	294.21
2007-09-06	289.73999999999995	293.505	297.02	294.54999999999995
2007-09-07	289.33	293.205	297.0	294.72999999999996
2007-09-08	288.9	292.955	296.65999999999997	294.46999999999997
2007-09-09	288.64	292.84499999999997	296.21999999999997	294.06
2007-09-10	288.28999999999996	292.62	295.72999999999996	293.60999999999996
2007-09-11	287.72999999999996	292.19499999999994	295.19	293.06
2007-09-12	286.77	291.755	294.83	292.51
2007-09-13	286.04999999999995	291.46999999999997	294.67999999999995	292.33
2007-09-14	285.57	291.16499999999996	294.57	292.28999999999996
2007-09-15	285.28	290.71999999999997	294.28	292.10999999999996
2007-09-16	285.2	290.405	293.9	291.82
2007-09-17	285.25	290.28999999999996	293.73999999999995	291.71
2007-09-18	285.21	290.335	293.77	291.78
2007-09-19	285.15999999999997	290.37	293.87	291.92999999999995
2007-09-20	285.07	290.335	293.84	292.03
2007-09-21	285.04999999999995	290.32	293.77	292.07
2007-09-22	285.09	290.29499999999996	293.79999999999995	292.03
2007-09-23	285.4	290.36	293.84999999999997	292.01
2007-09-24	285.77	290.445	293.94	292.03999999999996
2007-09-25	285.65	290.34999999999997	294.01	292.09
2007-09-26	285.21	290.105	293.9	292.02
2007-09-27	285.02	289.95	293.76	291.84999999999997
2007-09-28	284.97999999999996	289.89	293.65	291.7
2007-09-29	285.02	289.87	293.59	291.64
2007-09-30	284.96	289.905	293.59999999999997	291.62
2007-10-01	284.82	289.93499999999995	293.59	291.53999999999996
2007-10-02	284.88	289.90999999999997	293.59999999999997	291.52
2007-10-03	284.98999999999995	289.865	293.51	291.46999999999997
2007-10-04	285.03	289.96	293.63	291.60999999999996
2007-10-05	285.03999999999996	290.25	294.07	292.16999999999996
2007-10-06	285.16999999999996	290.56999999999994	294.38	292.28
2007-10-07	285.39	290.84	294.71999999999997	292.06
2007-10-08	284.90999999999997	290.845	294.89	291.89
2007-10-09	284.34	290.53499999999997	294.63	291.60999999999996
2007-10-10	284.03	290.235	294.2	291.32
2007-10-11	283.7	289.745	293.78999999999996	290.97999999999996
2007-10-12	283.46	289.16499999999996	293.13	290.52
2007-10-13	283.34	288.7	292.35999999999996	290.02
2007-10-14	283.32	288.395	291.90999999999997	289.45
2007-10-15	283.31	288.18499999999995	291.79999999999995	289.14
2007-10-16	283.28999999999996	287.96	291.5	288.85999999999996
2007-10-17	283.25	287.765	291.16999999999996	288.78999999999996
2007-10-18	283.13	287.645	290.96999999999997	288.69
2007-10-19	283.02	287.53999999999996	290.78999999999996	288.56
2007-10-20	282.96	287.46999999999997	290.71	288.44
2007-10-21	282.96	287.45	290.67999999999995	288.44
2007-10-22	282.96	287.38	290.65999999999997	288.51
2007-10-23	282.95	287.24	290.41999999999996	288.37
2007-10-24	282.82	286.97999999999996	289.91999999999996	288.09
2007-10-25	282.76	286.80499999999995	289.59999999999997	287.91999999999996
2007-10-26	282.71999999999997	286.67999999999995	289.37	287.73999999999995
2007-10-27	282.57	286.41999999999996	289.03	287.31
2007-10-28	282.38	286.16999999999996	288.82	286.92999999999995
2007-10-29	282.27	285.95	288.5	286.59
2007-10-30	282.2	285.75	288.32	286.37
2007-10-31	282.0	285.47999999999996	288.15999999999997	286.17999999999995
2007-11-01	281.73999999999995	285.155	287.89	285.84999999999997
2007-11-02	281.58	284.94499999999994	287.66999999999996	285.62
2007-11-03	281.48999999999995	284.77	287.5	285.41999999999996
2007-11-04	281.44	284.69499999999994	287.35999999999996	285.21
2007-11-05	281.39	284.605	287.2	285.0
2007-11-06	281.31	284.53999999999996	287.13	284.78999999999996
2007-11-07	281.15999999999997	284.355	286.97999999999996	284.52
2007-11-08	280.96	284.04999999999995	286.7	284.27
2007-11-09	280.78	283.615	286.2	283.88
2007-11-10	280.64	283.30999999999995	285.69	283.5
2007-11-11	280.54999999999995	283.15999999999997	285.38	283.38
2007-11-12	280.48999999999995	283.015	285.2	283.38
2007-11-13	280.4	282.92499999999995	285.06	283.27
2007-11-14	280.28	282.725	284.96	283.12
2007-11-15	280.15999999999997	282.5849999999999	284.78999999999996	282.90999999999997
2007-11-16	280.08	282.41999999999996	284.52	282.65
2007-11-17	280.06	282.22499999999997	284.15999999999997	282.4
2007-11-18	280.03999999999996	282.03	283.71	282.27
2007-11-19	279.96999999999997	281.885	283.29999999999995	282.17999999999995
2007-11-20	279.84	281.72999999999996	282.82	282.15
2007-11-21	279.67999999999995	281.57	282.53999999999996	282.03
2007-11-22	279.53	281.405	282.5	281.76
2007-11-23	279.37	281.205	282.46	281.47999999999996
2007-11-24	279.31	281.125	282.15999999999997	281.22999999999996
2007-11-25	279.28	281.0	281.97999999999996	281.2
2007-11-26	279.21	280.905	281.78999999999996	281.06
2007-11-27	279.13	280.78499999999997	281.48999999999995	280.79999999999995
2007-11-28	279.08	280.575	281.21	280.46999999999997
2007-11-29	278.92999999999995	280.18999999999994	280.94	280.07
2007-11-30	278.71	279.825	280.7	279.77
2007-12-01	278.28	279.53499999999997	280.53999999999996	279.54999999999995
2007-12-02	278.15	279.405	280.4	279.46
2007-12-03	278.0	279.16499999999996	280.07	279.21999999999997
2007-12-04	277.91999999999996	278.94499999999994	279.65999999999997	279.02
2007-12-05	277.84999999999997	278.71	279.32	278.83
2007-12-06	277.66999999999996	278.53999999999996	279.03999999999996	278.60999999999996
2007-12-07	277.5	278.455	278.91999999999996	278.62
2007-12-08	277.41999999999996	278.34499999999997	278.72999999999996	278.59999999999997
2007-12-09	276.65	277.27	277.4	278.16999999999996
2007-12-10	276.62	277.21	277.27	278.15999999999997
2007-12-11	276.75	277.29499999999996	276.85999999999996	277.88
2007-12-12	276.72999999999996	277.26	276.78	277.79999999999995
2007-12-13	276.64	277.03999999999996	276.65	277.81
2007-12-14	276.60999999999996	277.01	276.54999999999995	277.75
2007-12-15	276.53999999999996	276.975	276.41999999999996	277.67999999999995
2007-12-16	276.52	276.90999999999997	276.23999999999995	277.59
2007-12-17	276.51	276.85	276.13	277.51
2007-12-18	276.16999999999996	276.34499999999997	275.08	277.34999999999997
2007-12-19	276.16999999999996	276.335	275.06	277.31
2007-12-20	276.46999999999997	276.75	276.02	277.31
2007-12-21	276.46	276.715	276.02	277.28
2007-12-22	276.46	276.69499999999994	275.95	277.23999999999995
2007-12-23	276.45	276.65	275.85999999999996	277.15
2007-12-24	276.45	276.64	275.77	277.04999999999995
2007-12-25	276.26	276.275	275.45	276.96999999999997
2007-12-26	276.21	276.275	275.42999999999995	276.89
2007-12-27	276.26	276.29499999999996	275.5	276.62
2007-12-28	276.15999999999997	276.265	275.45	276.53999999999996
2007-12-29	276.10999999999996	276.22499999999997	275.41999999999996	276.5
2007-12-30	276.08	276.18499999999995	275.37	276.45
2007-12-31	275.91999999999996	276.15999999999997	275.23999999999995	276.46999999999997
2008-01-01	275.9	276.105	275.14	276.4
2008-01-01	275.9	276.62	275.14	276.4
2008-01-01	275.9	275.59	275.14	276.4
2008-01-02	275.89	276.065	275.07	276.34999999999997
2008-01-03	275.72999999999996	275.765	274.78999999999996	276.34999999999997
2008-01-04	275.71999999999997	275.755	274.79999999999995	276.35999999999996
2008-01-05	275.71999999999997	275.735	274.83	276.39
2008-01-06	275.71999999999997	275.71	274.84	276.39
2008-01-07	275.71999999999997	275.68499999999995	274.89	276.41999999999996
2008-01-08	275.71	275.66499999999996	274.92999999999995	276.46
2008-01-09	275.71999999999997	275.655	274.96	276.5
2008-01-10	275.72999999999996	275.655	274.92999999999995	276.47999999999996
2008-01-11	275.73999999999995	275.88	275.40999999999997	276.5
2008-01-12	275.72999999999996	275.87	275.37	276.45
2008-01-13	275.72999999999996	275.85499999999996	275.33	276.42999999999995
2008-01-14	275.95	275.96999999999997	275.32	276.4
2008-01-15	275.85999999999996	275.82499999999993	275.33	276.38
2008-01-16	275.79999999999995	275.77	275.32	276.37
2008-01-17	275.72999999999996	275.715	275.28999999999996	276.34999999999997
2008-01-18	275.59	275.65999999999997	275.19	276.23999999999995
2008-01-19	275.53999999999996	275.59499999999997	275.10999999999996	276.2
2008-01-20	275.46	275.465	274.92999999999995	276.13
2008-01-21	275.16999999999996	275.04999999999995	273.87	275.89
2008-01-22	275.10999999999996	275.01	273.82	275.84
2008-01-23	275.0	274.985	273.69	275.81
2008-01-24	274.88	274.845	273.59	275.92999999999995
2008-01-25	274.84999999999997	274.835	273.56	275.94
2008-01-26	274.82	274.85	273.54999999999995	275.90999999999997
2008-01-27	274.81	274.855	273.51	275.79999999999995
2008-01-28	274.56	274.43999999999994	273.34999999999997	275.03
2008-01-29	274.53	274.42499999999995	273.34999999999997	274.98999999999995
2008-01-30	274.51	274.395	273.34999999999997	274.96
2008-01-31	274.46	274.34499999999997	273.34999999999997	275.04999999999995
2008-02-01	274.46	274.355	273.34999999999997	275.06
2008-02-02	274.46	274.355	273.34999999999997	275.04999999999995
2008-02-03	274.44	274.355	273.34999999999997	275.04999999999995
2008-02-04	274.33	274.26	273.34999999999997	275.28999999999996
2008-02-05	274.31	274.24	273.34999999999997	275.25
2008-02-06	274.29999999999995	274.23	273.34999999999997	275.22999999999996
2008-02-07	274.28999999999996	274.105	273.34999999999997	275.09
2008-02-08	274.28	274.05999999999995	273.34999999999997	275.07
2008-02-09	274.28	274.03499999999997	273.34999999999997	275.07
2008-02-10	274.27	274.015	273.34999999999997	275.07
2008-02-11	274.38	273.985	273.34999999999997	274.84999999999997
2008-02-12	274.32	273.985	273.34999999999997	274.84
2008-02-13	274.28999999999996	273.9599999999999	273.34999999999997	274.84
2008-02-14	274.09999999999997	273.96999999999997	273.34999999999997	274.84999999999997
2008-02-15	274.08	273.955	273.34999999999997	274.81
2008-02-16	274.06	273.945	273.34999999999997	274.78
2008-02-17	274.02	273.945	273.34999999999997	274.75
2008-02-18	273.97999999999996	273.835	273.34999999999997	274.21999999999997
2008-02-19	273.96999999999997	273.83	273.34999999999997	274.21
2008-02-20	273.96999999999997	273.82	273.34999999999997	274.19
2008-02-21	273.87	273.78999999999996	273.34999999999997	274.22999999999996
2008-02-22	273.88	273.79999999999995	273.34999999999997	274.22999999999996
2008-02-23	273.88	273.79999999999995	273.34999999999997	274.23999999999995
2008-02-24	273.87	273.79499999999996	273.34999999999997	274.25
2008-02-25	273.73999999999995	273.78499999999997	273.34999999999997	274.42999999999995
2008-02-26	273.72999999999996	273.78	273.34999999999997	274.41999999999996
2008-02-27	273.72999999999996	273.765	273.34999999999997	274.4
2008-02-28	273.72999999999996	273.79999999999995	273.34999999999997	274.03999999999996
2008-02-29	273.69	273.78999999999996	273.34999999999997	274.03999999999996
2008-03-01	273.66999999999996	273.78999999999996	273.34999999999997	274.02
2008-03-02	273.65	273.78499999999997	273.34999999999997	274.01
2008-03-03	273.64	273.77	273.34999999999997	274.03
2008-03-04	273.59	273.865	273.34999999999997	274.60999999999996
2008-03-05	273.57	273.86	273.34999999999997	274.59999999999997
2008-03-06	273.56	273.79999999999995	273.34999999999997	274.47999999999996
2008-03-07	273.56	273.78999999999996	273.34999999999997	274.42999999999995
2008-03-08	273.56	273.78499999999997	273.34999999999997	274.38
2008-03-09	273.53999999999996	273.775	273.34999999999997	274.33
2008-03-10	273.54999999999995	273.78999999999996	273.34999999999997	274.32
2008-03-11	273.46999999999997	273.85	273.34999999999997	274.27
2008-03-12	273.47999999999996	273.865	273.34999999999997	274.33
2008-03-13	273.5	273.77	273.34999999999997	274.21999999999997
2008-03-14	273.51	273.77	273.34999999999997	274.21999999999997
2008-03-15	273.52	273.77	273.34999999999997	274.23999999999995
2008-03-16	273.52	273.77	273.34999999999997	274.22999999999996
2008-03-17	273.52	273.77	273.34999999999997	274.2
2008-03-18	273.53	273.885	273.34999999999997	274.28
2008-03-19	273.58	273.875	273.34999999999997	274.38
2008-03-20	273.64	273.94	273.34999999999997	274.42999999999995
2008-03-21	273.60999999999996	273.94	273.34999999999997	274.42999999999995
2008-03-22	273.59999999999997	273.92999999999995	273.34999999999997	274.40999999999997
2008-03-23	273.60999999999996	273.91499999999996	273.34999999999997	274.39
2008-03-24	273.59999999999997	273.905	273.34999999999997	274.40999999999997
2008-03-25	273.59999999999997	273.99	273.34999999999997	274.51
2008-03-26	273.63	273.985	273.34999999999997	274.59
2008-03-27	273.67999999999995	274.05499999999995	273.34999999999997	274.60999999999996
2008-03-28	273.71	274.09499999999997	273.34999999999997	274.58
2008-03-29	273.71999999999997	274.09999999999997	273.34999999999997	274.58
2008-03-30	273.71	274.10499999999996	273.34999999999997	274.65
2008-03-31	273.7	274.12	273.34999999999997	274.77
2008-04-01	273.75	274.17999999999995	273.34999999999997	274.89
2008-04-02	273.79999999999995	274.205	273.34999999999997	274.94
2008-04-03	273.78999999999996	274.225	273.34999999999997	274.84999999999997
2008-04-04	273.79999999999995	274.265	273.34999999999997	274.92999999999995
2008-04-05	273.81	274.30999999999995	273.34999999999997	275.03
2008-04-06	273.82	274.34499999999997	273.34999999999997	275.08
2008-04-07	273.84999999999997	274.375	273.34999999999997	275.09999999999997
2008-04-08	274.06	274.7049999999999	274.69	275.85999999999996
2008-04-09	274.08	274.74	275.08	275.83
2008-04-10	274.07	274.765	275.76	275.82
2008-04-11	274.10999999999996	274.8299999999999	275.92999999999995	275.90999999999997
2008-04-12	274.14	274.84	276.06	276.02
2008-04-13	274.17999999999995	274.82	276.15999999999997	276.04999999999995
2008-04-14	274.23999999999995	274.81499999999994	276.21	276.07
2008-04-15	274.53	274.995	276.83	276.21
2008-04-16	274.28999999999996	275.18999999999994	277.15	276.45
2008-04-17	274.32	275.47999999999996	277.78999999999996	276.71
2008-04-18	274.38	275.66499999999996	278.52	277.07
2008-04-19	274.47999999999996	275.80999999999995	278.82	277.28
2008-04-20	274.56	275.93999999999994	279.06	277.33
2008-04-21	274.66999999999996	276.02	279.33	277.32
2008-04-22	274.84	276.44499999999994	279.71999999999997	277.52
2008-04-23	274.63	276.29499999999996	279.83	277.47999999999996
2008-04-24	275.28999999999996	276.63	279.87	277.4
2008-04-25	275.28999999999996	276.60499999999996	279.79999999999995	277.44
2008-04-26	275.23999999999995	276.51	279.73999999999995	277.59999999999997
2008-04-27	275.15999999999997	276.465	279.79999999999995	277.62
2008-04-28	275.09999999999997	276.475	279.98999999999995	277.45
2008-04-29	275.17999999999995	276.62	280.17999999999995	277.47999999999996
2008-04-30	275.44	276.845	280.34	277.47999999999996
2008-05-01	275.5	276.9549999999999	280.47999999999996	277.56
2008-05-02	275.46999999999997	277.06499999999994	280.7	277.65999999999997
2008-05-03	275.41999999999996	277.155	280.90999999999997	277.79999999999995
2008-05-04	275.42999999999995	277.24	281.04999999999995	277.9
2008-05-05	275.57	277.38	281.2	277.91999999999996
2008-05-06	275.63	277.52	281.46	277.96
2008-05-07	275.65999999999997	277.615	281.67999999999995	278.04999999999995
2008-05-08	275.66999999999996	277.66499999999996	281.82	278.27
2008-05-09	275.71999999999997	277.69999999999993	282.04999999999995	278.53999999999996
2008-05-10	275.72999999999996	277.76	282.33	278.78999999999996
2008-05-11	275.77	277.84	282.34	278.91999999999996
2008-05-12	275.83	277.93999999999994	282.21	279.08
2008-05-13	275.9	278.04499999999996	282.28999999999996	279.22999999999996
2008-05-14	276.03	278.205	282.5	279.28
2008-05-15	276.16999999999996	278.365	282.73999999999995	279.33
2008-05-16	276.28	278.55499999999995	283.03999999999996	279.34999999999997
2008-05-17	276.21999999999997	278.63	283.09999999999997	279.34
2008-05-18	276.21	278.61	282.96999999999997	279.23999999999995
2008-05-19	276.26	278.65	283.02	279.10999999999996
2008-05-20	276.34999999999997	278.78499999999997	283.21999999999997	279.12
2008-05-21	276.46999999999997	278.91999999999996	283.5	279.23999999999995
2008-05-22	276.59999999999997	279.0	283.71	279.34999999999997
2008-05-23	276.72999999999996	279.13	283.88	279.46999999999997
2008-05-24	276.79999999999995	279.29499999999996	284.17999999999995	279.75
2008-05-25	276.84	279.47499999999997	284.4	280.09999999999997
2008-05-26	276.84	279.68499999999995	284.62	280.33
2008-05-27	276.9	279.71999999999997	284.71	280.40999999999997
2008-05-28	277.06	279.775	284.81	280.59999999999997
2008-05-29	277.21	279.955	285.0	280.78999999999996
2008-05-30	277.28999999999996	280.265	285.29999999999995	281.08
2008-05-31	277.41999999999996	280.55999999999995	285.67999999999995	281.56
2008-06-01	277.58	280.82499999999993	285.96999999999997	281.84999999999997
2008-06-02	277.54999999999995	281.05499999999995	286.31	282.2
2008-06-03	277.40999999999997	281.19499999999994	286.72999999999996	282.88
2008-06-04	277.4	281.44999999999993	287.54999999999995	284.21
2008-06-05	277.46999999999997	281.825	288.69	285.84999999999997
2008-06-06	277.53	282.255	289.64	287.59
2008-06-07	277.58	282.66999999999996	290.28999999999996	287.75
2008-06-08	277.7	282.985	290.89	287.88
2008-06-09	277.84	283.145	291.14	288.15999999999997
2008-06-10	277.84999999999997	283.28	291.01	287.9
2008-06-11	277.87	283.49	291.12	287.45
2008-06-12	278.12	283.87	291.42999999999995	287.53
2008-06-13	278.33	284.095	291.60999999999996	288.08
2008-06-14	278.38	284.06999999999994	291.78	288.4
2008-06-15	278.39	284.14	291.79999999999995	288.47999999999996
2008-06-16	278.39	284.245	291.77	288.34
2008-06-17	278.46999999999997	284.405	291.65	288.08
2008-06-18	278.59999999999997	284.655	291.52	287.89
2008-06-19	278.81	285.03499999999997	291.45	287.85999999999996
2008-06-20	279.02	285.455	291.58	287.94
2008-06-21	279.14	285.84	291.65999999999997	288.03
2008-06-22	279.15999999999997	286.135	291.58	288.46999999999997
2008-06-23	279.2	286.385	291.63	289.09999999999997
2008-06-24	279.39	286.84	291.84999999999997	289.84999999999997
2008-06-25	279.71	287.465	292.23999999999995	290.48999999999995
2008-06-26	280.02	287.905	292.65999999999997	290.71
2008-06-27	280.16999999999996	288.195	292.89	290.85999999999996
2008-06-28	280.17999999999995	288.325	292.98999999999995	291.08
2008-06-29	280.04999999999995	288.34999999999997	292.98999999999995	291.15
2008-06-30	279.91999999999996	288.4	292.98999999999995	291.21999999999997
2008-07-01	280.13	288.54999999999995	293.03999999999996	291.54999999999995
2008-07-02	280.31	288.585	293.2	291.71
2008-07-03	280.41999999999996	288.55999999999995	293.35999999999996	291.85999999999996
2008-07-04	280.79999999999995	288.84999999999997	293.53999999999996	292.09
2008-07-05	281.34	289.13	293.84999999999997	292.51
2008-07-06	281.84	289.31999999999994	294.28999999999996	292.84999999999997
2008-07-07	281.89	289.635	294.9	293.37
2008-07-08	281.78	289.895	295.15	293.54999999999995
2008-07-09	281.48999999999995	290.03499999999997	294.98999999999995	293.17999999999995
2008-07-10	281.34	290.145	294.91999999999996	292.85999999999996
2008-07-11	281.34999999999997	290.31999999999994	295.04999999999995	292.85999999999996
2008-07-12	281.34	290.35	295.16999999999996	292.95
2008-07-13	281.40999999999997	290.16999999999996	295.14	292.97999999999996
2008-07-14	281.66999999999996	290.255	295.14	292.94
2008-07-15	282.10999999999996	290.525	295.34999999999997	293.03999999999996
2008-07-16	282.52	291.01	295.67999999999995	293.47999999999996
2008-07-17	283.06	291.435	296.10999999999996	294.09999999999997
2008-07-18	283.72999999999996	291.79499999999996	296.4	294.38
2008-07-19	284.29999999999995	292.08	296.48999999999995	294.56
2008-07-20	284.75	292.335	296.62	294.67999999999995
2008-07-21	285.02	292.47	296.73999999999995	294.79999999999995
2008-07-22	285.21999999999997	292.51	296.85999999999996	294.9
2008-07-23	285.66999999999996	292.55499999999995	296.66999999999996	294.87
2008-07-24	285.98999999999995	292.60999999999996	296.5	294.83
2008-07-25	285.92999999999995	292.65999999999997	296.57	294.9
2008-07-26	285.7	292.67499999999995	296.57	294.83
2008-07-27	285.88	292.79999999999995	296.53	294.65999999999997
2008-07-28	286.42999999999995	293.0	296.75	294.75
2008-07-29	286.7	293.205	296.91999999999996	294.84999999999997
2008-07-30	286.76	293.45	297.01	294.92999999999995
2008-07-31	287.08	293.64	297.04999999999995	294.96999999999997
2008-08-01	287.45	293.865	297.27	294.95
2008-08-02	287.72999999999996	293.99	297.29999999999995	294.96999999999997
2008-08-03	288.15	294.09999999999997	297.26	294.96999999999997
2008-08-04	288.65	294.25	297.23999999999995	295.02
2008-08-05	289.01	294.405	297.2	295.15
2008-08-06	289.06	294.41999999999996	297.2	295.17999999999995
2008-08-07	288.96999999999997	294.26	297.12	294.98999999999995
2008-08-08	288.92999999999995	294.01	296.89	294.60999999999996
2008-08-09	288.91999999999996	293.71999999999997	296.69	294.38
2008-08-10	288.97999999999996	293.29999999999995	296.40999999999997	294.32
2008-08-11	289.21	293.015	296.09	294.22999999999996
2008-08-12	289.45	292.96999999999997	295.97999999999996	294.19
2008-08-13	289.77	293.09	295.98999999999995	294.22999999999996
2008-08-14	289.97999999999996	293.155	295.98999999999995	294.51
2008-08-15	290.09999999999997	293.18999999999994	295.96999999999997	294.62
2008-08-16	290.15999999999997	293.23499999999996	295.98999999999995	294.60999999999996
2008-08-17	290.15	293.36	296.01	294.56
2008-08-18	289.89	293.41999999999996	295.96	294.48999999999995
2008-08-19	289.63	293.26	295.78	294.25
2008-08-20	289.66999999999996	293.17499999999995	295.57	294.08
2008-08-21	289.75	293.275	295.59	294.12
2008-08-22	289.71999999999997	293.41999999999996	295.84999999999997	294.33
2008-08-23	289.5	293.46	296.21	294.65
2008-08-24	289.28999999999996	293.335	296.2	294.66999999999996
2008-08-25	289.34999999999997	293.2049999999999	295.82	294.44
2008-08-26	289.41999999999996	293.245	295.60999999999996	294.37
2008-08-27	289.40999999999997	293.30999999999995	295.59999999999997	294.44
2008-08-28	289.33	293.385	295.60999999999996	294.51
2008-08-29	289.38	293.525	295.54999999999995	294.51
2008-08-30	289.75	293.715	295.57	294.53
2008-08-31	290.09	294.025	295.87	294.77
2008-09-01	290.25	294.21999999999997	296.09	295.04999999999995
2008-09-02	290.09999999999997	294.31499999999994	296.16999999999996	295.26
2008-09-03	289.59999999999997	294.23	296.26	295.34
2008-09-04	289.32	293.84	296.2	295.28999999999996
2008-09-05	289.07	293.28499999999997	295.84999999999997	295.01
2008-09-06	288.90999999999997	292.92999999999995	295.53999999999996	294.67999999999995
2008-09-07	288.71	292.705	295.28999999999996	294.45
2008-09-08	288.51	292.47499999999997	295.09	294.28
2008-09-09	288.4	292.215	294.84	293.97999999999996
2008-09-10	288.37	292.10499999999996	294.64	293.76
2008-09-11	288.29999999999995	292.03499999999997	294.51	293.59999999999997
2008-09-12	288.17999999999995	291.87	294.48999999999995	293.41999999999996
2008-09-13	288.10999999999996	291.55499999999995	294.4	293.0
2008-09-14	287.89	291.28499999999997	294.23999999999995	292.52
2008-09-15	287.66999999999996	291.12	294.01	292.06
2008-09-16	287.63	291.10499999999996	293.90999999999997	291.82
2008-09-17	287.62	291.04999999999995	293.84999999999997	291.69
2008-09-18	287.5	290.93499999999995	293.78999999999996	291.58
2008-09-19	287.34999999999997	290.86	293.69	291.46999999999997
2008-09-20	287.19	290.84	293.58	291.32
2008-09-21	287.10999999999996	290.80999999999995	293.48999999999995	291.12
2008-09-22	287.09999999999997	290.80499999999995	293.45	290.98999999999995
2008-09-23	287.13	290.85	293.40999999999997	290.96999999999997
2008-09-24	287.15	290.90999999999997	293.4	291.03999999999996
2008-09-25	287.17999999999995	291.03	293.51	291.09
2008-09-26	287.17999999999995	291.18499999999995	293.46	291.04999999999995
2008-09-27	287.04999999999995	291.18499999999995	293.14	290.85999999999996
2008-09-28	286.9	291.04499999999996	292.9	290.65
2008-09-29	286.71	290.745	292.71	290.41999999999996
2008-09-30	286.38	290.37	292.46	290.08
2008-10-01	285.96999999999997	289.885	292.03999999999996	289.71
2008-10-02	285.58	289.34499999999997	291.58	289.38
2008-10-03	285.29999999999995	288.905	291.22999999999996	289.12
2008-10-04	285.15999999999997	288.655	291.12	288.89
2008-10-05	285.04999999999995	288.515	291.10999999999996	288.67999999999995
2008-10-06	284.95	288.405	290.95	288.57
2008-10-07	284.79999999999995	288.235	290.72999999999996	288.52
2008-10-08	284.60999999999996	288.06499999999994	290.59	288.46
2008-10-09	284.46	287.995	290.54999999999995	288.35999999999996
2008-10-10	284.33	288.015	290.59999999999997	288.37
2008-10-11	284.23999999999995	288.03	290.54999999999995	288.34999999999997
2008-10-12	284.10999999999996	288.03	290.56	288.41999999999996
2008-10-13	283.89	287.88	290.54999999999995	288.44
2008-10-14	283.67999999999995	287.74	290.44	288.38
2008-10-15	283.47999999999996	287.54999999999995	290.28999999999996	288.23999999999995
2008-10-16	283.28	287.32499999999993	290.09	288.03
2008-10-17	283.15999999999997	287.16999999999996	289.87	287.87
2008-10-18	283.14	287.09000000000003	289.69	287.77
2008-10-19	283.09999999999997	286.92999999999995	289.56	287.75
2008-10-20	282.98999999999995	286.55999999999995	289.31	287.65
2008-10-21	282.85999999999996	286.0799999999999	288.85999999999996	287.21999999999997
2008-10-22	282.78999999999996	285.775	288.40999999999997	286.59999999999997
2008-10-23	282.84	285.65	288.19	286.19
2008-10-24	282.78999999999996	285.51	287.98999999999995	286.01
2008-10-25	282.46999999999997	285.18999999999994	287.60999999999996	285.66999999999996
2008-10-26	282.16999999999996	284.78	287.13	285.31
2008-10-27	281.91999999999996	284.335	286.54999999999995	284.79999999999995
2008-10-28	281.71999999999997	283.955	285.95	284.07
2008-10-29	281.66999999999996	283.7049999999999	285.46999999999997	283.39
2008-10-30	281.69	283.655	285.27	283.12
2008-10-31	281.58	283.62	285.23999999999995	283.15
2008-11-01	281.45	283.59999999999997	285.21999999999997	283.16999999999996
2008-11-02	281.46999999999997	283.59	285.23999999999995	283.14
2008-11-03	281.58	283.71999999999997	285.29999999999995	283.27
2008-11-04	281.67999999999995	283.87	285.46	283.53999999999996
2008-11-05	281.64	283.8349999999999	285.58	283.81
2008-11-06	281.53	283.68499999999995	285.62	283.90999999999997
2008-11-07	281.40999999999997	283.55999999999995	285.51	283.83
2008-11-08	281.31	283.5	285.37	283.66999999999996
2008-11-09	281.2	283.4	285.28999999999996	283.52
2008-11-10	281.03999999999996	283.255	285.12	283.4
2008-11-11	280.96999999999997	283.14	284.90999999999997	283.21
2008-11-12	280.95	283.04999999999995	284.71999999999997	282.94
2008-11-13	280.84999999999997	282.85	284.4	282.59999999999997
2008-11-14	280.7	282.66499999999996	284.09	282.35999999999996
2008-11-15	280.19	282.335	283.75	282.16999999999996
2008-11-16	279.94	281.905	283.02	281.82
2008-11-17	279.73999999999995	281.385	282.16999999999996	281.45
2008-11-18	279.34999999999997	280.865	281.69	281.2
2008-11-19	279.15999999999997	280.65999999999997	281.48999999999995	281.04999999999995
2008-11-20	279.07	280.44	281.06	280.90999999999997
2008-11-21	278.98999999999995	280.215	280.83	280.78999999999996
2008-11-22	278.9	280.085	280.65	280.65999999999997
2008-11-23	278.84	280.025	280.51	280.53999999999996
2008-11-24	278.75	279.905	280.25	280.45
2008-11-25	278.67999999999995	279.775	279.95	280.13
2008-11-26	278.58	279.68999999999994	279.71999999999997	279.97999999999996
2008-11-27	278.52	279.625	279.56	279.84999999999997
2008-11-28	278.37	279.485	279.42999999999995	279.66999999999996
2008-11-29	278.25	279.4	279.31	279.54999999999995
2008-11-30	278.14	279.36	279.22999999999996	279.51
2008-12-01	278.07	279.28499999999997	279.17999999999995	279.40999999999997
2008-12-02	278.02	279.07499999999993	279.03	279.26
2008-12-03	277.91999999999996	278.905	278.87	278.98999999999995
2008-12-04	277.85999999999996	278.78	278.73999999999995	278.84999999999997
2008-12-05	277.78	278.67499999999995	278.59999999999997	278.73999999999995
2008-12-06	277.69	278.54499999999996	278.40999999999997	278.59999999999997
2008-12-07	277.60999999999996	278.365	278.23999999999995	278.46999999999997
2008-12-08	277.57	278.2	278.14	278.41999999999996
2008-12-09	277.52	278.025	278.09	278.40999999999997
2008-12-10	276.78999999999996	277.97999999999996	277.98999999999995	278.42999999999995
2008-12-11	276.84	277.16499999999996	277.76	278.44
2008-12-12	276.78	277.04999999999995	277.77	278.37
2008-12-13	276.76	277.01	277.48999999999995	277.88
2008-12-14	276.73999999999995	277.01	277.34999999999997	277.81
2008-12-15	276.73999999999995	276.985	277.28	277.82
2008-12-16	276.15999999999997	276.255	275.58	277.35999999999996
2008-12-17	276.09	276.24	275.58	277.4
2008-12-18	275.85999999999996	275.885	275.53999999999996	277.42999999999995
2008-12-19	275.81	275.875	275.52	277.31
2008-12-20	275.65	275.835	275.51	277.28999999999996
2008-12-21	275.63	275.84	275.47999999999996	277.17999999999995
2008-12-22	275.59	275.77	275.44	277.15
2008-12-23	275.35999999999996	275.505	274.51	276.81
2008-12-24	275.34999999999997	275.46500000000003	274.48999999999995	276.75
2008-12-25	275.4	275.39	274.84	276.58
2008-12-26	275.32	275.38	274.82	276.52
2008-12-27	275.32	275.38	274.84999999999997	276.52
2008-12-28	275.26	275.02	274.32	276.4
2008-12-29	275.35999999999996	275.15999999999997	274.32	276.60999999999996
2008-12-30	275.34	275.15	274.28	276.56
2008-12-31	275.31	275.09999999999997	274.21999999999997	276.44
2009-01-01	275.17999999999995	275.16999999999996	274.19	276.16999999999996
2009-01-02	275.19	275.135	274.19	276.16999999999996
2009-01-03	275.15999999999997	275.03499999999997	273.97999999999996	276.07
2009-01-04	275.16999999999996	274.965	273.97999999999996	275.87
2009-01-05	275.09999999999997	274.875	273.94	275.82
2009-01-06	275.15	274.80499999999995	273.90999999999997	275.48999999999995
2009-01-07	275.15999999999997	274.80999999999995	273.92999999999995	275.5
2009-01-08	274.62	274.465	273.79999999999995	275.28999999999996
2009-01-09	274.59	274.43999999999994	273.73999999999995	275.13
2009-01-10	274.52	274.435	273.73999999999995	275.10999999999996
2009-01-11	274.5	274.42499999999995	273.64	275.13
2009-01-12	274.48999999999995	274.41499999999996	273.64	275.12
2009-01-13	274.62	274.43999999999994	273.34999999999997	275.03999999999996
2009-01-14	274.60999999999996	274.43499999999995	273.34999999999997	275.0
2009-01-15	274.12	274.185	273.34999999999997	274.53
2009-01-16	274.08	274.03	273.34999999999997	274.53999999999996
2009-01-17	274.08	274.02	273.34999999999997	274.53
2009-01-18	274.04999999999995	274.02	273.34999999999997	274.53999999999996
2009-01-19	274.19	273.995	273.34999999999997	274.57
2009-01-20	274.15	274.0	273.34999999999997	274.52
2009-01-21	274.14	274.03	273.34999999999997	274.37
2009-01-22	273.90999999999997	274.04999999999995	273.34999999999997	274.4
2009-01-23	273.90999999999997	274.03999999999996	273.34999999999997	274.4
2009-01-24	273.89	274.02	273.34999999999997	274.41999999999996
2009-01-25	273.88	273.96	273.34999999999997	274.40999999999997
2009-01-26	273.88	273.95	273.34999999999997	274.38
2009-01-27	273.62	273.745	273.34999999999997	274.58
2009-01-28	273.46	273.75	273.34999999999997	274.57
2009-01-29	273.46999999999997	273.67999999999995	273.34999999999997	274.10999999999996
2009-01-30	273.47999999999996	273.67999999999995	273.34999999999997	274.10999999999996
2009-01-31	273.47999999999996	273.67999999999995	273.34999999999997	274.12
2009-02-01	273.47999999999996	273.67999999999995	273.34999999999997	274.15
2009-02-02	273.46999999999997	273.66499999999996	273.34999999999997	274.09999999999997
2009-02-03	273.47999999999996	273.735	273.34999999999997	274.62
2009-02-04	273.47999999999996	273.735	273.34999999999997	274.60999999999996
2009-02-05	273.41999999999996	273.62	273.34999999999997	273.85999999999996
2009-02-06	273.41999999999996	273.615	273.34999999999997	273.85999999999996
2009-02-07	273.41999999999996	273.65	273.34999999999997	273.89
2009-02-08	273.44	273.65	273.34999999999997	273.85999999999996
2009-02-09	273.51	273.9	273.34999999999997	274.19
2009-02-10	273.51	273.93499999999995	273.34999999999997	274.21
2009-02-11	273.5	273.93499999999995	273.34999999999997	274.26
2009-02-12	273.44	273.88	273.34999999999997	274.16999999999996
2009-02-13	273.42999999999995	273.86	273.34999999999997	274.17999999999995
2009-02-14	273.42999999999995	273.83	273.34999999999997	274.15
2009-02-15	273.42999999999995	273.79999999999995	273.34999999999997	274.09999999999997
2009-02-16	273.4	273.715	273.34999999999997	274.03999999999996
2009-02-17	273.4	273.71	273.34999999999997	274.02
2009-02-18	273.4	273.71	273.34999999999997	274.03
2009-02-19	273.4	273.745	273.34999999999997	274.04999999999995
2009-02-20	273.4	273.74	273.34999999999997	274.06
2009-02-21	273.4	273.725	273.34999999999997	274.06
2009-02-22	273.4	273.715	273.34999999999997	274.04999999999995
2009-02-23	273.34999999999997	273.66999999999996	273.34999999999997	274.21
2009-02-24	273.34999999999997	273.65999999999997	273.34999999999997	274.19
2009-02-25	273.34999999999997	273.66499999999996	273.34999999999997	274.21
2009-02-26	273.34999999999997	273.65999999999997	273.34999999999997	274.21
2009-02-27	273.34999999999997	273.655	273.34999999999997	274.19
2009-02-28	273.34999999999997	273.66499999999996	273.34999999999997	274.16999999999996
2009-03-01	273.34999999999997	273.66499999999996	273.34999999999997	274.15999999999997
2009-03-02	273.34999999999997	273.58	273.34999999999997	273.82
2009-03-03	273.34999999999997	273.58	273.34999999999997	273.83
2009-03-04	273.34999999999997	273.59	273.34999999999997	273.85999999999996
2009-03-05	273.34999999999997	273.59999999999997	273.34999999999997	273.88
2009-03-06	273.34999999999997	273.625	273.34999999999997	273.9
2009-03-07	273.34999999999997	273.625	273.34999999999997	273.90999999999997
2009-03-08	273.34999999999997	273.615	273.34999999999997	273.91999999999996
2009-03-09	273.34999999999997	273.63	273.34999999999997	274.07
2009-03-10	273.34999999999997	273.745	273.34999999999997	274.42999999999995
2009-03-11	273.34999999999997	273.72999999999996	273.34999999999997	274.44
2009-03-12	273.34999999999997	273.76	273.34999999999997	274.4
2009-03-13	273.34999999999997	273.77	273.34999999999997	274.39
2009-03-14	273.34999999999997	273.79999999999995	273.34999999999997	274.45
2009-03-15	273.34999999999997	273.80999999999995	273.34999999999997	274.52
2009-03-16	273.34999999999997	273.8349999999999	273.34999999999997	274.51
2009-03-17	273.34999999999997	273.875	273.34999999999997	274.51
2009-03-18	273.34999999999997	273.865	273.34999999999997	274.5
2009-03-19	273.34999999999997	273.80999999999995	273.34999999999997	274.53999999999996
2009-03-20	273.34999999999997	273.78999999999996	273.34999999999997	274.51
2009-03-21	273.34999999999997	273.79999999999995	273.34999999999997	274.48999999999995
2009-03-22	273.34999999999997	273.80499999999995	273.34999999999997	274.52
2009-03-23	273.34999999999997	273.81499999999994	273.34999999999997	274.54999999999995
2009-03-24	273.34999999999997	273.89	273.34999999999997	274.60999999999996
2009-03-25	273.34999999999997	273.89	273.34999999999997	274.65999999999997
2009-03-26	273.34999999999997	273.84999999999997	273.34999999999997	274.72999999999996
2009-03-27	273.34999999999997	273.84499999999997	273.34999999999997	274.78999999999996
2009-03-28	273.34999999999997	273.84	273.34999999999997	274.82
2009-03-29	273.34999999999997	273.84	273.34999999999997	274.78
2009-03-30	273.34999999999997	273.84999999999997	273.34999999999997	274.69
2009-03-31	273.34999999999997	274.02	275.44	274.5
2009-04-01	273.34999999999997	274.155	275.72999999999996	274.60999999999996
2009-04-02	273.34999999999997	274.185	275.85999999999996	274.69
2009-04-03	273.34999999999997	274.195	275.90999999999997	274.71
2009-04-04	273.34999999999997	274.18999999999994	275.96999999999997	274.75
2009-04-05	273.34999999999997	274.215	275.98999999999995	274.79999999999995
2009-04-06	273.34999999999997	274.245	276.03999999999996	274.79999999999995
2009-04-07	273.34999999999997	274.4	276.54999999999995	274.9
2009-04-08	273.34999999999997	274.445	276.62	274.89
2009-04-09	273.34999999999997	274.45	276.65999999999997	274.92999999999995
2009-04-10	273.34999999999997	274.445	276.78	274.9
2009-04-11	273.34999999999997	274.43999999999994	276.90999999999997	274.92999999999995
2009-04-12	273.34999999999997	274.455	277.03	274.95
2009-04-13	273.34999999999997	274.505	277.15999999999997	274.97999999999996
2009-04-14	273.34999999999997	274.61	277.09999999999997	275.71999999999997
2009-04-15	273.34999999999997	274.66999999999996	277.26	275.78999999999996
2009-04-16	273.34999999999997	274.92499999999995	277.53999999999996	275.92999999999995
2009-04-17	273.34999999999997	275.01	277.84999999999997	276.01
2009-04-18	273.34999999999997	275.03	278.04999999999995	276.06
2009-04-19	273.34999999999997	275.015	278.06	276.09
2009-04-20	273.34999999999997	275.0	278.03	276.17999999999995
2009-04-21	273.76	275.86	278.60999999999996	276.90999999999997
2009-04-22	273.76	275.86499999999995	278.79999999999995	277.04999999999995
2009-04-23	273.77	276.13	278.97999999999996	277.15
2009-04-24	273.79999999999995	276.625	279.46999999999997	277.33
2009-04-25	273.83	276.82	280.17999999999995	277.72999999999996
2009-04-26	273.84999999999997	276.72999999999996	280.88	278.34
2009-04-27	274.32	276.735	281.15	278.94
2009-04-28	274.33	276.645	281.04999999999995	278.66999999999996
2009-04-29	274.28999999999996	276.64	280.90999999999997	278.03999999999996
2009-04-30	274.53	276.67499999999995	281.02	277.89
2009-05-01	275.27	276.835	281.23999999999995	278.0
2009-05-02	275.34999999999997	276.885	281.46999999999997	278.03999999999996
2009-05-03	275.51	277.025	281.98999999999995	278.19
2009-05-04	275.71999999999997	277.2	282.22999999999996	278.41999999999996
2009-05-05	275.79999999999995	277.325	282.21999999999997	278.65
2009-05-06	275.87	277.42999999999995	282.26	278.87
2009-05-07	275.89	277.64	282.44	279.06
2009-05-08	275.79999999999995	277.8299999999999	282.7	279.23999999999995
2009-05-09	275.73999999999995	277.775	282.79999999999995	279.03999999999996
2009-05-10	275.72999999999996	277.68499999999995	282.79999999999995	278.71999999999997
2009-05-11	275.76	277.755	283.09999999999997	278.67999999999995
2009-05-12	275.78999999999996	277.89	283.42999999999995	278.83
2009-05-13	275.9	278.005	283.59999999999997	278.96999999999997
2009-05-14	275.96999999999997	278.06499999999994	283.56	279.03
2009-05-15	276.04999999999995	278.125	283.59999999999997	279.14
2009-05-16	276.10999999999996	278.2	283.81	279.15999999999997
2009-05-17	276.12	278.28499999999997	283.94	279.10999999999996
2009-05-18	276.2	278.465	284.15	279.19
2009-05-19	276.4	278.875	284.67999999999995	279.48999999999995
2009-05-20	276.65999999999997	279.28999999999996	285.39	279.96
2009-05-21	276.7	279.42499999999995	285.9	280.34999999999997
2009-05-22	276.7	279.505	286.28999999999996	280.56
2009-05-23	276.71999999999997	279.585	286.73999999999995	280.94
2009-05-24	276.71999999999997	279.68499999999995	287.0	281.34
2009-05-25	276.76	279.735	286.90999999999997	281.38
2009-05-26	276.76	279.78499999999997	286.7	281.32
2009-05-27	276.82	279.89	286.65999999999997	281.28999999999996
2009-05-28	276.88	279.97499999999997	286.65	281.31
2009-05-29	276.88	280.005	286.57	281.29999999999995
2009-05-30	276.87	279.995	286.60999999999996	281.21
2009-05-31	276.82	280.04499999999996	286.84999999999997	281.21999999999997
2009-06-01	276.84	280.19	286.97999999999996	281.39
2009-06-02	276.87	280.30499999999995	287.10999999999996	281.9
2009-06-03	276.98999999999995	280.515	287.26	282.65
2009-06-04	277.12	280.80999999999995	287.42999999999995	283.21999999999997
2009-06-05	277.2	280.99	287.84	283.71999999999997
2009-06-06	277.22999999999996	281.02	288.09	284.09
2009-06-07	277.34999999999997	281.09999999999997	288.26	284.41999999999996
2009-06-08	277.51	281.34499999999997	288.53999999999996	284.73999999999995
2009-06-09	277.67999999999995	281.67999999999995	288.78	284.96999999999997
2009-06-10	277.9	281.975	289.04999999999995	285.53
2009-06-11	278.06	282.395	289.53	286.35999999999996
2009-06-12	278.22999999999996	282.84	289.92999999999995	286.77
2009-06-13	278.46	283.35999999999996	290.09	287.06
2009-06-14	278.75	284.01	290.35999999999996	287.40999999999997
2009-06-15	278.90999999999997	284.55499999999995	290.72999999999996	287.95
2009-06-16	279.10999999999996	285.075	291.01	288.16999999999996
2009-06-17	279.4	285.7	291.34999999999997	288.28
2009-06-18	279.78999999999996	286.28999999999996	291.73999999999995	288.45
2009-06-19	280.5	287.01	292.13	288.67999999999995
2009-06-20	281.38	287.81999999999994	292.45	288.96
2009-06-21	281.48999999999995	288.835	292.65999999999997	289.12
2009-06-22	281.57	289.905	293.22999999999996	289.38
2009-06-23	281.77	290.855	294.27	290.06
2009-06-24	281.52	291.34499999999997	294.85999999999996	290.63
2009-06-25	281.28999999999996	291.22999999999996	294.84999999999997	290.73999999999995
2009-06-26	281.19	290.655	294.48999999999995	290.59
2009-06-27	281.03999999999996	290.21	294.33	290.56
2009-06-28	280.89	289.74	294.21999999999997	290.64
2009-06-29	280.71	289.41499999999996	294.08	290.69
2009-06-30	280.48999999999995	289.17499999999995	294.03	290.76
2009-07-01	280.34999999999997	288.93999999999994	293.94	290.81
2009-07-02	280.29999999999995	288.7049999999999	293.78999999999996	290.78999999999996
2009-07-03	280.32	288.54499999999996	293.58	290.62
2009-07-04	280.45	288.53499999999997	293.5	290.28999999999996
2009-07-05	280.47999999999996	288.64	293.67999999999995	290.15999999999997
2009-07-06	280.44	288.72	293.77	290.27
2009-07-07	280.5	288.61	293.76	290.31
2009-07-08	280.73999999999995	288.63	293.75	290.28
2009-07-09	280.96	288.96	293.87	290.42999999999995
2009-07-10	281.0	289.15	294.07	290.78999999999996
2009-07-11	280.89	289.125	294.21	290.9
2009-07-12	280.92999999999995	289.08	294.22999999999996	290.65999999999997
2009-07-13	281.09	289.03999999999996	294.16999999999996	290.45
2009-07-14	281.32	289.07499999999993	294.09999999999997	290.28
2009-07-15	281.52	289.07	294.21	290.32
2009-07-16	281.64	289.05999999999995	294.33	290.57
2009-07-17	281.87	289.13	294.31	290.63
2009-07-18	282.15	289.22499999999997	294.17999999999995	290.57
2009-07-19	282.4	289.36	294.14	290.63
2009-07-20	282.63	289.585	294.2	290.84
2009-07-21	282.89	289.80499999999995	294.27	291.15
2009-07-22	283.25	290.04499999999996	294.34999999999997	291.59
2009-07-23	283.51	290.30499999999995	294.44	292.06
2009-07-24	283.72999999999996	290.54499999999996	294.53999999999996	292.42999999999995
2009-07-25	283.91999999999996	290.71	294.59	292.60999999999996
2009-07-26	284.09999999999997	290.88	294.64	292.75
2009-07-27	284.2	291.015	294.76	292.87
2009-07-28	284.12	291.18999999999994	294.98999999999995	293.16999999999996
2009-07-29	283.98999999999995	291.30999999999995	295.17999999999995	293.41999999999996
2009-07-30	283.97999999999996	291.43499999999995	295.4	293.62
2009-07-31	283.95	291.55499999999995	295.53999999999996	293.73999999999995
2009-08-01	283.65	291.475	295.53	293.83
2009-08-02	283.41999999999996	291.27	295.52	293.85999999999996
2009-08-03	283.62	291.245	295.51	293.88
2009-08-04	283.71	291.185	295.62	293.92999999999995
2009-08-05	283.73999999999995	291.155	295.83	293.91999999999996
2009-08-06	283.87	291.23	295.87	293.87
2009-08-07	284.21999999999997	291.42499999999995	295.96999999999997	293.82
2009-08-08	284.82	291.745	296.16999999999996	294.04999999999995
2009-08-09	285.62	292.145	296.34	294.51
2009-08-10	286.34	292.335	296.5	294.9
2009-08-11	286.89	292.375	296.59	295.09
2009-08-12	287.42999999999995	292.625	296.67999999999995	295.37
2009-08-13	287.79999999999995	292.96	297.10999999999996	295.84
2009-08-14	287.98999999999995	293.135	297.60999999999996	296.38
2009-08-15	288.03999999999996	293.2049999999999	297.85999999999996	296.78
2009-08-16	287.77	293.275	297.96999999999997	297.14
2009-08-17	287.45	293.25	298.02	297.37
2009-08-18	287.15999999999997	293.14	297.85999999999996	297.23999999999995
2009-08-19	286.90999999999997	292.97	297.71999999999997	296.96999999999997
2009-08-20	286.7	292.75	297.47999999999996	296.78
2009-08-21	286.45	292.48	297.12	296.46999999999997
2009-08-22	286.32	292.18499999999995	296.82	296.16999999999996
2009-08-23	286.40999999999997	292.12	296.58	295.95
2009-08-24	286.52	292.16999999999996	296.46	295.81
2009-08-25	286.57	292.21	296.47999999999996	295.78999999999996
2009-08-26	286.59999999999997	292.12	296.32	295.60999999999996
2009-08-27	286.62	291.96	295.84	295.28999999999996
2009-08-28	286.52	291.725	295.34999999999997	294.78999999999996
2009-08-29	286.32	291.48499999999996	294.96	294.21
2009-08-30	286.26	291.28	294.69	293.89
2009-08-31	286.42999999999995	291.265	294.57	293.71
2009-09-01	286.69	291.40999999999997	294.59999999999997	293.69
2009-09-02	287.07	291.655	294.65999999999997	293.78
2009-09-03	287.45	291.88	294.79999999999995	293.96999999999997
2009-09-04	287.92999999999995	292.04999999999995	295.03999999999996	294.12
2009-09-05	288.33	292.245	295.2	294.15
2009-09-06	288.56	292.4549999999999	295.21	294.15
2009-09-07	288.82	292.65999999999997	295.15999999999997	294.16999999999996
2009-09-08	289.07	292.80499999999995	295.09999999999997	294.26
2009-09-09	289.22999999999996	292.905	295.03999999999996	294.16999999999996
2009-09-10	289.45	293.0	295.01	293.95
2009-09-11	289.72999999999996	293.0849999999999	294.96999999999997	293.77
2009-09-12	289.84999999999997	293.095	294.87	293.59999999999997
2009-09-13	289.9	293.115	294.78	293.53999999999996
2009-09-14	289.90999999999997	293.125	294.78999999999996	293.56
2009-09-15	289.72999999999996	293.015	294.75	293.46
2009-09-16	289.34999999999997	292.71	294.53999999999996	293.16999999999996
2009-09-17	289.08	292.43999999999994	294.28999999999996	292.91999999999996
2009-09-18	288.96	292.29499999999996	294.15	292.76
2009-09-19	288.91999999999996	292.16999999999996	294.10999999999996	292.64
2009-09-20	288.95	292.09499999999997	294.07	292.53999999999996
2009-09-21	288.98999999999995	292.025	294.03	292.48999999999995
2009-09-22	288.96999999999997	291.93999999999994	293.96	292.46999999999997
2009-09-23	288.96999999999997	291.91999999999996	293.84999999999997	292.41999999999996
2009-09-24	288.92999999999995	291.84999999999997	293.72999999999996	292.29999999999995
2009-09-25	288.79999999999995	291.715	293.59	292.10999999999996
2009-09-26	288.53	291.575	293.37	291.90999999999997
2009-09-27	288.03	291.39	293.10999999999996	291.66999999999996
2009-09-28	287.10999999999996	290.98	292.78999999999996	291.33
2009-09-29	286.03	290.31499999999994	292.21	290.96999999999997
2009-09-30	285.40999999999997	289.53499999999997	291.51	290.41999999999996
2009-10-01	285.19	288.98	291.02	289.47999999999996
2009-10-02	285.2	288.62	290.65	288.65
2009-10-03	285.16999999999996	288.17999999999995	290.28	288.2
2009-10-04	284.62	287.55499999999995	289.92999999999995	287.79999999999995
2009-10-05	284.13	287.0849999999999	289.63	287.4
2009-10-06	283.88	286.705	289.42999999999995	286.97999999999996
2009-10-07	283.72999999999996	286.28999999999996	289.21	286.4
2009-10-08	283.59	286.0799999999999	289.0	285.88
2009-10-09	283.4	285.865	288.87	285.71
2009-10-10	283.17999999999995	285.64	288.66999999999996	285.57
2009-10-11	282.78999999999996	285.4	288.46	285.33
2009-10-12	282.38	285.16999999999996	288.14	285.14
2009-10-13	282.09999999999997	284.91499999999996	287.73999999999995	285.03
2009-10-14	281.98999999999995	284.715	287.23999999999995	284.84999999999997
2009-10-15	281.94	284.51	286.73999999999995	284.73999999999995
2009-10-16	281.90999999999997	284.27	286.31	284.60999999999996
2009-10-17	281.90999999999997	284.135	286.09999999999997	284.51
2009-10-18	281.84999999999997	284.06999999999994	286.02	284.48999999999995
2009-10-19	281.78	284.03	285.95	284.33
2009-10-20	281.7	283.97	285.87	284.28999999999996
2009-10-21	281.59999999999997	283.9	285.92999999999995	284.2
2009-10-22	281.46999999999997	283.77	285.90999999999997	284.07
2009-10-23	281.35999999999996	283.58	285.82	283.91999999999996
2009-10-24	281.22999999999996	283.365	285.73999999999995	283.82
2009-10-25	281.17999999999995	283.25	285.7	283.77
2009-10-26	281.17999999999995	283.2	285.69	283.75
2009-10-27	281.19	283.125	285.67999999999995	283.71
2009-10-28	281.17999999999995	283.05999999999995	285.59	283.54999999999995
2009-10-29	281.09	282.95	285.46	283.46
2009-10-30	280.92999999999995	282.80999999999995	285.38	283.53
2009-10-31	280.73999999999995	282.68499999999995	285.26	283.56
2009-11-01	280.60999999999996	282.59999999999997	285.14	283.54999999999995
2009-11-02	280.53999999999996	282.53499999999997	285.07	283.53999999999996
2009-11-03	280.47999999999996	282.47999999999996	284.96	283.48999999999995
2009-11-04	280.44	282.42499999999995	284.76	283.37
2009-11-05	280.42999999999995	282.38	284.57	283.16999999999996
2009-11-06	280.46999999999997	282.4	284.51	283.07
2009-11-07	280.51	282.46999999999997	284.62	283.19
2009-11-08	280.4	282.46	284.75	283.39
2009-11-09	280.25	282.385	284.7	283.33
2009-11-10	280.21999999999997	282.28499999999997	284.46	283.09999999999997
2009-11-11	280.2	282.23	284.32	282.95
2009-11-12	280.14	282.18499999999995	284.28999999999996	282.92999999999995
2009-11-13	280.03999999999996	282.15	284.23999999999995	282.89
2009-11-14	279.95	282.125	284.27	282.83
2009-11-15	279.88	282.06499999999994	284.26	282.71
2009-11-16	279.84999999999997	281.96	284.07	282.63
2009-11-17	279.89	281.90999999999997	283.87	282.58
2009-11-18	279.96	281.83	283.73999999999995	282.53999999999996
2009-11-19	279.92999999999995	281.765	283.64	282.46
2009-11-20	279.85999999999996	281.715	283.53	282.32
2009-11-21	279.78	281.645	283.4	282.21
2009-11-22	279.76	281.585	283.32	282.14
2009-11-23	279.76	281.54999999999995	283.28	282.07
2009-11-24	279.77	281.525	283.21999999999997	282.03
2009-11-25	279.77	281.465	283.08	281.97999999999996
2009-11-26	279.72999999999996	281.365	282.89	281.91999999999996
2009-11-27	279.64	281.24	282.7	281.82
2009-11-28	279.5	281.11	282.57	281.69
2009-11-29	279.34999999999997	281.005	282.48999999999995	281.52
2009-11-30	279.32	280.93999999999994	282.34	281.39
2009-12-01	277.40999999999997	280.65	282.35999999999996	281.45
2009-12-02	277.15	280.54999999999995	282.04999999999995	281.25
2009-12-03	277.03	280.45	281.84999999999997	281.0
2009-12-04	276.91999999999996	280.31499999999994	281.60999999999996	280.75
2009-12-05	276.83	280.14	281.34999999999997	280.51
2009-12-06	276.78	279.93999999999994	281.03999999999996	280.37
2009-12-07	276.39	279.74	280.76	280.26
2009-12-08	277.56	279.71999999999997	280.4	280.13
2009-12-09	277.57	279.43499999999995	279.79999999999995	279.96999999999997
2009-12-10	277.46	279.18999999999994	279.33	279.65
2009-12-11	277.38	278.995	278.96999999999997	279.27
2009-12-12	277.28	278.84499999999997	278.76	279.02
2009-12-13	277.2	278.78999999999996	278.76	278.92999999999995
2009-12-14	277.14	278.66499999999996	278.67999999999995	278.87
2009-12-15	276.87	278.115	278.34	278.38
2009-12-16	276.83	277.965	278.10999999999996	278.26
2009-12-17	276.22999999999996	277.47999999999996	276.89	278.06
2009-12-18	276.22999999999996	277.42999999999995	276.77	277.96
2009-12-19	276.22999999999996	277.40999999999997	276.65	277.84999999999997
2009-12-20	276.22999999999996	277.36	276.53	277.77
2009-12-21	276.22999999999996	277.325	276.39	277.7
2009-12-22	276.22999999999996	277.27	276.23999999999995	277.63
2009-12-23	276.23999999999995	277.125	276.09999999999997	277.52
2009-12-24	276.39	277.02	276.34	277.45
2009-12-25	276.35999999999996	276.99	276.26	277.45
2009-12-26	276.34	276.93499999999995	276.19	277.41999999999996
2009-12-27	276.28	276.875	276.15999999999997	277.39
2009-12-28	276.25	276.84	276.13	277.32
2009-12-29	276.34999999999997	276.945	276.08	277.32
2009-12-30	276.26	276.9	276.07	277.28
2009-12-31	275.71999999999997	276.18499999999995	275.69	277.02
2010-01-01	275.67999999999995	275.84	275.59	276.90999999999997
2010-01-01	275.67999999999995	276.27	275.59	276.90999999999997
2010-01-01	275.67999999999995	276.05499999999995	275.59	276.90999999999997
2010-01-02	275.58	275.9	275.4	276.71
2010-01-03	275.46999999999997	275.82499999999993	275.25	276.56
2010-01-04	275.5	275.83	275.06	276.46
2010-01-05	275.39	275.34000000000003	273.95	275.59
2010-01-06	275.39	275.15	273.92999999999995	275.67999999999995
2010-01-07	275.35999999999996	275.115	273.81	275.62
2010-01-08	275.34999999999997	275.09999999999997	273.79999999999995	275.59999999999997
2010-01-09	275.96	275.93999999999994	274.26	276.09999999999997
2010-01-10	275.95	275.9	274.21999999999997	276.14
2010-01-11	275.94	275.93499999999995	274.19	276.22999999999996
2010-01-12	275.13	274.76	273.34999999999997	276.44
2010-01-13	275.10999999999996	274.865	273.64	276.52
2010-01-14	275.09	274.815	273.34999999999997	275.03999999999996
2010-01-15	275.08	274.78999999999996	273.34999999999997	275.03999999999996
2010-01-16	275.08	274.75	273.34999999999997	275.01
2010-01-17	275.09	274.715	273.34999999999997	274.98999999999995
2010-01-18	275.06	274.7	273.34999999999997	274.96
2010-01-19	274.84999999999997	274.64	273.34999999999997	275.19
2010-01-20	274.78999999999996	274.635	273.34999999999997	275.17999999999995
2010-01-21	274.57	274.55999999999995	273.34999999999997	275.12
2010-01-22	274.57	274.55999999999995	273.34999999999997	275.13
2010-01-23	274.57	274.55999999999995	273.34999999999997	275.09999999999997
2010-01-24	274.56	274.53	273.34999999999997	275.09
2010-01-25	274.54999999999995	274.505	273.34999999999997	275.03999999999996
2010-01-26	274.98999999999995	274.44999999999993	273.34999999999997	275.59
2010-01-27	274.91999999999996	274.41999999999996	273.34999999999997	275.48999999999995
2010-01-28	274.46999999999997	274.38	273.34999999999997	274.85999999999996
2010-01-29	274.42999999999995	274.34499999999997	273.34999999999997	274.79999999999995
2010-01-30	274.4	274.315	273.34999999999997	274.72999999999996
2010-01-31	274.34999999999997	274.29499999999996	273.34999999999997	274.67999999999995
2010-02-01	274.29999999999995	274.255	273.34999999999997	274.66999999999996
2010-02-02	274.21	274.12	273.34999999999997	274.59999999999997
2010-02-03	274.21	274.10499999999996	273.34999999999997	274.59999999999997
2010-02-04	274.21	274.155	273.34999999999997	274.39
2010-02-05	274.2	274.16999999999996	273.34999999999997	274.39
2010-02-06	274.2	274.17499999999995	273.34999999999997	274.38
2010-02-07	274.2	274.18499999999995	273.34999999999997	274.39
2010-02-08	274.15	274.16999999999996	273.34999999999997	274.39
2010-02-09	274.22999999999996	274.145	273.34999999999997	274.60999999999996
2010-02-10	274.21	274.125	273.34999999999997	274.59999999999997
2010-02-11	274.19	274.11	273.34999999999997	274.59
2010-02-12	274.16999999999996	274.095	273.34999999999997	274.59999999999997
2010-02-13	274.16999999999996	274.09	273.34999999999997	274.59999999999997
2010-02-14	274.17999999999995	274.09	273.34999999999997	274.59999999999997
2010-02-15	274.19	274.085	273.34999999999997	274.59
2010-02-16	274.15999999999997	274.06499999999994	273.34999999999997	274.69
2010-02-17	274.15999999999997	274.05999999999995	273.34999999999997	274.66999999999996
2010-02-18	274.16999999999996	274.03	273.34999999999997	274.37
2010-02-19	274.15999999999997	274.03499999999997	273.34999999999997	274.33
2010-02-20	274.12	274.03999999999996	273.34999999999997	274.28999999999996
2010-02-21	274.09999999999997	274.03	273.34999999999997	274.29999999999995
2010-02-22	274.10999999999996	274.025	273.34999999999997	274.32
2010-02-23	273.97999999999996	274.07	273.34999999999997	274.37
2010-02-24	273.98999999999995	274.06499999999994	273.34999999999997	274.4
2010-02-25	274.17999999999995	274.18999999999994	273.34999999999997	274.64
2010-02-26	274.19	274.17999999999995	273.34999999999997	274.65999999999997
2010-02-27	274.2	274.18999999999994	273.34999999999997	274.67999999999995
2010-02-28	274.2	274.17999999999995	273.34999999999997	274.67999999999995
2010-03-01	274.19	274.17999999999995	273.34999999999997	274.67999999999995
2010-03-02	274.19	274.22499999999997	273.34999999999997	274.52
2010-03-03	274.21999999999997	274.21999999999997	273.34999999999997	274.51
2010-03-04	273.96	274.22999999999996	273.34999999999997	274.59
2010-03-05	273.97999999999996	274.26	273.34999999999997	274.60999999999996
2010-03-06	273.97999999999996	274.28999999999996	273.34999999999997	274.63
2010-03-07	273.98999999999995	274.29499999999996	273.34999999999997	274.65
2010-03-08	274.01	274.31	273.34999999999997	274.69
2010-03-09	274.4	274.28	273.34999999999997	275.28
2010-03-10	274.5	274.28	273.34999999999997	275.15
2010-03-11	274.53	274.31499999999994	273.34999999999997	274.88
2010-03-12	274.65	274.35	273.34999999999997	274.88
2010-03-13	274.73999999999995	274.395	273.34999999999997	274.97999999999996
2010-03-14	274.62	274.4	273.34999999999997	275.08
2010-03-15	274.56	274.40999999999997	273.34999999999997	275.15
2010-03-16	274.60999999999996	274.66499999999996	273.34999999999997	275.9
2010-03-17	274.83	274.82499999999993	273.34999999999997	275.52
2010-03-18	275.09999999999997	274.895	273.34999999999997	275.53999999999996
2010-03-19	275.0	274.83	273.34999999999997	275.46999999999997
2010-03-20	274.73999999999995	274.76	273.34999999999997	275.42999999999995
2010-03-21	274.64	274.715	273.34999999999997	275.42999999999995
2010-03-22	274.64	274.69999999999993	273.34999999999997	275.42999999999995
2010-03-23	274.40999999999997	274.62	274.0	276.03999999999996
2010-03-24	274.57	274.625	274.15	275.84
2010-03-25	274.75	274.80999999999995	274.14	275.90999999999997
2010-03-26	275.03999999999996	274.94499999999994	274.27	275.82
2010-03-27	275.02	274.94499999999994	274.51	275.75
2010-03-28	274.84	274.885	274.48999999999995	275.84
2010-03-29	274.71999999999997	274.87	274.34999999999997	275.96
2010-03-30	274.62	274.875	273.89	276.2
2010-03-31	274.65999999999997	274.965	273.91999999999996	276.34
2010-04-01	274.65	275.135	274.02	276.54999999999995
2010-04-02	274.65	275.16999999999996	274.06	276.7
2010-04-03	274.65999999999997	275.13	274.07	276.87
2010-04-04	274.7	275.14	274.09999999999997	277.03
2010-04-05	274.78999999999996	275.21999999999997	274.16999999999996	277.21999999999997
2010-04-06	275.31	276.515	278.52	277.69
2010-04-07	275.27	276.46	278.44	277.52
2010-04-08	275.25	276.405	278.28999999999996	277.34999999999997
2010-04-09	275.21	276.37	278.21	277.23999999999995
2010-04-10	275.28	276.41999999999996	278.26	277.22999999999996
2010-04-11	275.38	276.53	278.37	277.28999999999996
2010-04-12	275.39	276.57	278.51	277.35999999999996
2010-04-13	276.01	277.06499999999994	278.83	277.54999999999995
2010-04-14	276.09	277.115	279.21	277.63
2010-04-15	276.13	277.15999999999997	279.62	277.67999999999995
2010-04-16	276.06	277.185	279.57	277.67999999999995
2010-04-17	276.01	277.19999999999993	279.4	277.71
2010-04-18	276.04999999999995	277.23	279.39	277.75
2010-04-19	276.07	277.26	279.44	277.78
2010-04-20	276.14	277.395	279.78	277.85999999999996
2010-04-21	276.2	277.52	280.27	278.02
2010-04-22	276.29999999999995	277.615	280.31	278.10999999999996
2010-04-23	276.40999999999997	277.72999999999996	280.35999999999996	278.17999999999995
2010-04-24	276.5	277.88	280.47999999999996	278.33
2010-04-25	276.58	278.03999999999996	280.66999999999996	278.45
2010-04-26	276.66999999999996	278.145	280.75	278.65
2010-04-27	276.73999999999995	278.16499999999996	280.54999999999995	278.66999999999996
2010-04-28	276.9	278.28999999999996	280.85999999999996	278.72999999999996
2010-04-29	276.90999999999997	278.42999999999995	281.27	278.73999999999995
2010-04-30	277.03	278.80999999999995	282.09999999999997	278.96
2010-05-01	277.19	279.09999999999997	282.53999999999996	279.27
2010-05-02	277.16999999999996	279.2	282.81	279.67999999999995
2010-05-03	277.07	279.28999999999996	283.13	280.0
2010-05-04	277.02	279.325	283.33	280.03999999999996
2010-05-05	276.96	279.30999999999995	283.40999999999997	279.98999999999995
2010-05-06	276.90999999999997	279.21	283.29999999999995	279.77
2010-05-07	276.90999999999997	279.13	283.19	279.58
2010-05-08	276.94	279.03499999999997	283.0	279.32
2010-05-09	276.96	279.0	282.84	279.09
2010-05-10	277.03999999999996	279.085	282.89	279.04999999999995
2010-05-11	277.21	279.265	283.03	279.19
2010-05-12	277.4	279.475	283.09	279.51
2010-05-13	277.57	279.67499999999995	283.17999999999995	279.79999999999995
2010-05-14	277.76	279.87	283.32	280.10999999999996
2010-05-15	277.9	280.11	283.40999999999997	280.27
2010-05-16	278.16999999999996	280.485	283.78	280.67999999999995
2010-05-17	278.47999999999996	281.09499999999997	284.32	281.28999999999996
2010-05-18	278.62	281.735	284.78999999999996	281.95
2010-05-19	278.78999999999996	282.34	285.10999999999996	282.34
2010-05-20	278.89	282.865	285.53	282.92999999999995
2010-05-21	279.0	283.515	286.59	283.9
2010-05-22	279.4	284.525	287.90999999999997	285.28999999999996
2010-05-23	280.13	285.54499999999996	288.78	286.5
2010-05-24	280.87	286.48	289.65	287.47999999999996
2010-05-25	281.12	287.195	290.54999999999995	288.48999999999995
2010-05-26	280.72999999999996	287.46	291.37	288.67999999999995
2010-05-27	280.17999999999995	287.28499999999997	292.14	288.75
2010-05-28	280.08	287.12	292.52	288.91999999999996
2010-05-29	280.26	287.275	292.84999999999997	289.16999999999996
2010-05-30	280.37	287.55999999999995	293.33	289.56
2010-05-31	280.33	287.55999999999995	293.47999999999996	289.82
2010-06-01	280.39	287.39	293.28999999999996	289.91999999999996
2010-06-02	280.56	287.225	292.88	289.85999999999996
2010-06-03	280.84	287.015	292.09	289.75
2010-06-04	280.84999999999997	286.905	291.57	289.64
2010-06-05	280.69	286.715	291.21999999999997	289.42999999999995
2010-06-06	280.62	286.48	290.63	288.5
2010-06-07	280.72999999999996	286.41499999999996	290.26	287.71999999999997
2010-06-08	280.82	286.48	290.21	287.52
2010-06-09	280.79999999999995	286.47999999999996	290.38	287.64
2010-06-10	280.82	286.42999999999995	290.54999999999995	287.92999999999995
2010-06-11	281.13	286.59499999999997	290.83	288.34999999999997
2010-06-12	281.54999999999995	286.745	290.76	287.92999999999995
2010-06-13	282.03999999999996	286.87	290.09	286.84999999999997
2010-06-14	282.39	287.28999999999996	291.10999999999996	287.53999999999996
2010-06-15	282.51	287.79999999999995	292.01	288.32
2010-06-16	282.54999999999995	288.04499999999996	292.27	288.62
2010-06-17	282.64	288.25	292.54999999999995	288.65
2010-06-18	282.58	288.495	293.2	289.28
2010-06-19	282.79999999999995	288.69999999999993	293.54999999999995	289.79999999999995
2010-06-20	283.28	288.92499999999995	293.58	290.03
2010-06-21	283.65999999999997	289.28999999999996	293.78999999999996	290.25
2010-06-22	284.09999999999997	289.575	294.0	290.37
2010-06-23	284.14	289.46999999999997	294.13	290.46999999999997
2010-06-24	283.89	289.17999999999995	294.03999999999996	290.51
2010-06-25	283.95	288.81499999999994	294.01	290.42999999999995
2010-06-26	284.17999999999995	289.25	294.45	290.56
2010-06-27	284.26	289.765	294.71	290.72999999999996
2010-06-28	284.08	289.84499999999997	294.75	290.96
2010-06-29	283.96999999999997	289.67999999999995	294.7	290.73999999999995
2010-06-30	284.21	289.655	294.65999999999997	290.37
2010-07-01	284.91999999999996	289.88	294.81	290.40999999999997
2010-07-02	285.88	290.21	295.13	290.78
2010-07-03	287.03	290.655	295.40999999999997	291.46
2010-07-04	287.67999999999995	291.215	295.96	292.65
2010-07-05	287.73999999999995	291.71	296.62	294.03999999999996
2010-07-06	287.62	292.17499999999995	297.21999999999997	294.96999999999997
2010-07-07	287.5	292.53499999999997	297.72999999999996	295.88
2010-07-08	288.08	293.03999999999996	298.21	296.65999999999997
2010-07-09	288.38	293.12	298.03	296.53
2010-07-10	288.58	292.87	297.65999999999997	295.59999999999997
2010-07-11	288.81	293.22499999999997	297.64	295.34
2010-07-12	288.96999999999997	293.73499999999996	297.72999999999996	295.39
2010-07-13	289.09999999999997	294.235	297.87	295.27
2010-07-14	288.71999999999997	294.5	298.03999999999996	295.16999999999996
2010-07-15	288.21	294.30499999999995	298.07	295.41999999999996
2010-07-16	288.51	294.125	297.98999999999995	295.63
2010-07-17	288.79999999999995	294.15999999999997	298.03999999999996	295.63
2010-07-18	289.15999999999997	294.16499999999996	297.97999999999996	295.33
2010-07-19	289.56	294.265	297.90999999999997	295.28
2010-07-20	289.96999999999997	294.53999999999996	297.85999999999996	295.38
2010-07-21	290.27	294.735	297.84999999999997	295.4
2010-07-22	290.52	294.78499999999997	297.89	295.31
2010-07-23	290.73999999999995	294.775	298.01	295.28999999999996
2010-07-24	290.96999999999997	294.775	298.03	295.28
2010-07-25	291.16999999999996	294.76	297.94	295.28999999999996
2010-07-26	291.48999999999995	294.835	297.95	295.28
2010-07-27	291.54999999999995	294.89	298.19	295.41999999999996
2010-07-28	291.26	294.885	298.28	295.35999999999996
2010-07-29	291.25	294.86	298.15999999999997	295.12
2010-07-30	291.52	294.895	298.14	295.17999999999995
2010-07-31	291.90999999999997	294.92999999999995	298.14	295.4
2010-08-01	292.21	295.05499999999995	298.2	295.71999999999997
2010-08-02	292.53	295.23999999999995	298.32	296.01
2010-08-03	292.78999999999996	295.48	298.34999999999997	296.37
2010-08-04	292.73999999999995	295.515	298.34	296.59999999999997
2010-08-05	292.34	295.355	298.34	296.60999999999996
2010-08-06	292.23999999999995	295.245	298.4	296.4
2010-08-07	292.22999999999996	295.155	298.21999999999997	296.09999999999997
2010-08-08	292.59	295.34	298.16999999999996	296.04999999999995
2010-08-09	292.96999999999997	295.56999999999994	298.17999999999995	296.13
2010-08-10	293.21	295.83	298.35999999999996	296.38
2010-08-11	293.28999999999996	296.10499999999996	298.56	296.60999999999996
2010-08-12	293.34999999999997	296.30999999999995	298.57	296.52
2010-08-13	293.29999999999995	296.34	298.51	296.4
2010-08-14	293.15999999999997	296.28	298.44	296.33
2010-08-15	292.56	296.2	298.41999999999996	296.2
2010-08-16	291.34	295.875	298.28	296.13
2010-08-17	290.44	295.51	298.04999999999995	296.01
2010-08-18	290.13	295.21	297.79999999999995	295.84999999999997
2010-08-19	290.01	295.02	297.75	295.75
2010-08-20	290.09999999999997	294.92999999999995	297.77	295.69
2010-08-21	290.25	294.86	297.62	295.51
2010-08-22	290.40999999999997	294.77	297.37	295.16999999999996
2010-08-23	290.35999999999996	294.72	297.17999999999995	294.73999999999995
2010-08-24	290.01	294.68499999999995	297.04999999999995	294.41999999999996
2010-08-25	289.66999999999996	294.54499999999996	296.97999999999996	294.54999999999995
2010-08-26	289.71	294.395	296.88	294.65999999999997
2010-08-27	290.01	294.335	296.85999999999996	294.69
2010-08-28	290.22999999999996	294.47999999999996	297.06	294.95
2010-08-29	290.48999999999995	294.79999999999995	297.4	295.38
2010-08-30	290.83	295.2	297.75	295.96
2010-08-31	290.77	295.36499999999995	298.04999999999995	296.48999999999995
2010-09-01	290.47999999999996	295.245	298.09999999999997	296.82
2010-09-02	290.16999999999996	294.86499999999995	298.03999999999996	296.71
2010-09-03	289.39	294.16499999999996	297.66999999999996	296.25
2010-09-04	288.33	293.28	296.84999999999997	295.45
2010-09-05	287.71	292.54499999999996	295.98999999999995	294.4
2010-09-06	287.56	292.09000000000003	295.46999999999997	293.97999999999996
2010-09-07	287.39	291.60499999999996	295.02	293.46999999999997
2010-09-08	287.04999999999995	291.15999999999997	294.60999999999996	292.85999999999996
2010-09-09	286.88	290.84999999999997	294.12	292.14
2010-09-10	286.87	290.73499999999996	293.83	291.46999999999997
2010-09-11	286.83	290.63	293.71	291.17999999999995
2010-09-12	286.71	290.53999999999996	293.52	290.94
2010-09-13	286.64	290.5	293.46	290.84
2010-09-14	286.60999999999996	290.475	293.51	290.78
2010-09-15	286.59999999999997	290.40999999999997	293.59	290.73999999999995
2010-09-16	286.58	290.245	293.48999999999995	290.62
2010-09-17	286.47999999999996	290.06499999999994	293.16999999999996	290.47999999999996
2010-09-18	286.29999999999995	289.99	292.96999999999997	290.48999999999995
2010-09-19	286.2	289.92999999999995	292.94	290.7
2010-09-20	286.12	289.92999999999995	292.88	290.77
2010-09-21	286.03999999999996	289.885	292.85999999999996	290.72999999999996
2010-09-22	286.0	289.80999999999995	292.96	290.82
2010-09-23	285.87	289.65	293.09999999999997	290.96
2010-09-24	285.66999999999996	289.31999999999994	293.2	291.13
2010-09-25	285.51	289.03999999999996	293.04999999999995	290.96
2010-09-26	285.48999999999995	288.885	292.71999999999997	290.7
2010-09-27	285.5	288.77	292.28	290.48999999999995
2010-09-28	285.40999999999997	288.71	291.72999999999996	290.22999999999996
2010-09-29	285.32	288.685	291.45	290.01
2010-09-30	285.26	288.67499999999995	291.28999999999996	289.85999999999996
2010-10-01	285.26	288.635	291.2	289.78999999999996
2010-10-02	285.25	288.515	291.02	289.73999999999995
2010-10-03	285.27	288.34	290.58	289.45
2010-10-04	285.37	288.29499999999996	290.14	289.15
2010-10-05	285.48999999999995	288.355	289.90999999999997	288.95
2010-10-06	285.51	288.335	289.81	288.88
2010-10-07	285.51	288.36	289.79999999999995	288.87
2010-10-08	285.58	288.40999999999997	289.79999999999995	288.87
2010-10-09	285.53	288.4	289.75	288.84999999999997
2010-10-10	285.45	288.33	289.69	288.78
2010-10-11	285.4	288.275	289.65999999999997	288.64
2010-10-12	285.31	288.18999999999994	289.58	288.40999999999997
2010-10-13	285.22999999999996	288.04499999999996	289.46	288.21999999999997
2010-10-14	285.15999999999997	287.87	289.34	288.09
2010-10-15	285.06	287.715	289.2	287.84999999999997
2010-10-16	284.95	287.60499999999996	289.12	287.66999999999996
2010-10-17	284.89	287.53	289.02	287.51
2010-10-18	284.75	287.39	288.91999999999996	287.29999999999995
2010-10-19	284.57	287.19	288.83	287.09
2010-10-20	284.35999999999996	286.955	288.59	286.88
2010-10-21	284.07	286.745	288.37	286.66999999999996
2010-10-22	283.89	286.55499999999995	288.15999999999997	286.5
2010-10-23	283.78	286.36	288.01	286.28999999999996
2010-10-24	283.62	286.18999999999994	287.92999999999995	286.15
2010-10-25	283.34999999999997	285.995	287.84	286.09
2010-10-26	282.95	285.735	287.78	286.04999999999995
2010-10-27	282.44	285.485	287.76	286.04999999999995
2010-10-28	282.09	285.18999999999994	287.65	285.94
2010-10-29	281.9	284.765	287.28	285.57
2010-10-30	281.83	284.44	286.76	285.03
2010-10-31	281.78	284.2049999999999	286.4	284.54999999999995
2010-11-01	281.77	284.09	286.07	284.28999999999996
2010-11-02	281.75	284.025	285.79999999999995	284.21
2010-11-03	281.66999999999996	283.92999999999995	285.60999999999996	284.22999999999996
2010-11-04	281.53999999999996	283.755	285.45	284.21999999999997
2010-11-05	281.42999999999995	283.53	285.16999999999996	284.12
2010-11-06	281.4	283.31499999999994	284.88	283.96999999999997
2010-11-07	281.4	283.26	284.72999999999996	283.84
2010-11-08	281.45	283.315	284.71	283.82
2010-11-09	281.51	283.405	284.77	283.89
2010-11-10	281.46	283.41999999999996	284.78999999999996	284.03999999999996
2010-11-11	281.33	283.38	284.75	284.08
2010-11-12	281.27	283.29499999999996	284.73999999999995	284.01
2010-11-13	281.28	283.19499999999994	284.71	283.96
2010-11-14	281.26	283.03	284.53999999999996	283.88
2010-11-15	281.17999999999995	282.86	284.28999999999996	283.77
2010-11-16	281.03999999999996	282.775	284.22999999999996	283.69
2010-11-17	280.90999999999997	282.74	284.14	283.56
2010-11-18	280.78999999999996	282.65999999999997	283.97999999999996	283.38
2010-11-19	280.63	282.48	283.75	283.15999999999997
2010-11-20	280.34999999999997	282.22499999999997	283.65	282.98999999999995
2010-11-21	280.21	281.985	283.52	282.78
2010-11-22	279.63	281.65999999999997	283.40999999999997	282.56
2010-11-23	279.47999999999996	281.485	283.14	282.44
2010-11-24	279.32	281.35	282.87	282.29999999999995
2010-11-25	279.22999999999996	281.19999999999993	282.52	282.13
2010-11-26	279.14	280.95	282.06	281.72999999999996
2010-11-27	278.96999999999997	280.765	281.79999999999995	281.34
2010-11-28	278.87	280.65	281.64	281.10999999999996
2010-11-29	278.73999999999995	280.575	281.54999999999995	280.98999999999995
2010-11-30	278.65	280.48499999999996	281.46999999999997	280.98999999999995
2010-12-01	278.58	280.365	281.16999999999996	280.90999999999997
2010-12-02	278.53999999999996	280.255	280.82	280.71999999999997
2010-12-03	278.48999999999995	280.115	280.47999999999996	280.54999999999995
2010-12-04	278.41999999999996	279.92999999999995	280.08	280.34999999999997
2010-12-05	278.28	279.76	279.67999999999995	280.16999999999996
2010-12-06	278.06	279.505	279.26	279.98999999999995
2010-12-07	277.90999999999997	279.28499999999997	278.88	279.79999999999995
2010-12-08	277.82	279.12	278.54999999999995	279.59
2010-12-09	277.54999999999995	278.575	278.09	278.87
2010-12-10	277.37	278.41999999999996	277.91999999999996	278.78
2010-12-11	277.22999999999996	278.21999999999997	277.82	278.76
2010-12-12	277.16999999999996	278.09499999999997	277.71999999999997	278.59999999999997
2010-12-13	277.10999999999996	277.91999999999996	277.53999999999996	278.46999999999997
2010-12-14	276.98999999999995	277.59	277.29999999999995	278.28999999999996
2010-12-15	276.97999999999996	277.495	277.15	278.15999999999997
2010-12-16	276.77	277.095	276.01	278.0
2010-12-17	277.14	277.49	276.60999999999996	278.28999999999996
2010-12-18	277.06	276.95	276.40999999999997	278.21999999999997
2010-12-19	276.97999999999996	277.185	276.34	278.14
2010-12-20	276.90999999999997	276.965	275.88	278.01
2010-12-21	276.35999999999996	276.33	274.83	277.19
2010-12-22	276.94	276.94499999999994	275.37	277.84999999999997
2010-12-23	276.13	276.22499999999997	274.60999999999996	277.03
2010-12-24	276.9	276.885	275.34999999999997	277.65999999999997
2010-12-25	276.87	276.84499999999997	275.0	277.53
2010-12-26	276.88	276.78	274.69	277.40999999999997
2010-12-27	276.9	276.78999999999996	274.66999999999996	277.34999999999997
2010-12-28	276.31	275.84	274.33	277.15
2010-12-29	276.84999999999997	276.65999999999997	274.65	277.35999999999996
2010-12-30	276.26	275.79999999999995	273.94	275.71
2010-12-31	276.22999999999996	275.74	273.92999999999995	275.71
2011-01-01	276.19	275.69499999999994	273.90999999999997	275.64
2011-01-01	276.19	276.09999999999997	273.90999999999997	275.64
2011-01-01	276.19	275.28999999999996	273.90999999999997	275.64
2011-01-02	276.14	275.56999999999994	273.72999999999996	275.57
2011-01-03	276.63	276.47999999999996	274.5	277.10999999999996
2011-01-04	275.5	275.4599999999999	273.97999999999996	275.84
2011-01-05	276.63	276.34999999999997	274.4	277.09999999999997
2011-01-06	276.56	276.26	274.21	277.03
2011-01-07	276.53999999999996	276.17499999999995	274.06	276.95
2011-01-08	276.39	276.08	273.97999999999996	276.88
2011-01-09	276.28	275.91499999999996	273.75	276.88
2011-01-10	276.23999999999995	275.895	273.78	276.78999999999996
2011-01-11	276.19	275.83	273.78999999999996	276.81
2011-01-12	276.14	275.87	273.73999999999995	276.65
2011-01-13	276.16999999999996	275.78999999999996	273.72999999999996	276.59
2011-01-14	276.09	275.705	273.62	276.54999999999995
2011-01-15	275.98999999999995	275.63	273.34999999999997	276.13
2011-01-16	275.96999999999997	275.59999999999997	273.62	276.02
2011-01-17	275.91999999999996	275.49	273.34999999999997	276.12
2011-01-18	275.91999999999996	275.505	273.52	275.89
2011-01-19	275.94	275.48	273.52	276.0
2011-01-20	275.72999999999996	275.37	273.47999999999996	275.84
2011-01-21	275.5	275.18499999999995	273.51	275.73999999999995
2011-01-22	275.32	275.11499999999995	273.46999999999997	275.65
2011-01-23	275.03	274.965	273.40999999999997	275.58
2011-01-24	274.76	274.72499999999997	273.34999999999997	275.44
2011-01-25	274.71	274.55999999999995	273.34999999999997	275.33
2011-01-26	274.65	274.625	273.34999999999997	275.27
2011-01-27	274.73999999999995	274.655	273.34999999999997	275.32
2011-01-28	274.75	274.65	273.34999999999997	275.28
2011-01-29	274.7	274.57	273.34999999999997	275.25
2011-01-30	274.66999999999996	274.53	273.34999999999997	275.22999999999996
2011-01-31	274.65	274.475	273.34999999999997	275.23999999999995
2011-02-01	274.60999999999996	274.47	273.34999999999997	275.2
2011-02-02	274.51	274.42999999999995	273.34999999999997	275.07
2011-02-03	274.54999999999995	274.49	273.34999999999997	275.21
2011-02-04	274.56	274.495	273.34999999999997	275.19
2011-02-05	274.59999999999997	274.53	273.34999999999997	275.21999999999997
2011-02-06	274.62	274.485	273.34999999999997	275.23999999999995
2011-02-07	274.73999999999995	274.42999999999995	273.34999999999997	275.23999999999995
2011-02-08	274.71999999999997	274.38	273.34999999999997	275.16999999999996
2011-02-09	274.58	274.35499999999996	273.34999999999997	275.14
2011-02-10	274.59999999999997	274.31499999999994	273.34999999999997	275.03999999999996
2011-02-11	274.47999999999996	274.28499999999997	273.34999999999997	274.96999999999997
2011-02-12	274.5	274.27	273.34999999999997	274.92999999999995
2011-02-13	274.58	274.245	273.34999999999997	274.76
2011-02-14	274.69	274.46	273.34999999999997	275.0
2011-02-15	274.78999999999996	274.495	273.41999999999996	274.96999999999997
2011-02-16	274.78	274.52	273.45	274.94
2011-02-17	274.83	274.605	273.34999999999997	275.12
2011-02-18	274.79999999999995	274.655	273.34999999999997	275.44
2011-02-19	274.72999999999996	274.67999999999995	273.57	275.35999999999996
2011-02-20	274.65	274.62	273.59	275.17999999999995
2011-02-21	274.59999999999997	274.505	273.58	275.06
2011-02-22	274.58	274.35999999999996	273.54999999999995	274.96
2011-02-23	274.46999999999997	274.23	273.34999999999997	274.38
2011-02-24	274.5	274.24	273.34999999999997	274.7
2011-02-25	274.59999999999997	274.30499999999995	273.34999999999997	274.94
2011-02-26	274.5	274.32499999999993	273.34999999999997	274.9
2011-02-27	274.31	274.29499999999996	273.34999999999997	274.83
2011-02-28	274.31	274.265	273.34999999999997	274.82
2011-03-01	274.27	274.28	273.34999999999997	274.81
2011-03-02	274.29999999999995	274.29499999999996	273.34999999999997	274.83
2011-03-03	274.26	274.28999999999996	273.34999999999997	274.76
2011-03-04	274.15999999999997	274.28	273.34999999999997	274.71999999999997
2011-03-05	274.12	274.28999999999996	273.34999999999997	274.75
2011-03-06	274.13	274.28999999999996	273.34999999999997	274.78999999999996
2011-03-07	274.08	274.27	273.34999999999997	274.78999999999996
2011-03-08	274.10999999999996	274.30999999999995	273.34999999999997	274.77
2011-03-09	274.13	274.29499999999996	273.34999999999997	274.87
2011-03-10	274.21	274.355	273.34999999999997	274.96
2011-03-11	274.2	274.36	273.34999999999997	275.03
2011-03-12	274.16999999999996	274.355	273.34999999999997	275.09
2011-03-13	274.13	274.34	273.34999999999997	275.14
2011-03-14	274.17999999999995	274.4	273.34999999999997	275.15999999999997
2011-03-15	274.19	274.39	273.34999999999997	275.15999999999997
2011-03-16	274.2	274.515	273.34999999999997	274.53999999999996
2011-03-17	274.19	274.505	273.34999999999997	275.25
2011-03-18	274.14	274.465	273.73999999999995	275.28999999999996
2011-03-19	274.13	274.44	273.67999999999995	275.35999999999996
2011-03-20	274.2	274.48	274.08	275.28
2011-03-21	274.25	274.455	274.04999999999995	275.32
2011-03-22	274.29999999999995	274.45	274.13	275.32
2011-03-23	274.34	274.43999999999994	274.22999999999996	275.26
2011-03-24	274.34	274.405	273.34999999999997	275.23999999999995
2011-03-25	274.27	274.365	273.71999999999997	275.26
2011-03-26	274.21	274.365	273.57	275.31
2011-03-27	274.19	274.405	274.19	275.4
2011-03-28	274.2	274.42999999999995	274.26	275.47999999999996
2011-03-29	274.16999999999996	274.46500000000003	274.46	275.56
2011-03-30	274.21999999999997	274.395	274.47999999999996	275.59999999999997
2011-03-31	273.65	274.5	274.48999999999995	275.60999999999996
2011-04-01	273.34999999999997	274.445	274.59	275.40999999999997
2011-04-02	273.34999999999997	274.49	274.67999999999995	275.4
2011-04-03	273.96	274.72499999999997	274.89	275.41999999999996
2011-04-04	274.67999999999995	274.905	275.21	275.66999999999996
2011-04-05	274.75	275.01	275.47999999999996	275.76
2011-04-06	274.79999999999995	275.16999999999996	275.79999999999995	275.84999999999997
2011-04-07	274.71999999999997	275.35499999999996	276.23999999999995	275.98999999999995
2011-04-08	274.94	275.53	276.51	276.13
2011-04-09	274.94	275.735	276.65	276.23999999999995
2011-04-10	274.98999999999995	275.96	276.71	276.22999999999996
2011-04-11	275.10999999999996	275.96	276.65	276.21999999999997
2011-04-12	275.15	275.78999999999996	276.65	276.31
2011-04-13	275.06	275.745	276.64	276.4
2011-04-14	275.0	275.745	276.75	276.46999999999997
2011-04-15	275.01	275.755	276.84	276.46
2011-04-16	275.04999999999995	275.76	276.92999999999995	276.44
2011-04-17	275.06	275.78	277.0	276.41999999999996
2011-04-18	275.04999999999995	275.84	277.12	276.42999999999995
2011-04-19	274.52	275.84499999999997	277.27	276.46
2011-04-20	275.19	275.90999999999997	277.51	276.42999999999995
2011-04-21	275.28999999999996	275.93999999999994	277.72999999999996	276.48999999999995
2011-04-22	275.32	276.03999999999996	277.84999999999997	276.60999999999996
2011-04-23	275.33	276.13	278.06	276.87
2011-04-24	275.37	276.18499999999995	278.25	277.0
2011-04-25	275.46	276.275	278.60999999999996	277.15
2011-04-26	275.47999999999996	276.365	278.88	277.45
2011-04-27	275.52	276.49	279.01	277.60999999999996
2011-04-28	275.57	276.63	279.17999999999995	277.54999999999995
2011-04-29	275.5	276.63	279.25	277.54999999999995
2011-04-30	275.59	276.80499999999995	279.25	277.63
2011-05-01	275.64	276.97	279.63	277.69
2011-05-02	275.71	277.04999999999995	280.02	277.76
2011-05-03	275.77	277.08	280.13	277.81
2011-05-04	275.83	277.13	280.10999999999996	277.85999999999996
2011-05-05	275.84999999999997	277.19499999999994	280.21	277.88
2011-05-06	275.85999999999996	277.265	280.59999999999997	277.91999999999996
2011-05-07	275.9	277.39	281.15	278.03999999999996
2011-05-08	275.96999999999997	277.53	281.5	278.21
2011-05-09	276.15	277.59999999999997	281.69	278.45
2011-05-10	276.47999999999996	277.80499999999995	281.73999999999995	278.58
2011-05-11	276.77	278.02	281.77	278.7
2011-05-12	276.71999999999997	278.205	282.15999999999997	279.15
2011-05-13	276.53999999999996	278.25	282.7	279.90999999999997
2011-05-14	276.42999999999995	278.15999999999997	282.87	279.96
2011-05-15	276.44	278.155	283.28	279.7
2011-05-16	276.53	278.145	283.72999999999996	279.67999999999995
2011-05-17	276.58	278.195	284.07	279.7
2011-05-18	276.63	278.485	284.34999999999997	280.03
2011-05-19	276.66999999999996	279.03	284.54999999999995	280.4
2011-05-20	276.73999999999995	279.52	284.75	280.59
2011-05-21	276.75	279.985	285.45	281.13
2011-05-22	276.77	280.4	286.34	282.37
2011-05-23	276.77	280.34	286.40999999999997	282.26
2011-05-24	276.73999999999995	280.08	286.19	282.02
2011-05-25	276.77	279.965	286.5	281.96999999999997
2011-05-26	276.83	279.945	287.47999999999996	282.65999999999997
2011-05-27	276.88	280.05499999999995	288.47999999999996	283.91999999999996
2011-05-28	277.09	280.5849999999999	289.12	285.09999999999997
2011-05-29	277.34	281.335	289.67999999999995	285.98999999999995
2011-05-30	277.59999999999997	281.85	290.34999999999997	286.84
2011-05-31	277.75	281.79999999999995	290.59999999999997	287.48999999999995
2011-06-01	277.63	281.26	289.64	286.0
2011-06-02	277.65	281.125	288.87	284.31
2011-06-03	278.03	281.59499999999997	289.12	284.16999999999996
2011-06-04	278.33	282.43999999999994	289.90999999999997	285.09
2011-06-05	278.38	283.005	290.94	286.40999999999997
2011-06-06	278.75	283.645	291.88	287.72999999999996
2011-06-07	278.87	284.14	292.16999999999996	288.78999999999996
2011-06-08	278.71999999999997	284.05499999999995	292.34999999999997	289.64
2011-06-09	278.37	283.495	292.13	289.37
2011-06-10	278.26	283.075	291.51	288.57
2011-06-11	278.21	282.92499999999995	291.17999999999995	287.98999999999995
2011-06-12	278.21	282.86499999999995	290.88	287.57
2011-06-13	278.38	283.135	290.62	287.44
2011-06-14	278.66999999999996	283.59	290.58	287.57
2011-06-15	278.9	284.07499999999993	290.71	287.89
2011-06-16	279.10999999999996	284.64	291.09	288.85999999999996
2011-06-17	279.34999999999997	285.16499999999996	291.47999999999996	289.77
2011-06-18	279.33	285.385	291.95	289.84
2011-06-19	279.22999999999996	285.54499999999996	292.10999999999996	289.77
2011-06-20	279.22999999999996	285.77	292.08	289.89
2011-06-21	279.27	286.0	292.32	290.13
2011-06-22	279.47999999999996	286.215	292.69	290.28999999999996
2011-06-23	279.65999999999997	286.51	292.84	290.56
2011-06-24	279.76	286.67499999999995	292.90999999999997	290.59999999999997
2011-06-25	279.83	286.895	293.01	290.60999999999996
2011-06-26	279.89	287.43499999999995	293.06	290.7
2011-06-27	279.90999999999997	287.55999999999995	293.10999999999996	290.75
2011-06-28	279.77	287.30999999999995	293.15999999999997	290.75
2011-06-29	279.84	287.33	293.19	290.46999999999997
2011-06-30	280.40999999999997	287.77	293.46999999999997	290.12
2011-07-01	280.94	288.365	293.95	290.32
2011-07-02	281.07	288.90999999999997	294.38	290.65
2011-07-03	281.06	289.28	294.81	291.07
2011-07-04	281.57	289.79999999999995	295.16999999999996	291.31
2011-07-05	282.23999999999995	290.24	295.59	291.84
2011-07-06	282.59	290.59499999999997	295.95	292.40999999999997
2011-07-07	282.79999999999995	290.91999999999996	296.09999999999997	292.83
2011-07-08	283.07	291.38	296.32	293.25
2011-07-09	283.45	291.705	296.53999999999996	293.46
2011-07-10	283.95	292.01	296.97999999999996	294.09999999999997
2011-07-11	284.08	292.145	297.15999999999997	294.4
2011-07-12	283.95	292.05499999999995	297.13	294.32
2011-07-13	284.08	291.90999999999997	297.02	294.32
2011-07-14	284.67999999999995	292.205	297.02	294.58
2011-07-15	285.69	292.745	297.29999999999995	295.03999999999996
2011-07-16	286.67999999999995	293.30499999999995	297.59	295.51
2011-07-17	287.35999999999996	293.86	297.92999999999995	295.88
2011-07-18	287.69	294.26	298.21999999999997	296.03999999999996
2011-07-19	287.64	294.68999999999994	298.56	296.10999999999996
2011-07-20	287.21	295.12	298.96999999999997	296.40999999999997
2011-07-21	286.7	295.34000000000003	299.28	296.84999999999997
2011-07-22	286.65999999999997	295.215	299.39	297.0
2011-07-23	286.65	295.03999999999996	299.35999999999996	297.02
2011-07-24	286.53999999999996	294.83	299.23999999999995	296.89
2011-07-25	286.54999999999995	294.625	299.13	296.64
2011-07-26	286.67999999999995	294.43999999999994	299.06	296.39
2011-07-27	287.07	294.48	298.94	296.15999999999997
2011-07-28	287.53999999999996	294.79499999999996	298.96999999999997	296.21999999999997
2011-07-29	287.81	295.03	298.94	296.27
2011-07-30	288.14	295.2049999999999	298.98999999999995	296.34999999999997
2011-07-31	288.59999999999997	295.405	299.15	296.56
2011-08-01	288.97999999999996	295.455	299.12	296.67999999999995
2011-08-02	289.35999999999996	295.42499999999995	298.97999999999996	296.54999999999995
2011-08-03	289.75	295.43499999999995	298.96	296.44
2011-08-04	290.10999999999996	295.60999999999996	298.97999999999996	296.35999999999996
2011-08-05	290.53	295.81499999999994	299.06	296.5
2011-08-06	290.67999999999995	295.92999999999995	299.13	296.62
2011-08-07	290.65999999999997	295.87	299.06	296.65999999999997
2011-08-08	290.45	295.69499999999994	298.96999999999997	296.73999999999995
2011-08-09	289.78999999999996	295.34499999999997	298.71	296.46
2011-08-10	289.07	294.82499999999993	298.37	295.90999999999997
2011-08-11	289.03999999999996	294.40999999999997	298.14	295.52
2011-08-12	289.35999999999996	294.27	298.02	295.4
2011-08-13	289.71	294.18499999999995	298.06	295.47999999999996
2011-08-14	290.03	294.025	297.87	295.58
2011-08-15	290.38	294.03499999999997	297.52	295.65
2011-08-16	290.52	294.28	297.45	295.66999999999996
2011-08-17	290.26	294.38	297.42999999999995	295.75
2011-08-18	290.04999999999995	294.405	297.5	295.96
2011-08-19	289.97999999999996	294.505	297.78	296.21
2011-08-20	289.84999999999997	294.495	297.83	296.25
2011-08-21	289.75	294.30999999999995	297.51	295.89
2011-08-22	289.7	294.125	297.17999999999995	295.46999999999997
2011-08-23	289.67999999999995	294.03	297.0	295.15999999999997
2011-08-24	289.35999999999996	293.89	296.75	294.88
2011-08-25	289.06	293.68999999999994	296.51	294.53
2011-08-26	289.03	293.63	296.39	294.40999999999997
2011-08-27	289.09	293.68499999999995	296.32	294.34999999999997
2011-08-28	289.22999999999996	293.71999999999997	296.34	294.28
2011-08-29	289.27	293.78	296.33	294.09
2011-08-30	289.29999999999995	293.78999999999996	296.31	293.98999999999995
2011-08-31	289.46999999999997	293.89	296.5	294.12
2011-09-01	289.71999999999997	294.15	296.87	294.39
2011-09-02	289.73999999999995	294.25	297.41999999999996	294.72999999999996
2011-09-03	289.57	293.91999999999996	297.9	295.21
2011-09-04	289.32	293.43999999999994	297.95	295.22999999999996
2011-09-05	289.08	292.91999999999996	297.51	294.81
2011-09-06	289.07	292.49	296.9	294.34
2011-09-07	289.28	292.28	296.17999999999995	293.91999999999996
2011-09-08	289.77	292.23	295.34999999999997	293.57
2011-09-09	290.2	292.365	294.79999999999995	293.4
2011-09-10	290.37	292.515	294.59	293.35999999999996
2011-09-11	290.26	292.53	294.45	293.34999999999997
2011-09-12	289.79999999999995	292.41999999999996	294.34	293.37
2011-09-13	289.04999999999995	292.15999999999997	294.23999999999995	293.26
2011-09-14	288.33	291.775	294.09999999999997	293.09999999999997
2011-09-15	287.57	291.31999999999994	293.77	292.75
2011-09-16	287.09	290.885	293.34999999999997	292.31
2011-09-17	286.94	290.59499999999997	292.96999999999997	292.03999999999996
2011-09-18	286.9	290.40999999999997	292.78	291.88
2011-09-19	286.78999999999996	290.22499999999997	292.78999999999996	291.73999999999995
2011-09-20	286.69	290.07499999999993	292.79999999999995	291.57
2011-09-21	286.59	290.04999999999995	292.76	291.53
2011-09-22	286.45	289.93999999999994	292.72999999999996	291.71
2011-09-23	286.34	289.84	292.72999999999996	291.72999999999996
2011-09-24	286.34999999999997	289.715	292.71	291.67999999999995
2011-09-25	286.47999999999996	289.59	292.64	291.84
2011-09-26	286.54999999999995	289.47999999999996	292.54999999999995	292.07
2011-09-27	286.44	289.385	292.46999999999997	292.03
2011-09-28	286.15	289.145	292.22999999999996	291.76
2011-09-29	285.72999999999996	288.715	291.77	291.40999999999997
2011-09-30	285.28	287.995	291.28999999999996	291.04999999999995
2011-10-01	285.07	287.40999999999997	290.76	290.56
2011-10-02	285.04999999999995	287.18499999999995	290.37	290.13
2011-10-03	285.23999999999995	287.21999999999997	290.17999999999995	289.78
2011-10-04	285.44	287.33	290.17999999999995	289.60999999999996
2011-10-05	285.48999999999995	287.41999999999996	290.19	289.52
2011-10-06	285.46999999999997	287.53	290.28	289.51
2011-10-07	285.52	287.65	290.40999999999997	289.58
2011-10-08	285.63	287.78	290.57	289.84
2011-10-09	285.60999999999996	287.90999999999997	290.69	290.04999999999995
2011-10-10	285.62	287.96500000000003	290.65	290.13
2011-10-11	285.65999999999997	287.99	290.54999999999995	290.02
2011-10-12	285.62	287.91499999999996	290.40999999999997	289.78999999999996
2011-10-13	285.4	287.58	290.10999999999996	289.42999999999995
2011-10-14	284.96999999999997	286.96999999999997	289.76	288.97999999999996
2011-10-15	284.35999999999996	286.27	289.27	288.15
2011-10-16	283.84999999999997	285.835	288.87	287.02
2011-10-17	283.40999999999997	285.57	288.64	286.28
2011-10-18	282.95	285.275	288.47999999999996	286.10999999999996
2011-10-19	282.56	284.91999999999996	288.14	285.76
2011-10-20	282.27	284.47499999999997	287.63	285.44
2011-10-21	282.10999999999996	284.15999999999997	287.19	285.04999999999995
2011-10-22	282.04999999999995	284.02	286.98999999999995	285.03999999999996
2011-10-23	281.96999999999997	283.95	286.90999999999997	285.03
2011-10-24	281.87	283.91499999999996	286.81	284.85999999999996
2011-10-25	281.79999999999995	283.84999999999997	286.75	284.67999999999995
2011-10-26	281.72999999999996	283.72499999999997	286.58	284.5
2011-10-27	281.67999999999995	283.55999999999995	286.26	284.29999999999995
2011-10-28	281.62	283.475	285.98999999999995	284.2
2011-10-29	281.54999999999995	283.40999999999997	285.84999999999997	284.08
2011-10-30	281.52	283.375	285.76	284.0
2011-10-31	281.5	283.365	285.73999999999995	284.0
2011-11-01	281.47999999999996	283.385	285.77	284.0
2011-11-02	281.47999999999996	283.38	285.73999999999995	283.98999999999995
2011-11-03	281.47999999999996	283.325	285.66999999999996	283.9
2011-11-04	281.4	283.29999999999995	285.57	283.81
2011-11-05	281.29999999999995	283.24	285.59	283.84
2011-11-06	281.2	283.15999999999997	285.51	283.84999999999997
2011-11-07	281.09999999999997	283.06999999999994	285.42999999999995	283.78
2011-11-08	280.97999999999996	282.92499999999995	285.34999999999997	283.69
2011-11-09	280.9	282.69999999999993	285.19	283.58
2011-11-10	280.79999999999995	282.505	284.92999999999995	283.41999999999996
2011-11-11	280.59999999999997	282.37	284.56	283.21
2011-11-12	280.39	282.27	284.27	283.03
2011-11-13	280.25	282.195	284.21	282.96
2011-11-14	280.13	282.11	284.13	282.87
2011-11-15	280.07	282.06999999999994	283.96	282.72999999999996
2011-11-16	280.03	282.015	283.75	282.63
2011-11-17	279.90999999999997	281.84499999999997	283.46999999999997	282.41999999999996
2011-11-18	279.75	281.655	283.26	282.16999999999996
2011-11-19	279.58	281.53499999999997	283.09999999999997	281.90999999999997
2011-11-20	279.42999999999995	281.445	282.96	281.7
2011-11-21	279.37	281.28999999999996	282.82	281.52
2011-11-22	279.35999999999996	281.155	282.67999999999995	281.46
2011-11-23	279.38	281.06499999999994	282.54999999999995	281.40999999999997
2011-11-24	279.40999999999997	281.05499999999995	282.47999999999996	281.33
2011-11-25	279.31	281.015	282.45	281.28999999999996
2011-11-26	279.16999999999996	280.905	282.41999999999996	281.25
2011-11-27	279.03	280.78	282.31	281.2
2011-11-28	278.90999999999997	280.625	282.12	281.13
2011-11-29	278.84999999999997	280.5	281.9	281.06
2011-11-30	278.79999999999995	280.41499999999996	281.75	281.03
2011-12-01	278.72999999999996	280.29499999999996	281.7	281.03
2011-12-02	278.62	280.115	281.57	280.9
2011-12-03	278.57	280.05999999999995	281.37	280.75
2011-12-04	278.42999999999995	279.935	281.16999999999996	280.7
2011-12-05	278.27	279.78499999999997	280.9	280.62
2011-12-06	278.13	279.655	280.57	280.51
2011-12-07	278.0	279.565	280.35999999999996	280.45
2011-12-08	277.9	279.47499999999997	280.21	280.42999999999995
2011-12-09	277.79999999999995	279.34999999999997	279.96999999999997	280.25
2011-12-10	277.71999999999997	279.28999999999996	279.82	280.06
2011-12-11	277.71999999999997	279.28999999999996	279.77	279.98999999999995
2011-12-12	277.75	279.27	279.71999999999997	279.96
2011-12-13	277.71999999999997	279.22999999999996	279.65	279.9
2011-12-14	277.66999999999996	279.16999999999996	279.62	279.85999999999996
2011-12-15	277.59	279.06499999999994	279.59	279.79999999999995
2011-12-16	277.51	278.95	279.52	279.66999999999996
2011-12-17	277.42999999999995	278.835	279.37	279.5
2011-12-18	277.37	278.80499999999995	279.21	279.44
2011-12-19	277.34999999999997	278.82	279.14	279.38
2011-12-20	277.31	278.775	279.16999999999996	279.29999999999995
2011-12-21	277.27	278.7	279.19	279.25
2011-12-22	277.12	278.57	279.03	279.12
2011-12-23	277.08	278.515	278.84999999999997	278.94
2011-12-24	277.03999999999996	278.46	278.73999999999995	278.84
2011-12-25	277.03	278.42499999999995	278.67999999999995	278.83
2011-12-26	277.02	278.39	278.66999999999996	278.89
2011-12-27	276.94	278.30499999999995	278.58	278.88
2011-12-28	276.87	278.145	278.38	278.78999999999996
2011-12-29	276.84	277.91499999999996	278.12	278.64
2011-12-30	276.78999999999996	277.79499999999996	277.95	278.60999999999996
2011-12-31	276.73999999999995	277.69999999999993	277.87	278.60999999999996
2012-01-01	276.71999999999997	277.57	277.76	278.59
2012-01-01	276.71999999999997	277.94	277.76	278.59
2012-01-01	276.71999999999997	277.2	277.76	278.59
2012-01-02	276.7	277.49	277.53999999999996	278.41999999999996
2012-01-03	276.66999999999996	277.395	277.32	278.22999999999996
2012-01-04	276.71999999999997	277.375	277.2	278.09999999999997
2012-01-05	276.72999999999996	277.325	277.17999999999995	277.97999999999996
2012-01-06	276.71999999999997	277.245	277.15999999999997	277.96999999999997
2012-01-07	276.63	277.17499999999995	277.10999999999996	278.03
2012-01-08	276.64	277.16499999999996	276.96999999999997	277.69
2012-01-09	276.7	277.34	277.03	277.98999999999995
2012-01-10	276.7	277.41499999999996	277.09999999999997	278.07
2012-01-11	276.65999999999997	277.42999999999995	277.13	278.06
2012-01-12	276.62	277.35499999999996	277.07	277.96
2012-01-13	276.58	277.235	276.91999999999996	277.73999999999995
2012-01-14	276.53	277.08	276.64	277.52
2012-01-15	276.44	276.955	276.38	277.4
2012-01-16	276.32	276.84499999999997	276.21	277.34999999999997
2012-01-17	276.28	276.855	276.28999999999996	277.33
2012-01-18	276.08	276.67999999999995	276.29999999999995	277.27
2012-01-19	276.02	276.57499999999993	276.22999999999996	277.17999999999995
2012-01-20	275.81	276.275	276.03	277.09999999999997
2012-01-21	275.77	276.125	275.53999999999996	277.07
2012-01-22	275.73999999999995	276.07499999999993	275.53	277.07
2012-01-23	275.75	276.18999999999994	275.59999999999997	277.12
2012-01-24	275.78999999999996	276.24	275.54999999999995	277.10999999999996
2012-01-25	275.73999999999995	276.235	275.45	277.09999999999997
2012-01-26	274.73999999999995	275.09999999999997	274.35999999999996	275.57
2012-01-27	275.81	276.29999999999995	275.29999999999995	276.96
2012-01-28	275.77	276.275	275.28	276.91999999999996
2012-01-29	275.7	276.185	275.27	276.81
2012-01-30	275.64	276.14	275.28	276.84999999999997
2012-01-31	275.65999999999997	276.15999999999997	275.21999999999997	276.84
2012-02-01	275.72999999999996	276.15999999999997	275.26	276.84999999999997
2012-02-02	275.75	276.12	275.38	276.84999999999997
2012-02-03	275.71999999999997	276.02	275.4	276.84
2012-02-04	275.71999999999997	276.025	275.45	276.85999999999996
2012-02-05	275.78	276.08	275.44	276.82
2012-02-06	275.78999999999996	276.12	275.51	276.89
2012-02-07	275.69	276.06	275.52	276.9
2012-02-08	275.64	275.97499999999997	275.38	276.85999999999996
2012-02-09	275.62	275.94499999999994	275.27	276.89
2012-02-10	275.58	275.92499999999995	275.21	276.89
2012-02-11	275.53999999999996	275.84499999999997	275.09	276.78999999999996
2012-02-12	275.52	275.77	274.91999999999996	276.77
2012-02-13	275.5	275.71500000000003	274.65	276.84
2012-02-14	275.51	275.78499999999997	274.60999999999996	276.82
2012-02-15	275.44	275.79999999999995	274.59999999999997	276.73999999999995
2012-02-16	275.38	275.75	274.72999999999996	276.69
2012-02-17	275.28	275.645	274.77	276.65
2012-02-18	275.21999999999997	275.59499999999997	274.78999999999996	276.58
2012-02-19	275.15	275.585	274.75	276.54999999999995
2012-02-20	275.06	275.59	274.66999999999996	276.51
2012-02-21	275.03999999999996	275.6	274.69	276.48999999999995
2012-02-22	275.12	275.595	274.72999999999996	276.5
2012-02-23	275.12	275.59999999999997	274.77	276.53
2012-02-24	275.07	275.575	274.79999999999995	276.47999999999996
2012-02-25	275.06	275.53499999999997	274.82	276.4
2012-02-26	274.97999999999996	275.51	274.85999999999996	276.37
2012-02-27	274.90999999999997	275.505	274.90999999999997	276.38
2012-02-28	274.88	275.495	274.95	276.39
2012-02-29	274.84	275.53499999999997	274.97999999999996	276.42999999999995
2012-03-01	274.96	275.57	275.03999999999996	276.51
2012-03-02	275.08	275.645	275.15	276.63
2012-03-03	275.06	275.65	275.16999999999996	276.65999999999997
2012-03-04	274.98999999999995	275.615	275.37	276.59999999999997
2012-03-05	274.96999999999997	275.585	275.41999999999996	276.53999999999996
2012-03-06	275.01	275.65	275.37	276.57
2012-03-07	275.16999999999996	275.80499999999995	275.46999999999997	276.7
2012-03-08	275.5	275.91999999999996	275.66999999999996	276.78999999999996
2012-03-09	275.69	276.0	275.79999999999995	276.89
2012-03-10	275.78	276.085	275.97999999999996	276.96
2012-03-11	275.82	276.145	276.17999999999995	277.06
2012-03-12	275.85999999999996	276.29999999999995	276.47999999999996	277.16999999999996
2012-03-13	275.90999999999997	276.53499999999997	276.78	277.29999999999995
2012-03-14	276.03999999999996	276.80499999999995	276.90999999999997	277.26
2012-03-15	276.23999999999995	277.155	277.22999999999996	277.39
2012-03-16	276.65	277.46999999999997	277.71999999999997	277.73999999999995
2012-03-17	277.47999999999996	277.85	278.37	278.22999999999996
2012-03-18	278.04999999999995	278.16499999999996	278.64	278.82
2012-03-19	278.21	278.495	278.91999999999996	279.29999999999995
2012-03-20	278.07	278.84	279.46	279.75
2012-03-21	277.94	279.17499999999995	280.0	280.08
2012-03-22	277.77	279.12	280.10999999999996	280.19
2012-03-23	277.41999999999996	278.68999999999994	279.81	279.83
2012-03-24	276.95	278.155	279.42999999999995	279.04999999999995
2012-03-25	276.37	277.625	279.08	278.17999999999995
2012-03-26	275.98999999999995	277.265	278.78999999999996	277.60999999999996
2012-03-27	276.02	277.18499999999995	278.82	277.52
2012-03-28	276.14	277.215	279.17999999999995	277.71
2012-03-29	276.19	277.21999999999997	279.23999999999995	277.71
2012-03-30	276.10999999999996	277.245	279.15999999999997	277.59
2012-03-31	276.12	277.26	279.09999999999997	277.57
2012-04-01	276.14	277.275	279.09	277.60999999999996
2012-04-02	276.17999999999995	277.34	279.15	277.71
2012-04-03	276.22999999999996	277.37	279.19	277.72999999999996
2012-04-04	276.22999999999996	277.37	279.34	277.71999999999997
2012-04-05	276.19	277.4	279.4	277.78
2012-04-06	276.2	277.445	279.51	277.84999999999997
2012-04-07	276.15	277.43999999999994	279.65999999999997	277.92999999999995
2012-04-08	276.13	277.44499999999994	279.71999999999997	277.91999999999996
2012-04-09	276.12	277.44499999999994	279.71999999999997	277.94
2012-04-10	276.10999999999996	277.41499999999996	279.78	278.03
2012-04-11	276.10999999999996	277.4	279.87	278.09
2012-04-12	276.19	277.48	280.01	278.14
2012-04-13	276.23999999999995	277.59	280.28999999999996	278.25
2012-04-14	276.38	277.69499999999994	280.48999999999995	278.39
2012-04-15	276.40999999999997	277.78499999999997	280.67999999999995	278.71
2012-04-16	276.34	277.86	280.90999999999997	279.12
2012-04-17	276.28	277.91999999999996	280.97999999999996	279.0
2012-04-18	276.25	277.96	281.12	278.96999999999997
2012-04-19	276.25	277.995	281.2	279.33
2012-04-20	276.23999999999995	277.995	281.21	279.47999999999996
2012-04-21	276.23999999999995	277.99	281.15999999999997	279.29999999999995
2012-04-22	276.32	278.05499999999995	281.14	279.16999999999996
2012-04-23	276.41999999999996	278.155	281.12	279.07
2012-04-24	276.48999999999995	278.265	281.10999999999996	278.97999999999996
2012-04-25	276.48999999999995	278.345	281.2	278.92999999999995
2012-04-26	276.46	278.34999999999997	281.34	278.89
2012-04-27	276.46999999999997	278.335	281.40999999999997	278.77
2012-04-28	276.62	278.38	281.46	278.76
2012-04-29	276.75	278.46999999999997	281.59	278.96
2012-04-30	276.78999999999996	278.58	281.92999999999995	279.10999999999996
2012-05-01	276.83	278.835	282.59	279.34
2012-05-02	276.96	279.2	283.60999999999996	279.77
2012-05-03	277.04999999999995	279.53	284.34999999999997	280.21999999999997
2012-05-04	277.08	279.875	284.2	280.52
2012-05-05	277.15999999999997	280.06499999999994	283.85999999999996	280.71999999999997
2012-05-06	277.22999999999996	280.13	283.78	281.01
2012-05-07	277.33	280.30499999999995	284.04999999999995	281.15999999999997
2012-05-08	277.35999999999996	280.37	284.38	281.33
2012-05-09	277.39	280.4	284.5	281.41999999999996
2012-05-10	277.47999999999996	280.53499999999997	284.60999999999996	281.46999999999997
2012-05-11	277.63	280.875	284.90999999999997	281.51
2012-05-12	277.75	281.25	285.31	281.88
2012-05-13	277.87	281.67499999999995	286.03999999999996	282.71
2012-05-14	278.02	281.97	286.94	283.9
2012-05-15	277.95	281.96	287.39	284.67999999999995
2012-05-16	277.79999999999995	281.72999999999996	287.16999999999996	284.35999999999996
2012-05-17	277.94	281.855	287.08	284.06
2012-05-18	278.34	282.34	287.67999999999995	284.78
2012-05-19	278.65999999999997	282.86	288.54999999999995	286.27
2012-05-20	278.65	283.16999999999996	289.23999999999995	287.19
2012-05-21	278.38	283.245	289.78999999999996	287.53999999999996
2012-05-22	278.34	283.34999999999997	289.76	287.92999999999995
2012-05-23	278.44	283.65999999999997	289.7	288.59
2012-05-24	278.47999999999996	283.98499999999996	290.22999999999996	289.09
2012-05-25	278.46999999999997	284.155	290.63	289.28
2012-05-26	278.53999999999996	284.34	290.89	289.4
2012-05-27	278.71999999999997	284.76	291.29999999999995	289.65999999999997
2012-05-28	278.9	284.965	292.03	290.2
2012-05-29	278.88	284.90999999999997	291.95	290.32
2012-05-30	278.85999999999996	284.82499999999993	291.46	290.15
2012-05-31	279.02	284.84499999999997	291.26	290.09999999999997
2012-06-01	279.28	284.985	290.9	289.9
2012-06-02	279.63	285.015	290.21999999999997	289.14
2012-06-03	279.97999999999996	285.01	289.56	288.35999999999996
2012-06-04	280.45	285.17499999999995	289.29999999999995	287.90999999999997
2012-06-05	280.96999999999997	285.52	289.44	287.75
2012-06-06	281.54999999999995	286.0	289.65999999999997	287.98999999999995
2012-06-07	282.02	286.55499999999995	290.07	288.46
2012-06-08	282.19	286.985	290.46999999999997	288.91999999999996
2012-06-09	282.08	287.43499999999995	291.13	289.84999999999997
2012-06-10	282.03999999999996	287.745	291.78	290.73999999999995
2012-06-11	281.78	287.745	291.96	290.76
2012-06-12	281.29999999999995	287.495	291.78999999999996	290.15999999999997
2012-06-13	281.17999999999995	287.395	291.7	289.77
2012-06-14	281.37	287.585	291.76	289.90999999999997
2012-06-15	281.66999999999996	287.88	291.84999999999997	290.03999999999996
2012-06-16	282.03	288.29499999999996	292.16999999999996	290.47999999999996
2012-06-17	282.16999999999996	288.76	292.69	291.25
2012-06-18	282.46	289.16499999999996	293.2	292.08
2012-06-19	282.87	289.65999999999997	293.90999999999997	292.90999999999997
2012-06-20	283.04999999999995	289.9	294.48999999999995	293.5
2012-06-21	283.02	289.89	294.84999999999997	293.77
2012-06-22	283.23999999999995	289.93499999999995	295.0	293.60999999999996
2012-06-23	283.65999999999997	290.12	295.02	293.33
2012-06-24	283.98999999999995	290.25	294.89	293.12
2012-06-25	284.42999999999995	290.255	294.71999999999997	292.84
2012-06-26	285.0	290.455	294.64	292.51
2012-06-27	285.53999999999996	290.9	294.76	292.4
2012-06-28	285.96	291.635	295.19	292.59
2012-06-29	286.19	291.96	295.58	292.77
2012-06-30	286.58	292.28	295.84999999999997	293.04999999999995
2012-07-01	287.34999999999997	292.73	296.03	293.29999999999995
2012-07-02	288.15	293.28499999999997	296.41999999999996	293.53
2012-07-03	288.76	293.92999999999995	296.79999999999995	293.94
2012-07-04	288.98999999999995	294.625	297.14	294.46999999999997
2012-07-05	289.34	294.94499999999994	297.4	294.84999999999997
2012-07-06	289.47999999999996	295.03499999999997	297.7	295.09
2012-07-07	289.53999999999996	294.79499999999996	298.02	295.39
2012-07-08	289.75	294.53	297.9	295.54999999999995
2012-07-09	290.15	294.44	297.7	295.71
2012-07-10	290.73999999999995	294.465	297.63	295.90999999999997
2012-07-11	291.23999999999995	294.71999999999997	297.69	296.2
2012-07-12	291.71	295.01	297.92999999999995	296.64
2012-07-13	291.95	295.29999999999995	298.04999999999995	296.90999999999997
2012-07-14	292.08	295.565	298.04999999999995	297.08
2012-07-15	292.19	295.78999999999996	298.26	297.15
2012-07-16	292.31	295.93999999999994	298.48999999999995	297.25
2012-07-17	292.28999999999996	295.93999999999994	298.56	297.38
2012-07-18	292.25	295.81499999999994	298.46	297.21
2012-07-19	292.39	295.57499999999993	298.15999999999997	296.90999999999997
2012-07-20	292.53	295.405	297.66999999999996	296.53999999999996
2012-07-21	292.65999999999997	295.46	297.60999999999996	296.41999999999996
2012-07-22	292.84999999999997	295.745	297.84999999999997	296.71
2012-07-23	292.88	295.995	298.06	296.97999999999996
2012-07-24	292.85999999999996	295.88	297.96999999999997	296.81
2012-07-25	292.81	295.67999999999995	297.9	296.64
2012-07-26	292.65	295.53499999999997	298.0	296.77
2012-07-27	292.59	295.405	298.0	296.84999999999997
2012-07-28	292.7	295.35	297.88	296.89
2012-07-29	292.94	295.43999999999994	297.87	296.96999999999997
2012-07-30	293.03999999999996	295.66999999999996	298.13	297.09999999999997
2012-07-31	293.03999999999996	295.76	298.28999999999996	297.17999999999995
2012-08-01	293.03999999999996	295.86499999999995	298.39	297.25
2012-08-02	292.95	295.93499999999995	298.69	297.46999999999997
2012-08-03	292.78	295.99	299.10999999999996	297.96999999999997
2012-08-04	292.51	296.015	299.07	298.12
2012-08-05	292.08	295.85999999999996	298.71	297.83
2012-08-06	291.72999999999996	295.73	298.52	297.46999999999997
2012-08-07	291.64	295.645	298.40999999999997	297.33
2012-08-08	291.58	295.53	298.33	297.40999999999997
2012-08-09	291.42999999999995	295.34499999999997	298.25	297.38
2012-08-10	291.28999999999996	294.92499999999995	297.96	297.15999999999997
2012-08-11	291.28999999999996	294.38	297.53	296.91999999999996
2012-08-12	291.35999999999996	294.08	297.23999999999995	296.81
2012-08-13	291.48999999999995	294.06499999999994	297.09999999999997	296.78999999999996
2012-08-14	291.60999999999996	294.06499999999994	296.88	296.54999999999995
2012-08-15	291.60999999999996	294.11	296.85999999999996	296.32
2012-08-16	291.32	294.0	296.90999999999997	296.25
2012-08-17	290.84	293.73499999999996	296.84	296.14
2012-08-18	290.63	293.63	296.84999999999997	296.01
2012-08-19	290.59	293.67499999999995	296.87	295.97999999999996
2012-08-20	290.63	293.765	296.89	296.03
2012-08-21	290.71999999999997	293.865	296.98999999999995	296.10999999999996
2012-08-22	290.85999999999996	293.91499999999996	297.12	296.2
2012-08-23	290.98999999999995	293.96999999999997	297.15999999999997	296.25
2012-08-24	291.27	294.145	297.21	296.38
2012-08-25	291.48999999999995	294.345	297.28	296.51
2012-08-26	291.52	294.41499999999996	297.16999999999996	296.47999999999996
2012-08-27	291.53	294.40999999999997	296.96999999999997	296.29999999999995
2012-08-28	291.7	294.39	296.82	296.03999999999996
2012-08-29	291.87	294.405	296.84999999999997	295.9
2012-08-30	291.94	294.42499999999995	296.83	295.78999999999996
2012-08-31	291.96	294.475	296.83	295.78
2012-09-01	292.15	294.48499999999996	296.84	295.71999999999997
2012-09-02	292.26	294.53499999999997	296.87	295.75
2012-09-03	292.32	294.645	296.91999999999996	295.84
2012-09-04	292.37	294.77	296.84999999999997	295.83
2012-09-05	292.25	294.735	296.77	295.78999999999996
2012-09-06	292.07	294.65	296.85999999999996	295.78
2012-09-07	291.84999999999997	294.455	296.83	295.71
2012-09-08	291.51	294.17499999999995	296.58	295.5
2012-09-09	291.23999999999995	293.92499999999995	296.32	295.28999999999996
2012-09-10	291.08	293.75	296.14	295.09
2012-09-11	290.95	293.60999999999996	295.88	294.89
2012-09-12	290.69	293.41999999999996	295.72999999999996	294.82
2012-09-13	290.28999999999996	293.16999999999996	295.62	294.78999999999996
2012-09-14	290.01	292.98499999999996	295.39	294.53999999999996
2012-09-15	289.90999999999997	292.84	295.16999999999996	294.16999999999996
2012-09-16	289.84	292.715	295.03	293.95
2012-09-17	289.65	292.585	294.84	293.77
2012-09-18	289.25	292.275	294.56	293.37
2012-09-19	288.71999999999997	291.835	294.15999999999997	292.94
2012-09-20	288.02	291.31999999999994	293.9	292.82
2012-09-21	287.35999999999996	290.735	293.51	292.4
2012-09-22	286.84999999999997	290.145	292.84	291.37
2012-09-23	286.45	289.68499999999995	292.27	290.46
2012-09-24	286.17999999999995	289.43499999999995	292.02	290.15
2012-09-25	286.09	289.27	291.78	290.09999999999997
2012-09-26	286.13	289.255	291.54999999999995	290.09999999999997
2012-09-27	286.19	289.265	291.32	290.09
2012-09-28	286.28999999999996	289.28499999999997	291.26	290.12
2012-09-29	286.41999999999996	289.30999999999995	291.2	290.16999999999996
2012-09-30	286.46	289.29499999999996	291.08	290.03999999999996
2012-10-01	286.45	289.265	290.97999999999996	289.91999999999996
2012-10-02	286.46	289.3299999999999	290.96999999999997	289.97999999999996
2012-10-03	286.5	289.315	290.98999999999995	290.03
2012-10-04	286.46999999999997	289.21999999999997	291.04999999999995	290.13
2012-10-05	286.31	289.03499999999997	290.95	289.94
2012-10-06	285.96999999999997	288.725	290.59999999999997	289.40999999999997
2012-10-07	285.53999999999996	288.32499999999993	290.14	288.83
2012-10-08	285.2	288.04499999999996	289.81	288.35999999999996
2012-10-09	284.79999999999995	287.78499999999997	289.63	288.07
2012-10-10	284.21	287.28499999999997	289.38	287.69
2012-10-11	283.53999999999996	286.65999999999997	288.96999999999997	287.09
2012-10-12	283.2	286.235	288.59999999999997	286.5
2012-10-13	282.94	286.025	288.39	286.29999999999995
2012-10-14	282.64	285.84999999999997	288.38	286.25
2012-10-15	282.56	285.54999999999995	288.23999999999995	285.97999999999996
2012-10-16	282.56	285.43999999999994	288.16999999999996	285.77
2012-10-17	282.52	285.42999999999995	287.95	285.71
2012-10-18	282.48999999999995	285.345	287.65	285.76
2012-10-19	282.46999999999997	285.21999999999997	287.46	285.77
2012-10-20	282.51	285.18999999999994	287.41999999999996	285.76
2012-10-21	282.54999999999995	285.21	287.39	285.7
2012-10-22	282.53	285.235	287.47999999999996	285.75
2012-10-23	282.44	285.28	287.77	285.92999999999995
2012-10-24	282.29999999999995	285.385	288.12	286.21999999999997
2012-10-25	282.15999999999997	285.47999999999996	288.21999999999997	286.44
2012-10-26	281.98999999999995	285.375	288.15	286.42999999999995
2012-10-27	281.83	285.17999999999995	288.02	286.35999999999996
2012-10-28	281.73999999999995	285.03	287.78	286.28
2012-10-29	281.71	284.79999999999995	287.46999999999997	286.16999999999996
2012-10-30	281.65999999999997	284.485	286.91999999999996	285.77
2012-10-31	281.42999999999995	284.11	286.37	285.46999999999997
2012-11-01	281.28999999999996	283.635	285.59999999999997	285.03999999999996
2012-11-02	281.17999999999995	283.30499999999995	284.96999999999997	284.52
2012-11-03	281.10999999999996	283.02	284.52	284.09999999999997
2012-11-04	280.97999999999996	282.68499999999995	283.89	283.75
2012-11-05	280.90999999999997	282.335	283.47999999999996	283.29999999999995
2012-11-06	280.69	282.16499999999996	283.40999999999997	283.19
2012-11-07	280.5	282.08	283.38	283.15
2012-11-08	280.31	282.07499999999993	283.34999999999997	283.15
2012-11-09	280.2	282.07499999999993	283.35999999999996	283.12
2012-11-10	280.13	282.08	283.40999999999997	283.09
2012-11-11	280.04999999999995	282.07	283.41999999999996	283.09999999999997
2012-11-12	280.01	281.945	283.19	283.0
2012-11-13	279.98999999999995	281.78999999999996	282.85999999999996	282.75
2012-11-14	279.96999999999997	281.66999999999996	282.60999999999996	282.59999999999997
2012-11-15	279.96	281.59	282.51	282.53
2012-11-16	279.94	281.56999999999994	282.48999999999995	282.42999999999995
2012-11-17	279.89	281.57499999999993	282.45	282.35999999999996
2012-11-18	279.89	281.655	282.51	282.35999999999996
2012-11-19	279.88	281.65999999999997	282.53999999999996	282.40999999999997
2012-11-20	279.85999999999996	281.56499999999994	282.53	282.40999999999997
2012-11-21	279.84999999999997	281.51	282.56	282.42999999999995
2012-11-22	279.84	281.505	282.60999999999996	282.53
2012-11-23	279.82	281.45	282.57	282.5
2012-11-24	279.75	281.32	282.41999999999996	282.34999999999997
2012-11-25	279.67999999999995	281.15999999999997	282.15999999999997	282.17999999999995
2012-11-26	279.53	280.95	281.84999999999997	281.91999999999996
2012-11-27	279.4	280.78	281.46	281.59999999999997
2012-11-28	279.31	280.705	281.09	281.32
2012-11-29	278.90999999999997	280.59499999999997	280.83	281.08
2012-11-30	278.64	280.55999999999995	280.79999999999995	281.03999999999996
2012-12-01	278.5	280.47999999999996	280.78	281.02
2012-12-02	278.40999999999997	280.33	280.76	280.81
2012-12-03	278.39	280.11499999999995	280.66999999999996	280.40999999999997
2012-12-04	278.33	279.93499999999995	280.67999999999995	280.31
2012-12-05	278.22999999999996	279.84999999999997	280.64	280.22999999999996
2012-12-06	278.16999999999996	279.78	280.53	280.15999999999997
2012-12-07	278.10999999999996	279.67999999999995	280.34999999999997	280.09
2012-12-08	278.04999999999995	279.57499999999993	280.16999999999996	280.02
2012-12-09	277.98999999999995	279.465	280.03	279.96
2012-12-10	277.91999999999996	279.36	279.90999999999997	279.89
2012-12-11	277.90999999999997	279.30999999999995	279.85999999999996	279.88
2012-12-12	277.84999999999997	279.28	279.83	279.89
2012-12-13	277.81	279.245	279.79999999999995	279.90999999999997
2012-12-14	277.63	279.2	279.71	279.88
2012-12-15	277.51	279.145	279.63	279.84999999999997
2012-12-16	277.46	279.12	279.63	279.78999999999996
2012-12-17	277.46999999999997	279.09	279.58	279.72999999999996
2012-12-18	277.47999999999996	279.03499999999997	279.48999999999995	279.69
2012-12-19	277.41999999999996	278.965	279.34999999999997	279.65999999999997
2012-12-20	277.39	278.885	279.19	279.62
2012-12-21	277.37	278.775	279.02	279.59
2012-12-22	277.34999999999997	278.69999999999993	278.87	279.53999999999996
2012-12-23	277.31	278.63	278.77	279.4
2012-12-24	277.28	278.52	278.60999999999996	279.25
2012-12-25	277.22999999999996	278.40999999999997	278.40999999999997	278.96
2012-12-26	277.14	278.245	278.2	278.84
2012-12-27	277.06	278.12	277.97999999999996	278.71999999999997
2012-12-28	277.0	277.99	277.75	278.60999999999996
2012-12-29	276.90999999999997	277.78999999999996	277.39	278.52
2012-12-30	276.84	277.62	277.04999999999995	278.21999999999997
2012-12-31	276.81	277.53999999999996	276.73999999999995	278.15
2013-01-01	276.88	277.465	276.59	278.13
2013-01-02	276.87	277.40999999999997	276.38	278.10999999999996
2013-01-03	276.67999999999995	277.395	276.2	278.04999999999995
2013-01-04	276.90999999999997	277.41499999999996	276.13	277.96999999999997
2013-01-05	276.85999999999996	277.37	276.09	277.90999999999997
2013-01-06	276.78999999999996	277.28499999999997	276.07	277.83
2013-01-07	276.79999999999995	277.275	276.04999999999995	277.76
2013-01-08	276.84999999999997	277.28999999999996	276.02	277.72999999999996
2013-01-09	276.9	277.28999999999996	276.09	277.71999999999997
2013-01-10	276.94	277.24	276.12	277.71
2013-01-11	276.95	277.21	276.15999999999997	277.71999999999997
2013-01-12	276.87	277.16999999999996	276.15999999999997	277.71
2013-01-13	276.73999999999995	277.105	276.13	277.69
2013-01-14	276.63	277.05499999999995	276.07	277.66999999999996
2013-01-15	276.56	277.005	275.96	277.60999999999996
2013-01-16	276.52	276.95	275.92999999999995	277.54999999999995
2013-01-17	276.46999999999997	276.93499999999995	275.84	277.5
2013-01-18	276.46	276.83	275.71	277.41999999999996
2013-01-19	276.4	276.82	275.57	277.23999999999995
2013-01-20	276.4	276.78499999999997	275.34	277.09
2013-01-21	276.25	276.725	275.17999999999995	277.03
2013-01-22	276.14	276.49	274.77	276.9
2013-01-23	275.96	276.325	274.29999999999995	276.66999999999996
2013-01-24	276.0	276.22499999999997	274.26	276.46999999999997
2013-01-25	275.47999999999996	276.17499999999995	274.07	276.5
2013-01-26	275.62	276.09	273.98999999999995	276.26
2013-01-27	275.34	275.9	274.13	276.47999999999996
2013-01-28	275.26	275.865	274.09	276.44
2013-01-29	275.15999999999997	275.86	274.29999999999995	276.45
2013-01-30	275.14	275.78499999999997	274.23999999999995	276.46999999999997
2013-01-31	275.09	275.61	274.41999999999996	276.4
2013-02-01	275.0	275.405	274.38	276.34
2013-02-02	274.85999999999996	275.36	274.34	276.22999999999996
2013-02-03	274.75	275.235	274.28	276.21999999999997
2013-02-04	274.79999999999995	275.18999999999994	274.17999999999995	276.28999999999996
2013-02-05	274.67999999999995	275.08	273.53999999999996	276.26
2013-02-06	274.69	275.18999999999994	273.54999999999995	276.34999999999997
2013-02-07	274.64	275.135	273.51	276.21
2013-02-08	274.59	275.155	273.58	276.15999999999997
2013-02-09	274.45	275.0	273.52	275.9
2013-02-10	274.46999999999997	275.01	273.42999999999995	275.75
2013-02-11	274.54999999999995	275.235	273.48999999999995	275.79999999999995
2013-02-12	274.56	275.225	273.59	276.04999999999995
2013-02-13	274.54999999999995	275.155	273.56	276.01
2013-02-14	274.53999999999996	275.16999999999996	273.58	275.91999999999996
2013-02-15	274.46999999999997	275.09	273.52	275.89
2013-02-16	274.4	275.115	273.52	275.85999999999996
2013-02-17	274.13	275.02	273.42999999999995	275.75
2013-02-18	274.17999999999995	274.92999999999995	273.44	275.67999999999995
2013-02-19	274.26	275.015	273.42999999999995	275.65
2013-02-20	274.29999999999995	275.005	273.44	275.7
2013-02-21	274.28	274.93999999999994	273.44	275.66999999999996
2013-02-22	274.23999999999995	274.81999999999994	273.34999999999997	275.53999999999996
2013-02-23	274.22999999999996	274.7049999999999	273.34999999999997	275.34
2013-02-24	274.21999999999997	274.65	273.34999999999997	275.53
2013-02-25	274.27	274.69999999999993	273.37	275.47999999999996
2013-02-26	274.27	274.695	273.38	275.44
2013-02-27	274.28	274.66999999999996	273.38	275.46999999999997
2013-02-28	274.34	274.67499999999995	273.44	275.56
2013-03-01	274.34	274.69	273.4	275.58
2013-03-02	274.32	274.66499999999996	273.41999999999996	275.57
2013-03-03	274.09999999999997	274.59499999999997	273.34999999999997	275.46999999999997
2013-03-04	274.28	274.59499999999997	273.46	275.56
2013-03-05	274.23999999999995	274.63	273.44	275.59
2013-03-06	274.21	274.64	273.46999999999997	275.60999999999996
2013-03-07	274.15	274.635	273.51	275.66999999999996
2013-03-08	274.13	274.66999999999996	273.69	275.73999999999995
2013-03-09	274.12	274.67999999999995	273.62	275.71999999999997
2013-03-10	274.08	274.69499999999994	273.62	275.75
2013-03-11	274.09999999999997	274.715	273.76	275.75
2013-03-12	274.08	274.71	273.76	275.71999999999997
2013-03-13	274.03	274.72499999999997	273.94	275.7
2013-03-14	274.01	274.725	273.95	275.67999999999995
2013-03-15	273.98999999999995	274.72	273.96	275.65999999999997
2013-03-16	273.95	274.66999999999996	273.96	275.62
2013-03-17	273.91999999999996	274.645	273.92999999999995	275.59999999999997
2013-03-18	273.91999999999996	274.635	273.91999999999996	275.57
2013-03-19	274.06	274.68499999999995	273.9	275.58
2013-03-20	274.09999999999997	274.715	274.16999999999996	275.59999999999997
2013-03-21	274.13	274.73	274.34	275.65999999999997
2013-03-22	274.09999999999997	274.74	274.33	275.75
2013-03-23	274.13	274.74	274.33	275.78999999999996
2013-03-24	274.16999999999996	274.74	274.4	275.84
2013-03-25	274.28	274.9	274.53999999999996	275.88
2013-03-26	274.29999999999995	274.935	274.65999999999997	275.90999999999997
2013-03-27	274.34	275.01	274.72999999999996	275.96999999999997
2013-03-28	274.4	275.03499999999997	274.77	276.06
2013-03-29	274.29999999999995	275.05999999999995	274.81	276.15
2013-03-30	274.31	275.07499999999993	274.91999999999996	276.21999999999997
2013-03-31	274.32	275.0799999999999	274.98999999999995	276.2
2013-04-01	274.32	275.05499999999995	275.02	276.12
2013-04-02	274.40999999999997	275.03999999999996	275.04999999999995	276.07
2013-04-03	274.42999999999995	275.115	275.15	276.03
2013-04-04	274.42999999999995	275.17999999999995	275.33	276.2
2013-04-05	274.40999999999997	275.21	275.53999999999996	276.25
2013-04-06	274.38	275.215	275.75	276.35999999999996
2013-04-07	274.41999999999996	275.265	276.10999999999996	276.53
2013-04-08	274.42999999999995	275.28999999999996	276.21999999999997	276.58
2013-04-09	274.40999999999997	275.32499999999993	276.28999999999996	276.53
2013-04-10	274.40999999999997	275.395	276.34999999999997	276.56
2013-04-11	274.45	275.46500000000003	276.44	276.63
2013-04-12	274.48999999999995	275.525	276.60999999999996	276.71999999999997
2013-04-13	274.54999999999995	275.56999999999994	276.88	276.79999999999995
2013-04-14	274.57	275.6	276.98999999999995	276.83
2013-04-15	274.65	275.67499999999995	277.21999999999997	276.90999999999997
2013-04-16	274.69	275.71	277.41999999999996	276.96999999999997
2013-04-17	274.71	275.715	277.52	277.06
2013-04-18	274.77	275.715	277.65999999999997	277.14
2013-04-19	274.76	275.72999999999996	277.77	277.15
2013-04-20	274.73999999999995	275.68999999999994	277.77	277.13
2013-04-21	274.73999999999995	275.75	277.83	277.17999999999995
2013-04-22	274.84	275.91499999999996	278.13	277.37
2013-04-23	274.9	276.03	278.25	277.46999999999997
2013-04-24	274.94	276.115	278.37	277.53999999999996
2013-04-25	275.0	276.23	278.48999999999995	277.60999999999996
2013-04-26	275.15999999999997	276.4599999999999	278.83	277.73999999999995
2013-04-27	275.35999999999996	276.77	279.27	278.02
2013-04-28	275.51	276.97999999999996	279.59	278.33
2013-04-29	275.7	277.395	280.03	278.64
2013-04-30	275.85999999999996	278.025	280.63	279.09999999999997
2013-05-01	276.03999999999996	278.495	281.13	279.51
2013-05-02	276.14	278.455	281.25	279.76
2013-05-03	276.25	278.38	281.4	280.03
2013-05-04	276.34999999999997	278.30999999999995	281.59	280.4
2013-05-05	276.42999999999995	278.395	281.87	280.88
2013-05-06	276.53999999999996	278.55999999999995	282.28	281.12
2013-05-07	276.66999999999996	278.84499999999997	282.88	281.4
2013-05-08	276.65	279.10999999999996	283.69	281.53999999999996
2013-05-09	276.41999999999996	279.09	284.31	281.5
2013-05-10	276.10999999999996	278.81499999999994	284.03	281.28
2013-05-11	276.04999999999995	278.46	283.26	280.67999999999995
2013-05-12	276.02	278.34	282.78999999999996	280.15
2013-05-13	276.06	278.47499999999997	282.84	279.85999999999996
2013-05-14	276.29999999999995	278.79499999999996	283.25	279.97999999999996
2013-05-15	276.47999999999996	279.08	283.63	280.35999999999996
2013-05-16	276.42999999999995	279.21999999999997	283.72999999999996	280.32
2013-05-17	276.40999999999997	279.325	283.91999999999996	280.33
2013-05-18	276.42999999999995	279.53499999999997	284.57	280.65999999999997
2013-05-19	276.45	279.825	285.34999999999997	281.2
2013-05-20	276.42999999999995	280.015	286.34	281.81
2013-05-21	276.41999999999996	280.10499999999996	286.84999999999997	282.51
2013-05-22	276.4	279.89	286.95	283.21
2013-05-23	276.4	279.59	286.32	282.73999999999995
2013-05-24	276.47999999999996	279.47499999999997	285.35999999999996	281.92999999999995
2013-05-25	276.53999999999996	279.59999999999997	285.04999999999995	281.65
2013-05-26	276.56	279.78999999999996	285.09999999999997	281.71999999999997
2013-05-27	276.60999999999996	280.01	285.32	281.91999999999996
2013-05-28	276.78999999999996	280.42999999999995	285.78	282.58
2013-05-29	277.15	281.18499999999995	286.45	283.85999999999996
2013-05-30	277.59999999999997	281.84999999999997	287.07	285.39
2013-05-31	277.78	281.91499999999996	287.34999999999997	286.63
2013-06-01	277.53999999999996	281.66999999999996	287.29999999999995	286.23999999999995
2013-06-02	277.21	281.435	287.2	285.06
2013-06-03	277.15999999999997	281.365	287.29999999999995	284.37
2013-06-04	277.25	281.53999999999996	287.47999999999996	284.15
2013-06-05	277.51	281.90999999999997	287.64	284.32
2013-06-06	277.71999999999997	282.28499999999997	287.66999999999996	284.72999999999996
2013-06-07	277.85999999999996	282.53	287.67999999999995	285.17999999999995
2013-06-08	278.02	282.765	288.12	285.51
2013-06-09	278.15999999999997	283.17499999999995	288.53	285.84
2013-06-10	278.4	283.69999999999993	288.84	286.03
2013-06-11	278.71	284.205	289.15	286.07
2013-06-12	278.95	284.40999999999997	289.28	286.23999999999995
2013-06-13	278.88	284.4	289.31	286.39
2013-06-14	278.65999999999997	284.4	289.35999999999996	286.4
2013-06-15	278.67999999999995	284.735	289.62	286.67999999999995
2013-06-16	278.75	285.28999999999996	290.10999999999996	287.22999999999996
2013-06-17	278.73999999999995	285.53499999999997	290.51	287.78999999999996
2013-06-18	278.79999999999995	285.635	290.53	288.13
2013-06-19	278.9	285.875	290.59	288.25
2013-06-20	279.03	286.15999999999997	290.96999999999997	288.56
2013-06-21	279.21999999999997	286.46	291.40999999999997	289.07
2013-06-22	279.47999999999996	286.97499999999997	292.03	289.66999999999996
2013-06-23	279.87	287.755	292.96999999999997	290.71
2013-06-24	280.28	288.36	293.73999999999995	291.34
2013-06-25	280.7	288.88	293.84	291.59999999999997
2013-06-26	280.97999999999996	289.43999999999994	293.78	291.94
2013-06-27	281.13	289.80499999999995	293.92999999999995	292.03999999999996
2013-06-28	281.09999999999997	289.92499999999995	294.0	292.07
2013-06-29	281.01	289.99	294.27	292.42999999999995
2013-06-30	280.92999999999995	289.92499999999995	294.46	292.84999999999997
2013-07-01	280.98999999999995	289.89	294.48999999999995	293.09
2013-07-02	281.34999999999997	290.015	294.28999999999996	293.06
2013-07-03	281.96	290.365	294.29999999999995	293.21
2013-07-04	282.56	290.775	294.69	293.71
2013-07-05	282.98999999999995	291.23499999999996	295.21	294.12
2013-07-06	283.33	291.59999999999997	295.64	294.56
2013-07-07	283.64	292.02	295.78999999999996	295.07
2013-07-08	284.4	292.4	295.78	295.39
2013-07-09	284.38	292.53999999999996	296.01	295.52
2013-07-10	283.4	292.42999999999995	295.98999999999995	295.44
2013-07-11	283.23999999999995	292.465	295.83	295.28
2013-07-12	283.59	292.91999999999996	295.9	295.62
2013-07-13	284.03	293.54999999999995	296.32	296.09
2013-07-14	284.64	294.39	296.95	296.71
2013-07-15	285.48999999999995	295.23	297.78999999999996	297.33
2013-07-16	285.95	295.82499999999993	298.60999999999996	297.76
2013-07-17	285.84999999999997	296.03499999999997	299.13	297.92999999999995
2013-07-18	285.34	295.89	299.33	297.89
2013-07-19	284.72999999999996	295.40999999999997	299.27	297.67999999999995
2013-07-20	284.4	294.85499999999996	298.89	297.0
2013-07-21	284.63	294.43999999999994	298.25	296.15999999999997
2013-07-22	284.65999999999997	294.15	297.84	295.78
2013-07-23	284.26	293.705	297.5	295.53999999999996
2013-07-24	284.17999999999995	293.15	297.2	295.13
2013-07-25	284.25	292.905	297.03	295.0
2013-07-26	284.19	292.78499999999997	296.95	295.01
2013-07-27	284.02	292.58	296.77	294.96999999999997
2013-07-28	283.82	292.31499999999994	296.33	294.77
2013-07-29	283.78999999999996	292.03999999999996	295.79999999999995	294.48999999999995
2013-07-30	284.10999999999996	291.955	295.57	294.22999999999996
2013-07-31	284.48999999999995	292.0	295.59999999999997	294.21999999999997
2013-08-01	284.69	292.03	295.47999999999996	294.33
2013-08-02	284.87	292.04499999999996	295.41999999999996	294.37
2013-08-03	285.07	292.0	295.37	294.21999999999997
2013-08-04	285.26	291.98	295.27	294.03999999999996
2013-08-05	285.51	292.0	295.13	294.02
2013-08-06	285.79999999999995	292.125	295.19	294.2
2013-08-07	286.06	292.24	295.26	294.34
2013-08-08	286.14	292.31999999999994	295.35999999999996	294.4
2013-08-09	286.16999999999996	292.385	295.48999999999995	294.46999999999997
2013-08-10	286.26	292.36	295.53999999999996	294.46999999999997
2013-08-11	286.45	292.375	295.59999999999997	294.46
2013-08-12	286.52	292.355	295.53999999999996	294.31
2013-08-13	286.58	292.17999999999995	295.25	293.95
2013-08-14	286.71	291.94999999999993	295.03	293.56
2013-08-15	286.96	291.95	294.95	293.38
2013-08-16	287.39	292.16999999999996	295.07	293.42999999999995
2013-08-17	287.72999999999996	292.47499999999997	295.22999999999996	293.72999999999996
2013-08-18	288.09	292.72499999999997	295.57	294.12
2013-08-19	288.71999999999997	292.91499999999996	295.84999999999997	294.38
2013-08-20	289.32	293.09	296.0	294.52
2013-08-21	289.31	293.255	296.21	294.66999999999996
2013-08-22	289.16999999999996	293.265	296.21	294.67999999999995
2013-08-23	289.29999999999995	293.26	296.06	294.62
2013-08-24	289.52	293.4	296.06	294.71
2013-08-25	289.88	293.55499999999995	296.09	294.82
2013-08-26	290.4	293.81999999999994	296.17999999999995	294.91999999999996
2013-08-27	290.81	294.155	296.35999999999996	295.12
2013-08-28	291.10999999999996	294.5	296.64	295.48999999999995
2013-08-29	291.08	294.81499999999994	296.94	295.71
2013-08-30	290.60999999999996	294.65	297.13	295.71999999999997
2013-08-31	290.17999999999995	294.23999999999995	296.96999999999997	295.53
2013-09-01	289.53	293.99	296.67999999999995	295.37
2013-09-02	288.88	293.635	296.47999999999996	295.13
2013-09-03	288.64	293.22499999999997	296.17999999999995	294.78999999999996
2013-09-04	288.51	292.97499999999997	296.04999999999995	294.64
2013-09-05	288.44	292.78999999999996	295.94	294.47999999999996
2013-09-06	288.5	292.64	295.78999999999996	294.34999999999997
2013-09-07	288.5	292.615	295.76	294.28
2013-09-08	288.35999999999996	292.55499999999995	295.75	294.10999999999996
2013-09-09	288.26	292.835	295.9	294.17999999999995
2013-09-10	288.17999999999995	293.27	296.22999999999996	294.65
2013-09-11	288.15	293.02	296.19	294.58
2013-09-12	287.98999999999995	292.505	295.78999999999996	293.89
2013-09-13	287.84	291.99	295.26	293.25
2013-09-14	287.72999999999996	291.635	294.83	292.84
2013-09-15	287.5	291.41499999999996	294.47999999999996	292.54999999999995
2013-09-16	287.34	291.085	294.04999999999995	292.2
2013-09-17	287.26	290.92499999999995	293.85999999999996	292.06
2013-09-18	287.2	290.92499999999995	293.66999999999996	292.03999999999996
2013-09-19	287.09999999999997	290.895	293.53999999999996	292.04999999999995
2013-09-20	286.90999999999997	290.75	293.46	292.01
2013-09-21	286.72999999999996	290.515	293.21999999999997	291.79999999999995
2013-09-22	286.63	290.33	292.96999999999997	291.46999999999997
2013-09-23	286.62	290.255	292.75	291.25
2013-09-24	286.7	290.26	292.69	291.16999999999996
2013-09-25	286.83	290.35	292.65999999999997	291.15999999999997
2013-09-26	286.90999999999997	290.455	292.59999999999997	291.14
2013-09-27	286.9	290.505	292.56	291.13
2013-09-28	286.71	290.42999999999995	292.58	291.15
2013-09-29	286.53999999999996	290.325	292.59999999999997	291.13
2013-09-30	286.51	290.28	292.63	291.21999999999997
2013-10-01	286.5	290.32	292.71	291.40999999999997
2013-10-02	286.46	290.35999999999996	292.83	291.47999999999996
2013-10-03	286.41999999999996	290.34	292.81	291.46
2013-10-04	286.22999999999996	290.21999999999997	292.67999999999995	291.28
2013-10-05	285.89	290.0	292.48999999999995	290.96999999999997
2013-10-06	285.5	289.75	292.32	290.69
2013-10-07	285.2	289.54499999999996	292.2	290.47999999999996
2013-10-08	285.16999999999996	289.485	292.2	290.39
2013-10-09	285.21	289.4599999999999	292.12	290.39
2013-10-10	285.19	289.43999999999994	291.96999999999997	290.35999999999996
2013-10-11	285.17999999999995	289.385	291.84	290.32
2013-10-12	285.03999999999996	289.31499999999994	291.81	290.32
2013-10-13	284.88	289.16999999999996	291.72999999999996	290.21999999999997
2013-10-14	284.77	289.03999999999996	291.59999999999997	290.06
2013-10-15	284.63	288.91999999999996	291.46	289.92999999999995
2013-10-16	284.46999999999997	288.78499999999997	291.38	289.83
2013-10-17	284.38	288.57499999999993	291.27	289.66999999999996
2013-10-18	284.28	288.30999999999995	291.09	289.41999999999996
2013-10-19	284.12	288.03999999999996	290.82	289.13
2013-10-20	284.02	287.77	290.35999999999996	288.71
2013-10-21	283.88	287.42999999999995	289.91999999999996	288.17999999999995
2013-10-22	283.64	287.02	289.35999999999996	287.35999999999996
2013-10-23	283.32	286.52	288.7	286.51
2013-10-24	282.78	285.955	288.07	286.02
2013-10-25	282.40999999999997	285.35499999999996	287.26	285.48999999999995
2013-10-26	282.10999999999996	284.975	286.79999999999995	285.03
2013-10-27	281.63	284.59999999999997	286.46999999999997	284.47999999999996
2013-10-28	281.34	284.34499999999997	286.33	284.19
2013-10-29	281.17999999999995	284.15	286.21	284.06
2013-10-30	280.97999999999996	284.005	286.19	284.01
2013-10-31	280.95	283.88	286.14	283.95
2013-11-01	280.90999999999997	283.69499999999994	285.96999999999997	283.84999999999997
2013-11-02	280.84999999999997	283.54499999999996	285.75	283.69
2013-11-03	280.77	283.41999999999996	285.57	283.53999999999996
2013-11-04	280.57	283.18999999999994	285.47999999999996	283.53
2013-11-05	280.41999999999996	283.0	285.34999999999997	283.63
2013-11-06	280.15999999999997	282.745	285.14	283.54999999999995
2013-11-07	280.03999999999996	282.54499999999996	284.84999999999997	283.29999999999995
2013-11-08	279.9	282.335	284.53	283.03999999999996
2013-11-09	279.76	282.0799999999999	284.16999999999996	282.75
2013-11-10	279.58	281.775	283.78999999999996	282.35999999999996
2013-11-11	279.42999999999995	281.53499999999997	283.46999999999997	282.02
2013-11-12	279.29999999999995	281.34499999999997	283.14	281.79999999999995
2013-11-13	279.23999999999995	281.245	282.9	281.65999999999997
2013-11-14	279.23999999999995	281.155	282.76	281.52
2013-11-15	279.26	281.09999999999997	282.65	281.46
2013-11-16	279.26	281.06999999999994	282.47999999999996	281.41999999999996
2013-11-17	279.22999999999996	280.985	282.45	281.35999999999996
2013-11-18	279.15	280.80499999999995	282.29999999999995	281.19
2013-11-19	279.06	280.59499999999997	282.06	280.94
2013-11-20	278.97999999999996	280.51	281.90999999999997	280.79999999999995
2013-11-21	278.89	280.475	281.83	280.76
2013-11-22	278.82	280.41999999999996	281.65	280.66999999999996
2013-11-23	278.75	280.31999999999994	281.4	280.51
2013-11-24	278.67999999999995	280.115	281.06	280.32
2013-11-25	278.60999999999996	279.93499999999995	280.67999999999995	280.01
2013-11-26	278.21999999999997	279.53	280.28999999999996	279.83
2013-11-27	278.01	279.375	279.9	279.59999999999997
2013-11-28	277.52	278.745	279.21	279.06
2013-11-29	277.34	278.66499999999996	279.04999999999995	279.03999999999996
2013-11-30	277.26	278.515	278.94	278.96
2013-12-01	277.19	278.53499999999997	278.77	278.94
2013-12-02	277.51	278.73	278.84	279.28
2013-12-03	277.63	278.71	278.76	279.27
2013-12-04	277.64	278.65	278.65	279.25
2013-12-05	277.56	278.55999999999995	278.57	279.19
2013-12-06	277.57	278.43499999999995	278.48999999999995	279.13
2013-12-07	277.52	278.29999999999995	278.33	279.0
2013-12-08	277.44	278.2	278.12	278.84999999999997
2013-12-09	277.09999999999997	277.945	277.91999999999996	278.58
2013-12-10	276.83	277.67499999999995	277.71	278.34
2013-12-11	276.57	277.41499999999996	277.46	278.19
2013-12-12	276.44	277.28999999999996	277.07	277.58
2013-12-13	276.28	277.09	276.59	277.77
2013-12-14	276.19	276.95	276.25	277.75
2013-12-15	276.10999999999996	276.80999999999995	276.07	277.5
2013-12-16	276.04999999999995	276.62	275.67999999999995	277.2
2013-12-17	275.9	276.49	275.41999999999996	276.92999999999995
2013-12-18	275.91999999999996	276.385	275.25	276.96
2013-12-19	275.87	276.41999999999996	275.46	277.38
2013-12-20	275.79999999999995	276.375	275.40999999999997	277.38
2013-12-21	275.76	276.31999999999994	275.37	277.28
2013-12-22	275.69	276.275	275.44	277.19
2013-12-23	275.69	276.255	275.42999999999995	277.21999999999997
2013-12-24	275.66999999999996	276.21	275.4	277.22999999999996
2013-12-25	275.57	276.03999999999996	275.32	277.12
2013-12-26	275.51	276.03	275.32	277.03
2013-12-27	275.51	275.98	275.28	276.95
2013-12-28	275.45	276.06999999999994	275.37	277.04999999999995
2013-12-29	275.4	276.06999999999994	275.35999999999996	277.04999999999995
2013-12-30	275.37	276.06999999999994	275.28999999999996	276.87
2013-12-31	274.94	275.90999999999997	275.21999999999997	276.71
2014-01-01	274.75	275.80999999999995	274.96	276.53999999999996
2014-01-01	274.75	276.29999999999995	274.96	276.53999999999996
2014-01-01	274.75	275.32	274.96	276.53999999999996
2014-01-02	274.56	275.64	274.53	276.39
2014-01-03	274.41999999999996	275.44499999999994	273.90999999999997	276.09
2014-01-04	274.52	275.47999999999996	273.78999999999996	276.2
2014-01-05	274.51	275.525	274.08	275.88
2014-01-06	274.44	275.4	274.0	276.28
2014-01-07	274.32	275.18499999999995	273.62	275.91999999999996
2014-01-08	274.25	274.85	273.46999999999997	275.66999999999996
2014-01-09	274.2	274.78	273.39	275.78999999999996
2014-01-10	274.10999999999996	274.74	273.39	275.65999999999997
2014-01-11	274.09	274.76	273.38	275.65
2014-01-12	274.10999999999996	274.875	273.39	276.10999999999996
2014-01-13	274.28999999999996	274.965	273.5	276.16999999999996
2014-01-14	274.33	275.05999999999995	273.52	276.09
2014-01-15	274.25	275.04499999999996	273.52	275.91999999999996
2014-01-16	274.21	275.06499999999994	273.51	275.84999999999997
2014-01-17	274.21	275.03999999999996	273.46	275.83
2014-01-18	274.15	274.935	273.45	275.82
2014-01-19	274.13	274.85	273.34999999999997	275.72999999999996
2014-01-20	274.09	274.77	273.34999999999997	275.7
2014-01-21	273.97999999999996	274.48	273.34999999999997	275.37
2014-01-22	273.84	274.33	273.34999999999997	275.12
2014-01-23	273.71	274.16999999999996	273.34999999999997	274.78
2014-01-24	273.65999999999997	274.05499999999995	273.34999999999997	274.71
2014-01-25	273.78	274.18499999999995	273.34999999999997	274.85999999999996
2014-01-26	273.82	274.28	273.34999999999997	274.90999999999997
2014-01-27	273.78	274.28499999999997	273.34999999999997	274.95
2014-01-28	273.60999999999996	274.03999999999996	273.34999999999997	274.78
2014-01-29	273.53	273.91999999999996	273.34999999999997	274.71999999999997
2014-01-30	273.51	273.865	273.34999999999997	274.75
2014-01-31	273.53999999999996	273.935	273.34999999999997	274.84
2014-02-01	273.46	273.955	273.34999999999997	274.83
2014-02-02	273.34999999999997	273.90999999999997	273.34999999999997	274.96999999999997
2014-02-03	273.4	273.825	273.34999999999997	274.76
2014-02-04	273.34999999999997	273.66499999999996	273.34999999999997	274.64
2014-02-05	273.34999999999997	273.66499999999996	273.34999999999997	274.57
2014-02-06	273.34999999999997	273.65	273.34999999999997	274.34
2014-02-07	273.34999999999997	273.515	273.34999999999997	274.10999999999996
2014-02-08	273.34999999999997	273.525	273.34999999999997	274.04999999999995
2014-02-09	273.34999999999997	273.47499999999997	273.34999999999997	274.33
2014-02-10	273.35999999999996	273.49	273.34999999999997	274.14
2014-02-11	273.34999999999997	273.41999999999996	273.34999999999997	274.09999999999997
2014-02-12	273.34999999999997	273.4	273.34999999999997	273.98999999999995
2014-02-13	273.34999999999997	273.4	273.34999999999997	274.02
2014-02-14	273.37	273.43499999999995	273.34999999999997	274.09
2014-02-15	273.34999999999997	273.34999999999997	273.34999999999997	274.08
2014-02-16	273.34999999999997	273.34999999999997	273.34999999999997	274.04999999999995
2014-02-17	273.34999999999997	273.47499999999997	273.34999999999997	274.02
2014-02-18	273.34999999999997	273.42999999999995	273.34999999999997	274.15
2014-02-19	273.34999999999997	273.505	273.34999999999997	274.33
2014-02-20	273.34999999999997	273.51	273.34999999999997	274.39
2014-02-21	273.37	273.54499999999996	273.39	274.44
2014-02-22	273.37	273.57	273.38	274.5
2014-02-23	273.34999999999997	273.59499999999997	273.34999999999997	274.53999999999996
2014-02-24	273.34999999999997	273.61	273.4	274.52
2014-02-25	273.34999999999997	273.53499999999997	273.34999999999997	274.46999999999997
2014-02-26	273.34999999999997	273.52	273.34999999999997	274.35999999999996
2014-02-27	273.34999999999997	273.495	273.34999999999997	274.25
2014-02-28	273.34999999999997	273.39	273.34999999999997	274.19
2014-03-01	273.34999999999997	273.34999999999997	273.34999999999997	273.34999999999997
2014-03-02	273.34999999999997	273.34999999999997	273.34999999999997	273.34999999999997
2014-03-03	273.34999999999997	273.375	273.34999999999997	273.91999999999996
2014-03-04	273.34999999999997	273.35499999999996	273.34999999999997	273.84
2014-03-05	273.34999999999997	273.36	273.34999999999997	273.81
2014-03-06	273.35999999999996	273.35499999999996	273.34999999999997	273.67999999999995
2014-03-07	273.34999999999997	273.34999999999997	273.34999999999997	273.71
2014-03-08	273.34999999999997	273.34999999999997	273.34999999999997	273.78
2014-03-09	273.34999999999997	273.34999999999997	273.34999999999997	273.77
2014-03-10	273.34999999999997	273.4	273.34999999999997	273.94
2014-03-11	273.35999999999996	273.395	273.37	274.01
2014-03-12	273.34999999999997	273.39	273.34999999999997	273.97999999999996
2014-03-13	273.35999999999996	273.38	273.34999999999997	273.92999999999995
2014-03-14	273.34999999999997	273.46	273.34999999999997	273.94
2014-03-15	273.34999999999997	273.34999999999997	273.34999999999997	273.9
2014-03-16	273.34999999999997	273.465	273.34999999999997	274.01
2014-03-17	273.34999999999997	273.40999999999997	273.34999999999997	274.0
2014-03-18	273.34999999999997	273.42999999999995	273.34999999999997	273.96
2014-03-19	273.34999999999997	273.42999999999995	273.34999999999997	273.96
2014-03-20	273.34999999999997	273.44499999999994	273.34999999999997	274.03
2014-03-21	273.34999999999997	273.34999999999997	273.34999999999997	274.02
2014-03-22	273.34999999999997	273.34999999999997	273.34999999999997	274.04999999999995
2014-03-23	273.34999999999997	273.34999999999997	273.34999999999997	274.04999999999995
2014-03-24	273.34999999999997	273.44	273.44	274.09999999999997
2014-03-25	273.34999999999997	273.46	273.41999999999996	274.06
2014-03-26	273.34999999999997	273.485	273.47999999999996	274.09999999999997
2014-03-27	273.35999999999996	273.515	273.46999999999997	274.15
2014-03-28	273.34999999999997	273.55499999999995	273.41999999999996	274.28
2014-03-29	273.34999999999997	273.59999999999997	273.34999999999997	274.39
2014-03-30	273.34999999999997	273.59999999999997	273.34999999999997	274.46999999999997
2014-03-31	273.37	273.66499999999996	273.94	274.48999999999995
2014-04-01	273.37	273.66999999999996	273.92999999999995	274.46999999999997
2014-04-02	273.38	273.7049999999999	273.97999999999996	274.46999999999997
2014-04-03	273.37	273.66999999999996	273.96	274.46999999999997
2014-04-04	273.34999999999997	273.765	274.10999999999996	274.52
2014-04-05	273.34999999999997	273.78999999999996	274.09999999999997	274.51
2014-04-06	273.34999999999997	273.72499999999997	274.15	274.60999999999996
2014-04-07	273.39	273.91499999999996	274.42999999999995	274.71
2014-04-08	273.38	273.95	274.47999999999996	274.7
2014-04-09	273.38	274.015	274.62	274.79999999999995
2014-04-10	273.41999999999996	274.12	274.79999999999995	274.87
2014-04-11	273.34999999999997	274.115	275.0	275.03
2014-04-12	273.34999999999997	274.15999999999997	275.17999999999995	275.21999999999997
2014-04-13	273.34999999999997	274.145	275.45	275.22999999999996
2014-04-14	273.5	274.14	275.60999999999996	275.14
2014-04-15	273.53	274.11499999999995	275.59999999999997	275.03
2014-04-16	273.53999999999996	274.16999999999996	275.83	274.96
2014-04-17	273.47999999999996	274.24	276.03	275.04999999999995
2014-04-18	273.34999999999997	274.28999999999996	276.19	275.16999999999996
2014-04-19	273.41999999999996	274.37	276.27	275.28
2014-04-20	273.42999999999995	274.445	276.5	275.29999999999995
2014-04-21	273.34999999999997	274.495	276.60999999999996	275.34999999999997
2014-04-22	273.58	274.59499999999997	276.81	275.47999999999996
2014-04-23	273.54999999999995	274.68499999999995	277.03	275.5
2014-04-24	273.56	274.71	277.22999999999996	275.58
2014-04-25	273.52	274.73999999999995	277.38	275.64
2014-04-26	273.46	274.67999999999995	277.5	275.66999999999996
2014-04-27	273.5	274.745	277.53999999999996	275.75
2014-04-28	273.53	274.895	277.62	275.76
2014-04-29	273.51	274.98	277.67999999999995	275.84999999999997
2014-04-30	273.75	275.015	277.87	275.97999999999996
2014-05-01	273.84999999999997	275.26	278.22999999999996	276.09999999999997
2014-05-02	273.89	275.33	278.46999999999997	276.17999999999995
2014-05-03	273.78	275.34	278.72999999999996	276.25
2014-05-04	273.73999999999995	275.34999999999997	278.92999999999995	276.31
2014-05-05	273.97999999999996	275.48499999999996	279.04999999999995	276.45
2014-05-06	274.03	275.575	279.27	276.60999999999996
2014-05-07	274.08	275.69499999999994	279.64	276.72999999999996
2014-05-08	274.14	275.94499999999994	280.32	276.96
2014-05-09	274.21	276.13	280.85999999999996	277.31
2014-05-10	274.16999999999996	276.235	281.22999999999996	277.59
2014-05-11	274.21	276.355	281.51	277.73999999999995
2014-05-12	274.45	276.54499999999996	282.35999999999996	278.06
2014-05-13	274.38	276.69499999999994	283.4	278.41999999999996
2014-05-14	274.60999999999996	276.82499999999993	283.28999999999996	278.78999999999996
2014-05-15	274.65	276.865	282.78999999999996	278.72999999999996
2014-05-16	274.76	276.90999999999997	282.53999999999996	278.2
2014-05-17	274.88	277.01	282.52	277.95
2014-05-18	275.01	277.17999999999995	282.63	278.03
2014-05-19	275.28	277.47999999999996	282.92999999999995	278.14
2014-05-20	275.46	277.92499999999995	283.42999999999995	278.38
2014-05-21	275.71	278.335	284.15	278.82
2014-05-22	275.71	278.35	284.35999999999996	279.02
2014-05-23	275.83	278.34499999999997	284.5	279.26
2014-05-24	276.02	278.5	284.95	279.48999999999995
2014-05-25	276.28	278.82499999999993	285.66999999999996	279.63
2014-05-26	276.37	279.10499999999996	286.23999999999995	279.96
2014-05-27	276.31	279.40999999999997	286.65999999999997	280.46
2014-05-28	276.25	279.71	287.13	280.77
2014-05-29	276.59	280.125	287.52	281.06
2014-05-30	276.88	280.59	287.91999999999996	281.26
2014-05-31	276.89	280.89	288.28	281.66999999999996
2014-06-01	276.84999999999997	280.96	288.60999999999996	282.09999999999997
2014-06-02	276.77	280.825	289.01	282.57
2014-06-03	276.66999999999996	280.62	289.33	282.88
2014-06-04	276.54999999999995	280.51	289.35999999999996	282.58
2014-06-05	276.81	280.585	289.37	282.21999999999997
2014-06-06	277.07	280.9	289.54999999999995	282.23999999999995
2014-06-07	277.01	281.215	289.96	282.7
2014-06-08	276.75	281.19	290.07	282.84999999999997
2014-06-09	276.76	281.18499999999995	290.16999999999996	282.94
2014-06-10	276.92999999999995	281.17999999999995	290.28999999999996	283.02
2014-06-11	277.12	281.18499999999995	290.27	283.06
2014-06-12	277.13	281.215	290.26	283.09999999999997
2014-06-13	277.34	281.855	291.06	284.71
2014-06-14	277.67999999999995	282.09	291.09	284.64
2014-06-15	278.31	282.53499999999997	291.2	284.63
2014-06-16	278.73999999999995	283.11	291.78	285.12
2014-06-17	278.9	283.43999999999994	292.21	286.0
2014-06-18	278.63	283.55499999999995	292.33	286.77
2014-06-19	278.35999999999996	283.76	292.46	286.95
2014-06-20	278.5	284.23999999999995	292.76	287.51
2014-06-21	278.85999999999996	284.65999999999997	293.10999999999996	288.14
2014-06-22	279.13	285.135	293.4	288.72999999999996
2014-06-23	279.26	285.56999999999994	293.63	289.32
2014-06-24	279.22999999999996	286.10999999999996	293.97999999999996	290.08
2014-06-25	279.06	286.43499999999995	294.37	290.88
2014-06-26	279.14	286.63	294.65	291.41999999999996
2014-06-27	279.63	287.095	295.02	291.83
2014-06-28	280.25	287.54999999999995	295.52	292.10999999999996
2014-06-29	280.26	287.625	295.77	292.27
2014-06-30	279.90999999999997	287.4549999999999	295.84999999999997	292.34999999999997
2014-07-01	279.57	287.15999999999997	295.84999999999997	292.4
2014-07-02	279.14	287.06	295.72999999999996	292.46
2014-07-03	279.03	287.03	295.48999999999995	292.2
2014-07-04	279.17999999999995	287.135	295.28	291.64
2014-07-05	279.40999999999997	287.34	295.16999999999996	291.35999999999996
2014-07-06	279.57	287.58	295.12	291.28999999999996
2014-07-07	279.65999999999997	287.87	295.04999999999995	291.2
2014-07-08	279.63	287.89	294.84	290.89
2014-07-09	279.53	287.885	294.77	290.53
2014-07-10	279.71	288.155	294.94	290.65999999999997
2014-07-11	279.79999999999995	288.44	295.19	291.13
2014-07-12	279.78	288.705	295.47999999999996	291.64
2014-07-13	279.7	288.89	295.58	291.65
2014-07-14	279.83	289.0	295.53	291.35999999999996
2014-07-15	280.09999999999997	289.085	295.33	291.17999999999995
2014-07-16	280.37	289.13	295.15999999999997	291.06
2014-07-17	280.7	289.315	295.15	291.25
2014-07-18	281.03	289.63	295.2	291.64
2014-07-19	281.28	290.05499999999995	295.53999999999996	292.23999999999995
2014-07-20	281.60999999999996	290.465	295.89	293.02
2014-07-21	281.91999999999996	290.75	296.28999999999996	293.65999999999997
2014-07-22	281.71	290.66999999999996	296.59	294.14
2014-07-23	281.54999999999995	290.18499999999995	296.37	293.82
2014-07-24	281.71	289.945	295.65	293.06
2014-07-25	281.90999999999997	289.93999999999994	295.4	292.79999999999995
2014-07-26	282.03	289.92999999999995	295.45	292.84
2014-07-27	282.08	289.86	295.47999999999996	292.94
2014-07-28	282.15999999999997	289.56999999999994	295.31	292.73999999999995
2014-07-29	282.4	289.53499999999997	295.07	292.48999999999995
2014-07-30	282.79999999999995	289.80999999999995	294.96999999999997	292.51
2014-07-31	283.2	290.24	294.95	292.66999999999996
2014-08-01	283.72999999999996	290.71	295.03999999999996	292.97999999999996
2014-08-02	284.39	291.22499999999997	295.31	293.33
2014-08-03	284.96999999999997	291.64	295.56	293.59999999999997
2014-08-04	285.29999999999995	291.85499999999996	295.67999999999995	293.77
2014-08-05	285.65	292.02	295.64	293.81
2014-08-06	286.03	292.125	295.54999999999995	293.83
2014-08-07	286.63	292.245	295.48999999999995	293.78999999999996
2014-08-08	287.28	292.5	295.52	293.87
2014-08-09	287.72999999999996	292.66499999999996	295.57	294.2
2014-08-10	287.81	292.625	295.57	294.52
2014-08-11	287.21	292.25	295.46999999999997	294.51
2014-08-12	286.15999999999997	291.56999999999994	295.28	294.16999999999996
2014-08-13	285.51	290.96999999999997	295.10999999999996	293.67999999999995
2014-08-14	285.34999999999997	290.65	294.87	293.21999999999997
2014-08-15	285.46	290.485	294.64	292.71999999999997
2014-08-16	285.59999999999997	290.44999999999993	294.56	292.23999999999995
2014-08-17	285.69	290.48499999999996	294.58	291.89
2014-08-18	285.82	290.66499999999996	294.64	291.66999999999996
2014-08-19	286.03999999999996	290.92999999999995	294.75	291.7
2014-08-20	286.28	291.235	295.02	292.07
2014-08-21	286.54999999999995	291.54999999999995	295.28	292.56
2014-08-22	286.9	291.86	295.53	292.83
2014-08-23	287.13	292.105	295.64	292.92999999999995
2014-08-24	287.10999999999996	292.245	295.7	293.07
2014-08-25	286.83	292.28999999999996	295.91999999999996	293.42999999999995
2014-08-26	286.42999999999995	292.17999999999995	296.07	293.67999999999995
2014-08-27	286.35999999999996	292.02	295.96999999999997	293.59999999999997
2014-08-28	286.48999999999995	291.92499999999995	295.81	293.29999999999995
2014-08-29	286.60999999999996	291.965	295.79999999999995	293.17999999999995
2014-08-30	286.72999999999996	292.05499999999995	295.84999999999997	293.33
2014-08-31	286.83	292.14	295.88	293.54999999999995
2014-09-01	286.85999999999996	292.205	295.90999999999997	293.75
2014-09-02	286.84	292.29999999999995	296.07	293.83
2014-09-03	286.89	292.375	296.23999999999995	293.90999999999997
2014-09-04	286.83	292.365	296.35999999999996	294.06
2014-09-05	286.62	292.235	296.46	294.03999999999996
2014-09-06	286.5	292.1	296.27	293.78999999999996
2014-09-07	286.57	292.09499999999997	296.15999999999997	293.65
2014-09-08	286.67999999999995	292.09999999999997	296.13	293.62
2014-09-09	286.72999999999996	292.08	296.03	293.51
2014-09-10	286.27	291.89	295.82	293.27
2014-09-11	285.06	291.395	295.46999999999997	292.71999999999997
2014-09-12	284.15999999999997	290.705	294.91999999999996	292.03
2014-09-13	283.56	289.98499999999996	294.31	291.54999999999995
2014-09-14	283.10999999999996	289.495	293.78999999999996	291.15999999999997
2014-09-15	282.87	289.245	293.56	291.07
2014-09-16	282.78999999999996	289.14	293.40999999999997	290.96999999999997
2014-09-17	282.71	289.09	293.27	290.90999999999997
2014-09-18	282.62	288.955	293.09	290.73999999999995
2014-09-19	282.71999999999997	288.84999999999997	292.97999999999996	290.51
2014-09-20	282.81	288.815	292.84999999999997	290.37
2014-09-21	282.78999999999996	288.765	292.77	290.34
2014-09-22	282.84	288.66999999999996	292.75	290.39
2014-09-23	283.42999999999995	288.3349999999999	292.15999999999997	289.66999999999996
2014-09-24	283.79999999999995	288.54499999999996	292.16999999999996	289.72999999999996
2014-09-25	284.35999999999996	288.965	292.29999999999995	290.01
2014-09-26	284.87	289.335	292.47999999999996	290.33
2014-09-27	285.08	289.59999999999997	292.65	290.66999999999996
2014-09-28	285.07	289.745	292.79999999999995	290.96999999999997
2014-09-29	284.52	289.735	292.97999999999996	291.25
2014-09-30	283.71	289.54499999999996	292.83	291.09999999999997
2014-10-01	283.52	289.185	292.46999999999997	290.65
2014-10-02	283.47999999999996	288.775	292.28	290.42999999999995
2014-10-03	283.28999999999996	288.335	292.17999999999995	290.29999999999995
2014-10-04	282.94	287.81999999999994	291.83	290.07
2014-10-05	282.5	287.28999999999996	291.15999999999997	289.67999999999995
2014-10-06	282.16999999999996	286.84	290.44	289.13
2014-10-07	281.9	286.575	289.96999999999997	288.52
2014-10-08	281.62	286.35499999999996	289.63	287.87
2014-10-09	281.41999999999996	286.08	289.4	287.22999999999996
2014-10-10	281.37	285.97499999999997	289.19	286.72999999999996
2014-10-11	281.41999999999996	285.965	289.06	286.59
2014-10-12	281.52	285.985	288.97999999999996	286.60999999999996
2014-10-13	281.58	285.975	288.92999999999995	286.63
2014-10-14	281.64	285.91499999999996	288.88	286.66999999999996
2014-10-15	281.66999999999996	285.81499999999994	288.81	286.69
2014-10-16	281.60999999999996	285.625	288.7	286.73999999999995
2014-10-17	281.46	285.395	288.47999999999996	286.7
2014-10-18	281.27	285.17499999999995	288.17999999999995	286.5
2014-10-19	281.2	284.98499999999996	287.89	286.28
2014-10-20	281.23999999999995	284.865	287.64	286.08
2014-10-21	281.28	284.79999999999995	287.51	285.91999999999996
2014-10-22	281.29999999999995	284.745	287.44	285.78999999999996
2014-10-23	281.22999999999996	284.715	287.41999999999996	285.76
2014-10-24	281.08	284.7049999999999	287.37	285.79999999999995
2014-10-25	280.96999999999997	284.67999999999995	287.28999999999996	285.71999999999997
2014-10-26	280.90999999999997	284.585	287.21999999999997	285.48999999999995
2014-10-27	280.88	284.485	287.14	285.15999999999997
2014-10-28	280.84999999999997	284.375	287.08	285.06
2014-10-29	280.78999999999996	284.195	286.91999999999996	284.89
2014-10-30	280.63	283.895	286.72999999999996	284.62
2014-10-31	280.35999999999996	283.44	286.5	284.28
2014-11-01	280.15999999999997	282.905	286.13	283.89
2014-11-02	280.09	282.635	285.73999999999995	283.67999999999995
2014-11-03	280.09	282.645	285.46	283.59
2014-11-04	280.04999999999995	282.74	285.13	283.38
2014-11-05	279.84999999999997	282.69	284.79999999999995	283.15999999999997
2014-11-06	279.66999999999996	282.5	284.51	282.98999999999995
2014-11-07	279.53	282.32	284.23999999999995	282.84999999999997
2014-11-08	279.4	282.025	284.13	282.78
2014-11-09	279.26	281.89	284.09999999999997	282.77
2014-11-10	279.17999999999995	281.76	284.12	282.78
2014-11-11	279.07	281.615	284.15999999999997	282.77
2014-11-12	278.91999999999996	281.42499999999995	284.08	282.59
2014-11-13	278.65999999999997	281.17499999999995	283.83	282.16999999999996
2014-11-14	278.59999999999997	281.025	283.57	281.83
2014-11-15	278.53999999999996	280.69499999999994	283.33	281.53
2014-11-16	278.48999999999995	280.30499999999995	283.04999999999995	281.25
2014-11-17	278.44	280.085	282.62	280.88
2014-11-18	278.37	279.87	282.0	280.46
2014-11-19	278.26	279.695	281.34	280.10999999999996
2014-11-20	277.58	279.03	280.65	279.84
2014-11-21	277.96999999999997	279.25	280.09999999999997	279.71
2014-11-22	278.03999999999996	279.17499999999995	279.60999999999996	279.7
2014-11-23	278.03	279.065	279.69	279.91999999999996
2014-11-24	277.95	278.93499999999995	279.63	280.09
2014-11-25	277.71999999999997	278.56	279.39	280.03
2014-11-26	277.27	278.44499999999994	279.15	279.9
2014-11-27	277.10999999999996	278.25	278.85999999999996	279.75
2014-11-28	277.06	278.18999999999994	278.58	279.52
2014-11-29	277.0	278.14	278.39	279.32
2014-11-30	276.94	278.09499999999997	278.25	279.15999999999997
2014-12-01	276.83	277.96	278.13	279.01
2014-12-02	276.78999999999996	277.85499999999996	278.03999999999996	278.90999999999997
2014-12-03	276.79999999999995	277.835	278.02	278.83
2014-12-04	276.79999999999995	277.80499999999995	277.97999999999996	278.73999999999995
2014-12-05	276.81	277.815	277.95	278.65
2014-12-06	276.79999999999995	277.78999999999996	278.0	278.71999999999997
2014-12-07	276.79999999999995	277.77	278.01	278.75
2014-12-08	276.73999999999995	277.705	277.97999999999996	278.71
2014-12-09	276.67999999999995	277.63	277.90999999999997	278.69
2014-12-10	276.56	277.55999999999995	277.81	278.64
2014-12-11	276.59	277.53999999999996	277.72999999999996	278.57
2014-12-12	276.62	277.53499999999997	277.69	278.47999999999996
2014-12-13	276.67999999999995	277.54999999999995	277.56	278.37
2014-12-14	276.66999999999996	277.53499999999997	277.46	278.31
2014-12-15	276.66999999999996	277.49	277.35999999999996	278.21999999999997
2014-12-16	276.66999999999996	277.41999999999996	277.26	278.12
2014-12-17	276.64	277.29499999999996	277.13	277.91999999999996
2014-12-18	276.60999999999996	277.23999999999995	277.03	277.71
2014-12-19	276.5	277.17999999999995	276.97999999999996	277.66999999999996
2014-12-20	276.46	277.04499999999996	276.92999999999995	277.65
2014-12-21	276.46	277.025	276.91999999999996	277.67999999999995
2014-12-22	276.46999999999997	277.03999999999996	276.94	277.72999999999996
2014-12-23	276.46	277.085	276.96999999999997	277.78
2014-12-24	276.45	277.12	277.04999999999995	277.78
2014-12-25	276.44	277.125	277.13	277.79999999999995
2014-12-26	276.41999999999996	277.12	277.17999999999995	277.79999999999995
2014-12-27	276.40999999999997	277.08	277.09	277.79999999999995
2014-12-28	276.39	277.03999999999996	276.90999999999997	277.77
2014-12-29	276.27	276.93999999999994	276.78999999999996	277.71
2014-12-30	276.16999999999996	276.835	276.67999999999995	277.64
2014-12-31	276.03999999999996	276.655	276.54999999999995	277.60999999999996
2015-01-01	275.73999999999995	276.54499999999996	276.47999999999996	277.58
2015-01-01	275.73999999999995	276.67999999999995	276.47999999999996	277.58
2015-01-01	275.73999999999995	276.40999999999997	276.47999999999996	277.58
2015-01-02	275.60999999999996	276.485	276.46	277.46999999999997
2015-01-03	275.51	276.41999999999996	276.40999999999997	277.42999999999995
2015-01-04	275.33	276.16999999999996	276.42999999999995	277.38
2015-01-05	275.21	275.94	276.15999999999997	277.19
2015-01-06	275.17999999999995	275.79499999999996	275.82	276.85999999999996
2015-01-07	275.07	275.615	275.5	276.58
2015-01-08	274.92999999999995	275.265	274.89	276.32
2015-01-09	274.9	275.23	274.53	276.21999999999997
2015-01-10	274.78	275.13	273.96999999999997	276.01
2015-01-11	274.7	275.015	273.77	275.72999999999996
2015-01-12	274.63	274.90999999999997	273.71	275.73999999999995
2015-01-13	274.62	274.88	273.45	275.65
2015-01-14	274.60999999999996	274.80999999999995	273.42999999999995	275.38
2015-01-15	274.59999999999997	274.80999999999995	273.42999999999995	275.38
2015-01-16	274.67999999999995	274.80999999999995	273.34999999999997	275.58
2015-01-17	274.64	274.835	273.34999999999997	275.46999999999997
2015-01-18	274.65	274.835	273.34999999999997	275.59
2015-01-19	274.62	274.72499999999997	273.40999999999997	275.52
2015-01-20	274.54999999999995	274.68499999999995	273.40999999999997	275.34
2015-01-21	274.52	274.62	273.39	275.19
2015-01-22	274.52	274.56499999999994	273.39	275.25
2015-01-23	274.52	274.645	273.37	275.27
2015-01-24	274.5	274.68999999999994	273.38	275.32
2015-01-25	274.46999999999997	274.59	273.46	275.28
2015-01-26	274.4	274.49	273.46999999999997	275.15999999999997
2015-01-27	274.31	274.44999999999993	273.34999999999997	275.06
2015-01-28	274.23999999999995	274.325	273.34999999999997	274.88
2015-01-29	274.22999999999996	274.365	273.34999999999997	274.91999999999996
2015-01-30	274.29999999999995	274.335	273.34999999999997	274.71
2015-01-31	273.78	273.88	273.34999999999997	273.82
2015-02-01	274.03999999999996	274.375	273.34999999999997	274.67999999999995
2015-02-02	273.97999999999996	274.29499999999996	273.34999999999997	274.46999999999997
2015-02-03	273.98999999999995	274.245	273.34999999999997	274.42999999999995
2015-02-04	273.96999999999997	274.21999999999997	273.34999999999997	274.7
2015-02-05	273.73999999999995	274.08	273.34999999999997	274.65
2015-02-06	273.84	274.13	273.34999999999997	274.59
2015-02-07	273.84	273.955	273.34999999999997	273.34999999999997
2015-02-08	273.82	273.94999999999993	273.34999999999997	273.34999999999997
2015-02-09	273.75	274.03499999999997	273.34999999999997	274.32
2015-02-10	273.75	273.98499999999996	273.34999999999997	274.39
2015-02-11	273.65999999999997	273.95	273.34999999999997	274.03999999999996
2015-02-12	273.7	273.92499999999995	273.34999999999997	273.91999999999996
2015-02-13	273.64	273.91999999999996	273.34999999999997	273.81
2015-02-14	273.63	273.90999999999997	273.34999999999997	273.78999999999996
2015-02-15	273.52	273.78499999999997	273.34999999999997	273.95
2015-02-16	273.46999999999997	273.72999999999996	273.34999999999997	273.75
2015-02-17	273.45	273.69499999999994	273.34999999999997	273.51
2015-02-18	273.40999999999997	273.63	273.34999999999997	273.47999999999996
2015-02-19	273.39	273.60499999999996	273.34999999999997	273.65999999999997
2015-02-20	273.34999999999997	273.54499999999996	273.34999999999997	273.7
2015-02-21	273.34999999999997	273.53	273.34999999999997	273.63
2015-02-22	273.34999999999997	273.52	273.34999999999997	273.48999999999995
2015-02-23	273.34999999999997	273.385	273.34999999999997	273.34999999999997
2015-02-24	273.34999999999997	273.51	273.34999999999997	273.51
2015-02-25	273.34999999999997	273.49	273.34999999999997	273.48999999999995
2015-02-26	273.34999999999997	273.51	273.34999999999997	273.47999999999996
2015-02-27	273.34999999999997	273.495	273.34999999999997	273.46999999999997
2015-02-28	273.34999999999997	273.46	273.34999999999997	273.5
2015-03-01	273.34999999999997	273.44999999999993	273.34999999999997	273.46999999999997
2015-03-02	273.34999999999997	273.47999999999996	273.34999999999997	273.52
2015-03-03	273.34999999999997	273.5	273.34999999999997	273.48999999999995
2015-03-04	273.34999999999997	273.46999999999997	273.34999999999997	273.62
2015-03-05	273.34999999999997	273.505	273.34999999999997	273.64
2015-03-06	273.34999999999997	273.49	273.34999999999997	273.65
2015-03-07	273.37	273.495	273.35999999999996	273.73999999999995
2015-03-08	273.34999999999997	273.47499999999997	273.34999999999997	273.71999999999997
2015-03-09	273.34999999999997	273.34999999999997	273.34999999999997	273.34999999999997
2015-03-10	273.44	273.73499999999996	273.4	273.91999999999996
2015-03-11	273.46	273.8299999999999	273.4	274.03
2015-03-12	273.47999999999996	273.80499999999995	273.38	274.03999999999996
2015-03-13	273.47999999999996	273.81999999999994	273.38	274.01
2015-03-14	273.48999999999995	273.86	273.39	273.98999999999995
2015-03-15	273.47999999999996	273.865	273.39	273.96999999999997
2015-03-16	273.46999999999997	273.895	273.41999999999996	273.96
2015-03-17	273.5	273.90999999999997	273.40999999999997	273.98999999999995
2015-03-18	273.51	273.91999999999996	273.45	274.03999999999996
2015-03-19	273.5	273.9	273.45	274.03999999999996
2015-03-20	273.5	273.895	273.46	274.04999999999995
2015-03-21	273.34999999999997	273.34999999999997	273.34999999999997	273.34999999999997
2015-03-22	273.34999999999997	273.34999999999997	273.34999999999997	273.34999999999997
2015-03-23	273.46	273.89	273.47999999999996	273.98999999999995
2015-03-24	273.46	273.85499999999996	273.4	273.92999999999995
2015-03-25	273.46	273.895	273.4	274.02
2015-03-26	273.46999999999997	273.93499999999995	273.4	274.06
2015-03-27	273.46999999999997	273.905	273.44	274.09999999999997
2015-03-28	273.46999999999997	273.905	273.45	274.06
2015-03-29	273.48999999999995	273.96	273.54999999999995	274.15
2015-03-30	273.52	274.135	273.64	274.23999999999995
2015-03-31	273.52	274.155	273.67999999999995	274.35999999999996
2015-04-01	273.53999999999996	274.205	273.78999999999996	274.42999999999995
2015-04-02	273.57	274.23499999999996	273.84999999999997	274.57
2015-04-03	273.57	274.22499999999997	273.88	274.63
2015-04-04	273.65999999999997	274.29499999999996	274.06	274.59999999999997
2015-04-05	273.66999999999996	274.345	274.12	274.65
2015-04-06	273.69	274.43999999999994	274.27	274.71
2015-04-07	273.72999999999996	274.515	274.39	274.79999999999995
2015-04-08	273.77	274.58	274.58	274.88
2015-04-09	273.81	274.625	274.59	275.02
2015-04-10	273.81	274.625	274.71	275.22999999999996
2015-04-11	273.77	274.69499999999994	274.96999999999997	275.07
2015-04-12	273.95	274.79999999999995	275.16999999999996	275.44
2015-04-13	274.08	274.995	275.53	275.53999999999996
2015-04-14	274.29999999999995	275.13	275.69	275.53999999999996
2015-04-15	274.38	275.22999999999996	276.03999999999996	275.53999999999996
2015-04-16	274.45	275.4	276.38	275.67999999999995
2015-04-17	274.52	275.59999999999997	276.63	276.01
2015-04-18	274.54999999999995	275.635	276.72999999999996	276.14
2015-04-19	274.53999999999996	275.59	276.64	276.06
2015-04-20	274.65999999999997	275.67999999999995	277.44	276.04999999999995
2015-04-21	274.45	275.51	277.28	275.96
2015-04-22	274.52	275.55999999999995	277.34999999999997	275.92999999999995
2015-04-23	274.52	275.605	277.39	275.95
2015-04-24	274.52	275.59	277.41999999999996	275.95
2015-04-25	274.59	275.65	277.62	275.98999999999995
2015-04-26	274.66999999999996	275.73	277.78999999999996	276.10999999999996
2015-04-27	274.78	275.88	277.97999999999996	276.34
2015-04-28	274.84999999999997	276.03	278.32	276.53999999999996
2015-04-29	274.95	276.17499999999995	278.71	276.71
2015-04-30	275.03	276.40999999999997	279.13	276.83
2015-05-01	275.16999999999996	276.625	279.51	276.98999999999995
2015-05-02	275.4	276.80499999999995	280.12	277.2
2015-05-03	275.34999999999997	276.96500000000003	280.59	277.48999999999995
2015-05-04	275.34999999999997	277.04499999999996	280.9	277.72999999999996
2015-05-05	275.47999999999996	277.23499999999996	281.46	277.94
2015-05-06	275.54999999999995	277.61499999999995	282.46999999999997	278.19
2015-05-07	275.66999999999996	278.075	283.45	278.51
2015-05-08	275.71999999999997	278.135	284.34999999999997	279.03999999999996
2015-05-09	275.64	278.05999999999995	285.01	279.35999999999996
2015-05-10	275.62	277.91499999999996	285.52	279.40999999999997
2015-05-11	275.65	277.83	286.03999999999996	279.15999999999997
2015-05-12	275.65999999999997	277.74	285.14	278.75
2015-05-13	275.72999999999996	277.685	283.62	278.41999999999996
2015-05-14	275.84999999999997	277.79999999999995	283.28	278.45
2015-05-15	276.08	278.15	283.75	278.85999999999996
2015-05-16	276.25	278.65	284.35999999999996	279.60999999999996
2015-05-17	276.46999999999997	279.03499999999997	284.85999999999996	280.21999999999997
2015-05-18	276.44	279.09999999999997	284.82	280.09
2015-05-19	276.21999999999997	278.825	284.47999999999996	279.4
2015-05-20	276.12	278.58	284.21999999999997	278.97999999999996
2015-05-21	276.2	278.575	284.02	278.85999999999996
2015-05-22	276.29999999999995	278.645	284.07	278.82
2015-05-23	276.53	278.87	284.57	278.91999999999996
2015-05-24	276.66999999999996	279.115	284.89	279.15999999999997
2015-05-25	276.67999999999995	279.405	285.28999999999996	279.46
2015-05-26	276.75	279.87	285.97999999999996	280.01
2015-05-27	276.84999999999997	280.41999999999996	286.62	280.64
2015-05-28	276.87	280.765	287.14	280.96999999999997
2015-05-29	276.79999999999995	280.68999999999994	287.41999999999996	281.25
2015-05-30	276.75	280.385	287.7	281.67999999999995
2015-05-31	276.77	280.205	287.29999999999995	281.60999999999996
2015-06-01	276.89	280.245	286.54999999999995	281.32
2015-06-02	277.0	280.405	286.19	281.31
2015-06-03	277.10999999999996	280.59	286.28999999999996	281.52
2015-06-04	277.23999999999995	280.81999999999994	286.64	281.82
2015-06-05	277.33	280.97499999999997	286.95	282.03999999999996
2015-06-06	277.39	281.03499999999997	287.12	281.92999999999995
2015-06-07	277.62	281.375	287.34999999999997	281.95
2015-06-08	278.02	281.98	287.63	282.16999999999996
2015-06-09	278.31	282.495	288.03	282.59999999999997
2015-06-10	278.46	282.87	288.40999999999997	283.07
2015-06-11	278.60999999999996	282.91999999999996	288.62	283.28
2015-06-12	278.83	283.06499999999994	288.96	283.85999999999996
2015-06-13	278.84	283.265	289.53999999999996	284.72999999999996
2015-06-14	278.76	283.47	290.15999999999997	285.56
2015-06-15	278.60999999999996	283.54999999999995	290.69	286.09
2015-06-16	278.53	283.57	291.03	286.34
2015-06-17	278.65999999999997	283.74	291.34	286.65999999999997
2015-06-18	278.78999999999996	283.94499999999994	291.58	287.22999999999996
2015-06-19	278.85999999999996	284.03499999999997	291.81	287.09999999999997
2015-06-20	278.98999999999995	284.235	292.01	286.87
2015-06-21	279.13	284.655	292.15	287.27
2015-06-22	279.2	284.92499999999995	292.23999999999995	287.60999999999996
2015-06-23	279.2	285.03	292.21	287.57
2015-06-24	279.38	285.245	292.17999999999995	287.5
2015-06-25	279.73999999999995	285.54499999999996	292.21999999999997	287.52
2015-06-26	280.03999999999996	285.75	292.15	287.81
2015-06-27	280.28999999999996	285.86	292.15	287.90999999999997
2015-06-28	280.31	285.79499999999996	292.16999999999996	287.85999999999996
2015-06-29	280.48999999999995	287.225	291.67999999999995	287.46
2015-06-30	280.21	287.29499999999996	291.95	287.94
2015-07-01	280.10999999999996	287.22	292.06	288.21999999999997
2015-07-02	280.37	287.255	292.14	288.35999999999996
2015-07-03	280.78	287.645	292.39	288.83
2015-07-04	281.12	288.215	292.85999999999996	289.53999999999996
2015-07-05	281.40999999999997	288.615	293.09999999999997	289.9
2015-07-06	281.29999999999995	288.67499999999995	293.63	290.37
2015-07-07	281.06	288.49	293.84	290.60999999999996
2015-07-08	281.2	288.56999999999994	293.67999999999995	290.62
2015-07-09	281.71999999999997	289.03999999999996	293.64	290.75
2015-07-10	282.45	289.435	293.84	290.96999999999997
2015-07-11	282.96	289.99	294.34	291.44
2015-07-12	283.13	290.705	294.53	291.96
2015-07-13	282.9	290.78	294.69	292.45
2015-07-14	282.51	290.21999999999997	294.59999999999997	292.15
2015-07-15	282.53999999999996	289.835	294.32	291.38
2015-07-16	282.92999999999995	290.0	294.25	291.21
2015-07-17	283.64	290.5	294.54999999999995	291.64
2015-07-18	284.31	290.9	294.97999999999996	292.26
2015-07-19	283.96999999999997	291.0	295.33	292.65
2015-07-20	283.48999999999995	290.975	295.52	292.62
2015-07-21	283.38	290.98	295.60999999999996	292.48999999999995
2015-07-22	283.60999999999996	291.26	295.64	292.34
2015-07-23	284.13	291.65999999999997	295.76	292.34
2015-07-24	284.72999999999996	292.015	295.95	292.56
2015-07-25	285.45	292.465	296.22999999999996	292.98999999999995
2015-07-26	286.4	293.025	296.65	293.65999999999997
2015-07-27	286.97999999999996	293.525	297.13	294.32
2015-07-28	286.63	293.715	297.45	294.77
2015-07-29	285.58	293.59	297.45	295.13
2015-07-30	284.75	293.405	297.21999999999997	294.96999999999997
2015-07-31	284.39	293.29499999999996	297.12	294.7
2015-08-01	284.39	293.24	297.04999999999995	294.44
2015-08-02	284.63	293.15999999999997	296.96	294.21999999999997
2015-08-03	284.81	292.90999999999997	296.78	294.03999999999996
2015-08-04	284.96	292.73999999999995	296.57	293.83
2015-08-05	285.16999999999996	292.67999999999995	296.48999999999995	293.59999999999997
2015-08-06	285.53	292.84	296.46999999999997	293.51
2015-08-07	286.09	293.03999999999996	296.46999999999997	293.60999999999996
2015-08-08	286.66999999999996	293.22999999999996	296.42999999999995	293.92999999999995
2015-08-09	287.06	293.385	296.37	294.21
2015-08-10	287.28	293.42499999999995	296.31	294.33
2015-08-11	287.4	293.29499999999996	296.21999999999997	294.33
2015-08-12	287.87	293.26	296.14	294.32
2015-08-13	288.7	293.51	296.17999999999995	294.41999999999996
2015-08-14	289.52	293.965	296.44	294.65999999999997
2015-08-15	289.87	294.34999999999997	296.72999999999996	294.96999999999997
2015-08-16	289.63	294.53	296.92999999999995	295.21
2015-08-17	289.01	294.58	297.10999999999996	295.52
2015-08-18	288.29999999999995	294.39	297.12	295.62
2015-08-19	287.82	293.96999999999997	297.12	295.60999999999996
2015-08-20	287.39	293.495	296.79999999999995	295.37
2015-08-21	287.27	293.15999999999997	296.42999999999995	295.09
2015-08-22	287.44	293.015	296.39	295.03999999999996
2015-08-23	287.34	292.89	296.53	295.0
2015-08-24	286.90999999999997	292.655	296.4	294.90999999999997
2015-08-25	286.44	292.35499999999996	296.15	294.75
2015-08-26	286.15	291.9	295.82	294.54999999999995
2015-08-27	286.12	291.59	295.41999999999996	294.27
2015-08-28	286.34999999999997	291.59	295.37	294.22999999999996
2015-08-29	286.78	291.865	295.75	294.5
2015-08-30	287.28	292.12	296.03	294.71
2015-08-31	287.89	292.38	296.22999999999996	294.81
2015-09-01	288.32	292.69	296.62	295.09
2015-09-02	288.65999999999997	292.94999999999993	296.95	295.48999999999995
2015-09-03	288.88	293.05999999999995	297.23999999999995	295.79999999999995
2015-09-04	289.0	293.145	297.39	295.87
2015-09-05	289.12	293.30999999999995	297.51	295.92999999999995
2015-09-06	289.12	293.495	297.71	296.2
2015-09-07	289.03	293.46999999999997	297.83	296.45
2015-09-08	288.77	293.24	297.73999999999995	296.37
2015-09-09	288.5	293.015	297.29999999999995	295.97999999999996
2015-09-10	288.21	292.76	296.78999999999996	295.63
2015-09-11	287.82	292.40999999999997	296.35999999999996	295.39
2015-09-12	287.59	292.1	295.64	294.78999999999996
2015-09-13	287.59	291.905	294.94	294.0
2015-09-14	287.77	291.84	294.65999999999997	293.58
2015-09-15	288.03	291.92499999999995	294.60999999999996	293.5
2015-09-16	288.07	292.03	294.71	293.66999999999996
2015-09-17	287.94	292.03499999999997	294.81	293.81
2015-09-18	287.83	291.88	294.75	293.71
2015-09-19	287.78999999999996	291.59	294.48999999999995	293.41999999999996
2015-09-20	287.76	291.4549999999999	294.28	293.06
2015-09-21	287.75	291.46	294.17999999999995	292.85999999999996
2015-09-22	287.71	291.46999999999997	294.09	292.82
2015-09-23	287.64	291.525	294.12	292.91999999999996
2015-09-24	287.60999999999996	291.53999999999996	294.10999999999996	292.88
2015-09-25	287.54999999999995	291.525	294.03999999999996	292.66999999999996
2015-09-26	287.59999999999997	291.505	293.88	292.34
2015-09-27	287.67999999999995	291.465	293.63	292.16999999999996
2015-09-28	287.47999999999996	291.34999999999997	293.37	292.01
2015-09-29	287.15999999999997	291.09999999999997	293.23999999999995	291.77
2015-09-30	287.0	290.75	292.90999999999997	291.31
2015-10-01	286.87	290.375	292.47999999999996	290.72999999999996
2015-10-02	286.71	290.03499999999997	291.84	290.27
2015-10-03	286.53	289.80999999999995	291.23999999999995	289.41999999999996
2015-10-04	286.28999999999996	289.38	290.78999999999996	288.15
2015-10-05	286.13	288.78499999999997	290.66999999999996	287.62
2015-10-06	286.09	288.33	290.67999999999995	287.57
2015-10-07	286.03999999999996	288.115	290.71	287.5
2015-10-08	285.90999999999997	287.95	290.72999999999996	287.40999999999997
2015-10-09	285.72999999999996	287.76	290.64	287.37
2015-10-10	285.71	287.64	290.57	287.40999999999997
2015-10-11	285.72999999999996	287.71	290.59	287.57
2015-10-12	285.51	287.65999999999997	290.52	287.71
2015-10-13	285.07	287.34999999999997	290.34	287.64
2015-10-14	284.71999999999997	287.05499999999995	290.04999999999995	287.37
2015-10-15	284.51	286.84	289.81	287.09
2015-10-16	284.2	286.52	289.48999999999995	286.78999999999996
2015-10-17	283.78	286.11	288.98999999999995	286.40999999999997
2015-10-18	283.53	285.765	288.40999999999997	286.10999999999996
2015-10-19	283.46999999999997	285.59999999999997	288.15999999999997	286.0
2015-10-20	283.31	285.54999999999995	288.15	285.92999999999995
2015-10-21	282.96999999999997	285.485	288.12	285.77
2015-10-22	282.64	285.4	287.98999999999995	285.58
2015-10-23	282.48999999999995	285.30499999999995	287.90999999999997	285.45
2015-10-24	282.31	285.14	287.83	285.27
2015-10-25	282.09999999999997	284.95	287.71999999999997	285.0
2015-10-26	282.01	284.825	287.62	284.88
2015-10-27	282.02	284.755	287.53999999999996	284.79999999999995
2015-10-28	282.03	284.64	287.35999999999996	284.65
2015-10-29	281.91999999999996	284.42999999999995	287.12	284.41999999999996
2015-10-30	281.79999999999995	284.235	286.88	284.14
2015-10-31	281.75	284.15999999999997	286.75	284.03999999999996
2015-11-01	281.71999999999997	284.15999999999997	286.7	284.07
2015-11-02	281.73999999999995	284.205	286.78999999999996	284.10999999999996
2015-11-03	281.82	284.32	287.0	284.26
2015-11-04	281.88	284.37	287.17999999999995	284.4
2015-11-05	281.72999999999996	284.275	287.16999999999996	284.39
2015-11-06	281.45	284.01	286.84999999999997	284.15
2015-11-07	281.28999999999996	283.755	286.47999999999996	283.9
2015-11-08	281.28999999999996	283.68499999999995	286.29999999999995	283.82
2015-11-09	281.31	283.64	286.23999999999995	283.85999999999996
2015-11-10	281.23999999999995	283.53499999999997	286.14	283.83
2015-11-11	281.15	283.40999999999997	285.97999999999996	283.67999999999995
2015-11-12	281.04999999999995	283.245	285.85999999999996	283.47999999999996
2015-11-13	280.84999999999997	282.93999999999994	285.53999999999996	283.04999999999995
2015-11-14	280.66999999999996	282.68499999999995	285.13	282.54999999999995
2015-11-15	280.63	282.64	284.95	282.29999999999995
2015-11-16	280.65	282.645	284.94	282.32
2015-11-17	280.65999999999997	282.575	284.90999999999997	282.31
2015-11-18	280.59	282.45	284.82	282.26
2015-11-19	280.37	282.28499999999997	284.7	282.17999999999995
2015-11-20	280.09	282.10499999999996	284.51	281.98999999999995
2015-11-21	279.81	281.91999999999996	284.32	281.85999999999996
2015-11-22	279.58	281.67999999999995	283.92999999999995	281.66999999999996
2015-11-23	279.45	281.5	283.47999999999996	281.5
2015-11-24	279.29999999999995	281.34999999999997	283.13	281.44
2015-11-25	279.10999999999996	281.18999999999994	283.01	281.42999999999995
2015-11-26	278.9	281.03	282.97999999999996	281.46
2015-11-27	278.81	280.84	282.87	281.41999999999996
2015-11-28	278.79999999999995	280.76	282.71	281.28
2015-11-29	278.76	280.71999999999997	282.54999999999995	281.19
2015-11-30	278.77	280.67499999999995	282.45	281.14
2015-12-01	278.78999999999996	280.625	282.37	281.09999999999997
2015-12-02	278.79999999999995	280.59	282.21	281.02
2015-12-03	278.84	280.625	282.03999999999996	280.96999999999997
2015-12-04	278.88	280.67999999999995	281.9	280.96
2015-12-05	278.91999999999996	280.68499999999995	281.78	280.96999999999997
2015-12-06	278.87	280.615	281.66999999999996	280.96999999999997
2015-12-07	278.83	280.53999999999996	281.60999999999996	280.92999999999995
2015-12-08	278.81	280.505	281.54999999999995	280.9
2015-12-09	278.79999999999995	280.445	281.52	280.9
2015-12-10	278.78999999999996	280.4	281.5	280.89
2015-12-11	278.76	280.37	281.53999999999996	280.91999999999996
2015-12-12	278.73999999999995	280.365	281.57	280.9
2015-12-13	278.71	280.34499999999997	281.54999999999995	280.9
2015-12-14	278.69	280.28499999999997	281.57	280.90999999999997
2015-12-15	278.57	280.09	281.51	280.85999999999996
2015-12-16	278.5	279.92999999999995	281.4	280.78
2015-12-17	278.34999999999997	279.77	281.23999999999995	280.7
2015-12-18	278.15999999999997	279.66499999999996	280.96999999999997	280.59999999999997
2015-12-19	278.07	279.55499999999995	280.64	280.5
2015-12-20	277.89	279.53999999999996	280.44	280.4
2015-12-21	277.83	279.52	280.53	280.39
2015-12-22	277.79999999999995	279.495	280.65999999999997	280.39
2015-12-23	277.76	279.465	280.76	280.44
2015-12-24	277.65	279.4	280.73999999999995	280.45
2015-12-25	277.59	279.265	280.65	280.34
2015-12-26	277.21	279.09	280.47999999999996	280.16999999999996
2015-12-27	277.19	278.975	280.09	280.07
2015-12-28	277.16999999999996	278.865	279.71999999999997	279.92999999999995
2015-12-29	277.15	278.735	279.28999999999996	279.72999999999996
2015-12-30	277.12	278.59	278.94	279.48999999999995
2015-12-31	277.09999999999997	278.495	278.7	279.28999999999996
2016-01-01	277.09	278.41499999999996	278.52	279.09
2016-01-01	277.09	278.33	278.52	279.09
2016-01-01	277.09	278.5	278.52	279.09
2016-01-02	277.07	278.31499999999994	278.39	278.91999999999996
2016-01-03	277.03	278.215	278.26	278.78999999999996
2016-01-04	276.98999999999995	278.05499999999995	278.02	278.64
2016-01-05	276.97999999999996	277.855	277.84999999999997	278.59999999999997
2016-01-06	276.96999999999997	277.78499999999997	277.78	278.59
2016-01-07	276.90999999999997	277.74	277.77	278.53
2016-01-08	276.9	277.76	277.78	278.52
2016-01-09	276.88	277.71999999999997	277.77	278.5
2016-01-10	276.84	277.67499999999995	277.71999999999997	278.44
2016-01-11	276.71	277.43499999999995	277.60999999999996	278.34
2016-01-12	276.69	277.3299999999999	277.35999999999996	278.2
2016-01-13	276.58	277.085	277.08	278.10999999999996
2016-01-14	276.52	277.005	276.81	277.96999999999997
2016-01-15	276.39	276.945	276.60999999999996	277.83
2016-01-16	276.17999999999995	276.635	276.26	277.60999999999996
2016-01-17	275.96999999999997	276.375	275.96	277.44
2016-01-18	275.94	276.245	275.53	277.21999999999997
2016-01-19	275.81	276.19	275.12	277.12
2016-01-20	275.65	276.01	274.95	277.12
2016-01-21	275.66999999999996	275.9549999999999	274.75	277.02
2016-01-22	275.66999999999996	275.89	274.62	276.96999999999997
2016-01-23	275.65999999999997	275.84	274.59999999999997	277.01
2016-01-24	275.66999999999996	275.83	274.53	277.0
2016-01-25	275.7	275.955	274.62	277.0
2016-01-26	275.69	275.96	274.56	277.0
2016-01-27	275.65999999999997	275.93499999999995	274.54999999999995	276.98999999999995
2016-01-28	275.63	275.91499999999996	274.59999999999997	276.97999999999996
2016-01-29	275.63	275.895	274.5	276.96
2016-01-30	275.63	275.90999999999997	274.42999999999995	276.97999999999996
2016-01-31	275.67999999999995	275.91999999999996	274.62	277.04999999999995
2016-02-01	275.7	275.965	274.84999999999997	277.09999999999997
2016-02-02	275.66999999999996	275.92999999999995	274.9	277.09
2016-02-03	275.62	275.895	275.06	277.12
2016-02-04	275.56	275.83	275.06	277.07
2016-02-05	275.46	275.79999999999995	274.94	276.96
2016-02-06	275.45	275.80499999999995	274.9	276.9
2016-02-07	275.44	275.79999999999995	274.89	276.88
2016-02-08	275.34	275.78	274.89	276.85999999999996
2016-02-09	275.21	275.69999999999993	274.87	276.78
2016-02-10	275.09999999999997	275.61	274.79999999999995	276.67999999999995
2016-02-11	274.96999999999997	275.465	274.67999999999995	276.53
2016-02-12	274.84	275.355	274.60999999999996	276.39
2016-02-13	274.73999999999995	275.10999999999996	274.0	276.04999999999995
2016-02-14	274.62	274.91999999999996	273.59	275.66999999999996
2016-02-15	274.57	275.04999999999995	273.45	275.46999999999997
2016-02-16	274.54999999999995	275.075	273.57	275.79999999999995
2016-02-17	274.64	275.09	273.59	275.82
2016-02-18	274.60999999999996	275.09	273.53	275.75
2016-02-19	274.57	275.21	273.69	275.75
2016-02-20	274.59	275.2049999999999	273.81	276.06
2016-02-21	274.66999999999996	275.23	273.79999999999995	276.03999999999996
2016-02-22	274.65	275.22499999999997	273.98999999999995	275.96
2016-02-23	274.64	275.19999999999993	274.03	275.92999999999995
2016-02-24	274.65	275.115	273.88	275.85999999999996
2016-02-25	274.65999999999997	275.12	273.78	275.87
2016-02-26	274.71999999999997	275.10499999999996	274.12	275.81
2016-02-27	274.81	275.15	274.15	275.78
2016-02-28	274.79999999999995	275.17499999999995	274.35999999999996	275.73999999999995
2016-02-29	274.71	275.135	274.5	275.76
2016-03-01	274.65	275.10499999999996	274.47999999999996	275.76
2016-03-02	274.62	274.93999999999994	274.39	275.67999999999995
2016-03-03	274.65	274.90999999999997	274.32	275.60999999999996
2016-03-04	274.71	274.94499999999994	274.32	275.64
2016-03-05	274.78999999999996	275.03	274.40999999999997	275.63
2016-03-06	274.96	275.24	274.52	275.64
2016-03-07	275.08	275.48499999999996	274.98999999999995	275.83
2016-03-08	275.16999999999996	275.525	275.35999999999996	275.96999999999997
2016-03-09	275.26	275.53	275.58	276.09
2016-03-10	275.35999999999996	275.54999999999995	275.64	276.21999999999997
2016-03-11	275.42999999999995	275.54999999999995	275.62	276.28999999999996
2016-03-12	275.53999999999996	275.64	275.65	276.31
2016-03-13	275.53999999999996	275.635	275.78	276.29999999999995
2016-03-14	275.46999999999997	275.62	275.89	276.28
2016-03-15	275.37	275.59499999999997	275.96	276.28
2016-03-16	275.26	275.575	275.97999999999996	276.13
2016-03-17	275.17999999999995	275.62	276.0	276.31
2016-03-18	275.10999999999996	275.59999999999997	276.02	276.27
2016-03-19	274.97999999999996	275.605	276.0	276.06
2016-03-20	275.06	275.6	275.98999999999995	276.21999999999997
2016-03-21	275.03	275.64	276.02	276.22999999999996
2016-03-22	275.21	275.72999999999996	276.21	276.34
2016-03-23	275.22999999999996	275.78	276.48999999999995	276.41999999999996
2016-03-24	275.17999999999995	275.83	276.66999999999996	276.5
2016-03-25	275.15	275.84	276.72999999999996	276.52
2016-03-26	275.2	275.855	276.78999999999996	276.57
2016-03-27	275.25	275.94499999999994	276.97999999999996	276.71
2016-03-28	275.26	276.02	277.12	276.81
2016-03-29	275.21999999999997	276.065	277.17999999999995	276.84
2016-03-30	275.21	276.05999999999995	277.21	276.82
2016-03-31	275.21999999999997	276.06499999999994	277.25	276.81
2016-04-01	275.22999999999996	276.065	277.33	276.79999999999995
2016-04-02	275.17999999999995	276.05499999999995	277.37	276.78
2016-04-03	275.14	276.03	277.33	276.77
2016-04-04	275.10999999999996	275.955	277.19	276.72999999999996
2016-04-05	275.14	275.91999999999996	277.14	276.71999999999997
2016-04-06	275.17999999999995	275.98	277.16999999999996	276.76
2016-04-07	275.19	276.03	277.25	276.83
2016-04-08	275.17999999999995	276.04999999999995	277.32	276.88
2016-04-09	275.17999999999995	276.075	277.34	276.94
2016-04-10	275.27	276.13	277.39	277.03
2016-04-11	275.35999999999996	276.155	277.44	277.06
2016-04-12	275.4	276.16999999999996	277.42999999999995	277.04999999999995
2016-04-13	275.47999999999996	276.29999999999995	277.59999999999997	277.13
2016-04-14	275.56	276.48	277.87	277.28999999999996
2016-04-15	275.78	276.715	278.21	277.44
2016-04-16	275.89	276.99	278.58	277.63
2016-04-17	275.84999999999997	277.125	278.90999999999997	277.87
2016-04-18	275.83	277.125	279.15999999999997	278.04999999999995
2016-04-19	275.84999999999997	277.075	279.2	278.16999999999996
2016-04-20	275.90999999999997	277.09999999999997	279.25	278.26
2016-04-21	275.96	277.16999999999996	279.38	278.27
2016-04-22	275.94	277.205	279.59999999999997	278.29999999999995
2016-04-23	275.95	277.235	279.7	278.35999999999996
2016-04-24	276.01	277.26	279.76	278.34999999999997
2016-04-25	276.08	277.32	279.85999999999996	278.32
2016-04-26	276.10999999999996	277.34999999999997	280.0	278.29999999999995
2016-04-27	276.08	277.36	280.13	278.31
2016-04-28	276.03999999999996	277.41499999999996	280.21999999999997	278.32
2016-04-29	276.04999999999995	277.5	280.26	278.38
2016-04-30	276.10999999999996	277.55499999999995	280.31	278.46999999999997
2016-05-01	276.14	277.65	280.66999999999996	278.65999999999997
2016-05-02	276.2	277.755	281.09	278.87
2016-05-03	276.23999999999995	277.885	281.34999999999997	279.03999999999996
2016-05-04	276.26	278.025	281.51	279.34999999999997
2016-05-05	276.32	278.15	281.65	279.7
2016-05-06	276.47999999999996	278.315	281.85999999999996	279.95
2016-05-07	276.59999999999997	278.405	281.96	279.90999999999997
2016-05-08	276.63	278.445	281.92999999999995	279.72999999999996
2016-05-09	276.67999999999995	278.53999999999996	282.01	279.81
2016-05-10	276.73999999999995	278.63	282.23999999999995	280.08
2016-05-11	276.76	278.755	282.48999999999995	280.47999999999996
2016-05-12	276.78999999999996	278.92999999999995	282.76	280.66999999999996
2016-05-13	276.78	279.04499999999996	282.96	280.75
2016-05-14	276.76	279.07499999999993	283.08	280.66999999999996
2016-05-15	276.78	279.04499999999996	283.0	280.40999999999997
2016-05-16	276.84	279.12	283.01	280.23999999999995
2016-05-17	276.95	279.30999999999995	283.4	280.37
2016-05-18	277.13	279.57499999999993	283.72999999999996	280.65
2016-05-19	277.31	279.96999999999997	284.10999999999996	281.08
2016-05-20	277.48999999999995	280.38	284.56	281.59999999999997
2016-05-21	277.60999999999996	280.91499999999996	285.09	282.28
2016-05-22	277.73999999999995	281.38	285.71	283.10999999999996
2016-05-23	277.75	281.745	286.19	283.65999999999997
2016-05-24	277.75	282.03999999999996	286.67999999999995	284.07
2016-05-25	277.83	282.405	287.14	284.59
2016-05-26	277.91999999999996	282.93499999999995	287.77	285.62
2016-05-27	278.13	283.595	288.78	287.21999999999997
2016-05-28	278.35999999999996	284.32499999999993	289.69	288.28999999999996
2016-05-29	278.53	284.78999999999996	290.19	288.41999999999996
2016-05-30	278.46999999999997	285.1	290.39	288.13
2016-05-31	278.34	285.18499999999995	290.48999999999995	288.10999999999996
2016-06-01	278.35999999999996	285.265	290.41999999999996	288.34
2016-06-02	278.35999999999996	285.495	290.58	288.88
2016-06-03	278.34999999999997	285.87	290.84999999999997	289.40999999999997
2016-06-04	278.37	286.02	290.72999999999996	289.44
2016-06-05	278.31	285.78499999999997	290.48999999999995	288.84
2016-06-06	278.21999999999997	285.55999999999995	290.4	288.28
2016-06-07	278.15999999999997	285.345	290.26	287.73999999999995
2016-06-08	278.21999999999997	285.115	289.92999999999995	286.81
2016-06-09	278.48999999999995	285.205	289.75	285.94
2016-06-10	278.83	285.525	289.94	285.87
2016-06-11	279.15999999999997	285.98499999999996	290.31	286.34
2016-06-12	279.17999999999995	286.015	290.46	286.46
2016-06-13	279.29999999999995	286.115	290.56	286.46
2016-06-14	279.66999999999996	286.52	290.9	286.65999999999997
2016-06-15	280.13	286.94999999999993	291.22999999999996	287.13
2016-06-16	280.58	287.35	291.60999999999996	288.25
2016-06-17	280.98999999999995	287.7	291.94	289.33
2016-06-18	281.45	288.205	292.45	289.9
2016-06-19	281.37	288.64	293.19	290.34
2016-06-20	280.71	288.59499999999997	293.41999999999996	290.16999999999996
2016-06-21	280.42999999999995	288.46999999999997	293.46	289.65999999999997
2016-06-22	280.7	288.645	293.48999999999995	289.66999999999996
2016-06-23	281.46	289.03999999999996	293.54999999999995	290.14
2016-06-24	282.08	289.45	293.7	290.84
2016-06-25	282.15	289.8299999999999	294.01	291.46
2016-06-26	282.03999999999996	289.92999999999995	294.21999999999997	291.81
2016-06-27	281.9	289.92499999999995	294.35999999999996	292.01
2016-06-28	281.84	289.84	294.34	292.07
2016-06-29	282.15999999999997	289.895	294.19	291.97999999999996
2016-06-30	282.31	290.01	294.25	291.92999999999995
2016-07-01	282.34999999999997	290.0	294.16999999999996	291.65999999999997
2016-07-02	282.78999999999996	290.05999999999995	294.08	291.28999999999996
2016-07-03	283.40999999999997	290.37	294.25	291.42999999999995
2016-07-04	283.92999999999995	290.79999999999995	294.5	291.94
2016-07-05	284.52	291.19999999999993	294.96	292.60999999999996
2016-07-06	284.77	291.41499999999996	295.28	293.15999999999997
2016-07-07	284.84	291.645	295.69	293.44
2016-07-08	284.88	291.86	296.09999999999997	293.72999999999996
2016-07-09	284.98999999999995	291.885	296.14	293.82
2016-07-10	285.15999999999997	291.96	296.15999999999997	293.79999999999995
2016-07-11	285.46	292.28999999999996	296.5	294.26
2016-07-12	285.83	292.65999999999997	296.96999999999997	294.82
2016-07-13	285.94	292.84999999999997	297.07	295.14
2016-07-14	285.83	292.9	296.84999999999997	295.03
2016-07-15	285.71999999999997	292.815	296.60999999999996	294.71
2016-07-16	285.78999999999996	292.83	296.54999999999995	294.53999999999996
2016-07-17	286.03	292.865	296.60999999999996	294.56
2016-07-18	286.23999999999995	292.875	296.73999999999995	294.63
2016-07-19	286.75	293.005	296.82	294.59999999999997
2016-07-20	287.53999999999996	293.255	296.94	294.66999999999996
2016-07-21	288.04999999999995	293.55999999999995	297.09	294.79999999999995
2016-07-22	288.46	293.91499999999996	297.45	295.03999999999996
2016-07-23	288.84999999999997	294.22	297.77	295.25
2016-07-24	289.12	294.42999999999995	297.90999999999997	295.42999999999995
2016-07-25	289.21	294.62	298.03	295.59999999999997
2016-07-26	289.5	294.79999999999995	298.09999999999997	295.7
2016-07-27	289.77	294.965	298.15999999999997	296.01
2016-07-28	289.85999999999996	295.06999999999994	298.26	296.21999999999997
2016-07-29	290.19	295.085	298.4	296.34
2016-07-30	290.73999999999995	295.1	298.51	296.45
2016-07-31	291.34999999999997	295.255	298.59	296.51
2016-08-01	291.77	295.5	298.71999999999997	296.56
2016-08-02	292.0	295.81999999999994	298.9	296.71999999999997
2016-08-03	292.21	296.08	299.06	297.02
2016-08-04	292.12	296.2049999999999	299.23999999999995	297.35999999999996
2016-08-05	291.83	296.085	299.27	297.44
2016-08-06	291.72999999999996	295.90999999999997	299.10999999999996	297.21
2016-08-07	291.83	295.84999999999997	299.01	297.03999999999996
2016-08-08	292.03	295.91499999999996	298.95	297.08
2016-08-09	292.16999999999996	296.08	298.96	297.27
2016-08-10	292.2	296.28999999999996	299.25	297.60999999999996
2016-08-11	292.22999999999996	296.41999999999996	299.42999999999995	297.87
2016-08-12	292.21999999999997	296.385	299.5	297.90999999999997
2016-08-13	292.25	296.275	299.44	297.67999999999995
2016-08-14	292.28999999999996	296.22999999999996	299.21999999999997	297.34
2016-08-15	292.52	296.28999999999996	298.98999999999995	296.97999999999996
2016-08-16	293.02	296.44	298.78	296.57
2016-08-17	293.33	296.495	298.65999999999997	296.33
2016-08-18	293.42999999999995	296.53999999999996	298.65	296.34
2016-08-19	293.21	296.44999999999993	298.76	296.44
2016-08-20	292.53999999999996	296.145	298.84999999999997	296.60999999999996
2016-08-21	291.69	295.68499999999995	298.66999999999996	296.31
2016-08-22	291.40999999999997	295.395	298.47999999999996	295.84999999999997
2016-08-23	291.46999999999997	295.2049999999999	298.26	295.71999999999997
2016-08-24	291.5	295.10499999999996	298.21999999999997	295.84
2016-08-25	291.4	295.03499999999997	298.38	296.04999999999995
2016-08-26	291.33	295.005	298.59999999999997	296.23999999999995
2016-08-27	291.37	295.01	298.66999999999996	296.38
2016-08-28	291.39	295.015	298.65	296.45
2016-08-29	291.47999999999996	295.05499999999995	298.64	296.46999999999997
2016-08-30	291.53999999999996	295.05999999999995	298.54999999999995	296.53
2016-08-31	291.46999999999997	294.93499999999995	298.23999999999995	296.40999999999997
2016-09-01	291.35999999999996	294.735	297.83	296.19
2016-09-02	291.34	294.59	297.51	295.97999999999996
2016-09-03	291.34999999999997	294.53	297.34999999999997	295.90999999999997
2016-09-04	291.40999999999997	294.54999999999995	297.34	295.98999999999995
2016-09-05	291.44	294.655	297.46	296.17999999999995
2016-09-06	291.42999999999995	294.825	297.73999999999995	296.53999999999996
2016-09-07	291.41999999999996	294.90999999999997	298.08	296.81
2016-09-08	291.4	294.865	298.10999999999996	296.83
2016-09-09	291.35999999999996	294.78999999999996	298.0	296.78
2016-09-10	291.15999999999997	294.54499999999996	297.78	296.53999999999996
2016-09-11	291.06	294.30999999999995	297.53	296.06
2016-09-12	291.08	294.135	297.40999999999997	295.88
2016-09-13	290.97999999999996	293.96999999999997	297.32	295.75
2016-09-14	290.83	293.765	297.13	295.5
2016-09-15	290.76	293.65999999999997	296.87	295.22999999999996
2016-09-16	290.71999999999997	293.59499999999997	296.7	295.03999999999996
2016-09-17	290.69	293.53999999999996	296.66999999999996	295.02
2016-09-18	290.71	293.525	296.66999999999996	295.09
2016-09-19	290.65	293.595	296.77	295.21999999999997
2016-09-20	290.53999999999996	293.71	296.78	295.23999999999995
2016-09-21	290.40999999999997	293.68499999999995	296.75	295.23999999999995
2016-09-22	290.23999999999995	293.525	296.77	295.21
2016-09-23	290.12	293.325	296.69	295.0
2016-09-24	290.0	293.18499999999995	296.28	294.66999999999996
2016-09-25	289.78	293.01	295.91999999999996	294.44
2016-09-26	289.31	292.68499999999995	295.54999999999995	294.16999999999996
2016-09-27	288.78999999999996	292.28999999999996	295.17999999999995	293.78
2016-09-28	288.41999999999996	291.955	294.97999999999996	293.54999999999995
2016-09-29	288.29999999999995	291.735	294.69	293.34999999999997
2016-09-30	288.32	291.53999999999996	294.17999999999995	292.96
2016-10-01	288.39	291.245	293.64	292.37
2016-10-02	288.5	291.03999999999996	293.32	291.9
2016-10-03	288.51	290.94	293.19	291.75
2016-10-04	288.42999999999995	290.93999999999994	293.15999999999997	291.7
2016-10-05	288.26	290.90999999999997	293.15	291.65999999999997
2016-10-06	288.07	290.84999999999997	293.16999999999996	291.65
2016-10-07	287.81	290.705	293.21	291.66999999999996
2016-10-08	287.28999999999996	290.455	293.07	291.57
2016-10-09	286.75	290.155	292.77	291.23999999999995
2016-10-10	286.53	289.99	292.48999999999995	290.9
2016-10-11	286.5	289.895	292.31	290.78
2016-10-12	286.34	289.73499999999996	292.15999999999997	290.67999999999995
2016-10-13	285.91999999999996	289.45	291.95	290.46999999999997
2016-10-14	285.62	289.2	291.71	290.27
2016-10-15	285.51	289.07499999999993	291.56	290.22999999999996
2016-10-16	285.39	289.0	291.59999999999997	290.21
2016-10-17	285.23999999999995	288.945	291.72999999999996	290.15
2016-10-18	285.03	288.78999999999996	291.7	290.10999999999996
2016-10-19	284.9	288.65	291.62	290.04999999999995
2016-10-20	284.78	288.52	291.48999999999995	289.97999999999996
2016-10-21	284.59	288.30499999999995	291.09999999999997	289.67999999999995
2016-10-22	284.46999999999997	288.03	290.59999999999997	289.10999999999996
2016-10-23	284.38	287.81999999999994	290.21	288.64
2016-10-24	284.25	287.625	289.96999999999997	288.29999999999995
2016-10-25	284.09	287.35	289.58	287.83
2016-10-26	283.85999999999996	287.03	289.2	287.40999999999997
2016-10-27	283.66999999999996	286.64	288.78999999999996	287.03
2016-10-28	283.53999999999996	286.325	288.25	286.42999999999995
2016-10-29	283.40999999999997	286.005	288.0	286.01
2016-10-30	283.29999999999995	285.83	287.81	285.73999999999995
2016-10-31	283.21999999999997	285.755	287.7	285.63
2016-11-01	283.15	285.72499999999997	287.65999999999997	285.63
2016-11-02	283.12	285.66999999999996	287.65	285.65999999999997
2016-11-03	283.14	285.59999999999997	287.58	285.65999999999997
2016-11-04	283.17999999999995	285.59499999999997	287.54999999999995	285.65
2016-11-05	283.28	285.615	287.5	285.56
2016-11-06	283.37	285.655	287.53	285.48999999999995
2016-11-07	283.29999999999995	285.67999999999995	287.59999999999997	285.53
2016-11-08	283.06	285.55499999999995	287.51	285.52
2016-11-09	282.85999999999996	285.34	287.21999999999997	285.32
2016-11-10	282.82	285.23	287.01	285.16999999999996
2016-11-11	282.65	285.075	286.81	284.94
2016-11-12	282.45	284.835	286.52	284.59
2016-11-13	282.29999999999995	284.68499999999995	286.35999999999996	284.32
2016-11-14	282.22999999999996	284.55999999999995	286.25	284.15
2016-11-15	282.13	284.40999999999997	285.98999999999995	284.09999999999997
2016-11-16	281.98999999999995	284.275	285.75	284.07
2016-11-17	281.91999999999996	284.21	285.67999999999995	284.03
2016-11-18	281.82	284.17499999999995	285.71	284.04999999999995
2016-11-19	281.56	284.09	285.67999999999995	284.09
2016-11-20	281.19	283.80499999999995	285.44	283.95
2016-11-21	280.83	283.40999999999997	284.96	283.57
2016-11-22	280.69	283.14	284.41999999999996	283.09
2016-11-23	280.59999999999997	282.855	284.07	282.89
2016-11-24	280.31	282.465	283.84999999999997	282.78999999999996
2016-11-25	280.21999999999997	282.155	283.53	282.52
2016-11-26	280.01	281.90999999999997	283.08	282.13
2016-11-27	279.90999999999997	281.69499999999994	282.81	281.85999999999996
2016-11-28	279.88	281.605	282.76	281.67999999999995
2016-11-29	279.83	281.56499999999994	282.65	281.71999999999997
2016-11-30	279.78999999999996	281.53	282.56	281.75
2016-12-01	279.73999999999995	281.505	282.46999999999997	281.59
2016-12-02	279.60999999999996	281.46	282.33	281.32
2016-12-03	279.46999999999997	281.39	282.14	281.12
2016-12-04	279.39	281.255	281.90999999999997	281.01
2016-12-05	279.34	281.115	281.71	280.90999999999997
2016-12-06	279.21999999999997	280.975	281.59	280.83
2016-12-07	279.06	280.84	281.53999999999996	280.72999999999996
2016-12-08	278.95	280.735	281.26	280.59
2016-12-09	278.72999999999996	280.6	281.03	280.4
2016-12-10	278.48999999999995	280.05499999999995	280.46	280.21
2016-12-11	278.19	279.515	279.39	280.01
2016-12-12	278.02	279.35499999999996	278.96	279.79999999999995
2016-12-13	277.78	279.06999999999994	278.56	279.59999999999997
2016-12-14	277.67999999999995	278.935	278.31	279.39
2016-12-15	277.60999999999996	278.725	277.92999999999995	279.13
2016-12-16	277.48999999999995	278.275	277.27	278.84
2016-12-17	277.4	277.99	277.0	278.78999999999996
2016-12-18	277.37	277.91499999999996	276.88	278.7
2016-12-19	277.32	277.89	276.85999999999996	278.65999999999997
2016-12-20	277.31	277.82499999999993	276.83	278.69
2016-12-21	277.32	277.78499999999997	276.84	278.66999999999996
2016-12-22	277.4	277.77	276.77	278.59999999999997
2016-12-23	277.48999999999995	277.825	276.7	278.59
2016-12-24	277.41999999999996	277.83	276.71999999999997	278.60999999999996
2016-12-25	277.2	277.84	276.76	278.65
2016-12-26	277.0	277.885	276.82	278.7
2016-12-27	277.0	277.865	276.78	278.65999999999997
2016-12-28	277.03999999999996	277.755	276.59	278.53
2016-12-29	277.06	277.61	276.39	278.4
2016-12-30	277.06	277.495	276.33	278.32
2016-12-31	277.03999999999996	277.37	276.23999999999995	278.23999999999995
2017-01-01	277.03	277.33	276.21	278.17999999999995
2017-01-02	276.60999999999996	277.32	276.2	278.15999999999997
2017-01-03	276.47999999999996	277.29999999999995	276.15999999999997	278.15
2017-01-04	276.42999999999995	277.23499999999996	276.09999999999997	278.09
2017-01-05	276.28	277.08	275.96999999999997	277.89
2017-01-06	276.2	276.615	275.56	277.72999999999996
2017-01-07	276.13	276.495	275.32	277.48999999999995
2017-01-08	276.13	276.385	275.03999999999996	277.38
2017-01-09	276.09999999999997	276.34	274.89	277.31
2017-01-10	276.08	276.28	274.56	277.15
2017-01-11	276.03999999999996	276.18499999999995	274.57	277.28999999999996
2017-01-12	276.08	276.095	274.66999999999996	277.21
2017-01-13	276.08	276.085	274.76	277.13
2017-01-14	276.07	276.04999999999995	274.7	277.14
2017-01-15	276.06	276.06	274.78999999999996	277.17999999999995
2017-01-16	276.06	275.985	274.41999999999996	277.21999999999997
2017-01-17	276.06	276.01	274.44	277.21
2017-01-18	276.09	276.01	274.71999999999997	277.17999999999995
2017-01-19	276.13	276.14	274.77	277.14
2017-01-20	276.19	276.22999999999996	274.91999999999996	277.07
2017-01-21	276.17999999999995	276.24	274.97999999999996	277.0
2017-01-22	276.15	276.22499999999997	275.0	277.02
2017-01-23	276.12	276.18999999999994	274.90999999999997	277.0
2017-01-24	276.09	276.125	274.83	276.96999999999997
2017-01-25	276.02	276.01	274.75	276.92999999999995
2017-01-26	275.95	275.85499999999996	274.7	276.84
2017-01-27	275.89	275.825	274.64	276.83
2017-01-28	275.84	275.80499999999995	274.54999999999995	276.78999999999996
2017-01-29	275.60999999999996	275.745	274.51	276.71999999999997
2017-01-30	275.4	275.66499999999996	274.46999999999997	276.66999999999996
2017-01-31	275.34999999999997	275.5799999999999	274.48999999999995	276.57
2017-02-01	275.34	275.55499999999995	274.5	276.53999999999996
2017-02-02	275.29999999999995	275.51	274.46	276.51
2017-02-03	275.22999999999996	275.42499999999995	274.34	276.51
2017-02-04	275.17999999999995	275.395	274.14	276.47999999999996
2017-02-05	275.15999999999997	275.405	274.10999999999996	276.42999999999995
2017-02-06	275.13	275.28	274.0	276.21
2017-02-07	275.06	275.235	273.96	276.15999999999997
2017-02-08	275.13	275.265	273.89	276.09999999999997
2017-02-09	275.19	275.32499999999993	274.22999999999996	276.28
2017-02-10	275.15999999999997	275.29999999999995	274.28999999999996	276.23999999999995
2017-02-11	275.14	275.30499999999995	274.32	276.35999999999996
2017-02-12	275.09999999999997	275.265	274.28	276.34
2017-02-13	275.15999999999997	275.29999999999995	274.16999999999996	276.33
2017-02-14	275.22999999999996	275.33	274.22999999999996	276.32
2017-02-15	275.32	275.42999999999995	274.32	276.4
2017-02-16	275.37	275.48	274.47999999999996	276.46
2017-02-17	275.33	275.56999999999994	274.63	276.5
2017-02-18	275.41999999999996	275.69999999999993	274.82	276.75
2017-02-19	275.47999999999996	275.72499999999997	274.97999999999996	276.72999999999996
2017-02-20	275.46	275.68999999999994	274.94	276.64
2017-02-21	275.41999999999996	275.695	275.0	276.65
2017-02-22	275.38	275.74	275.31	276.75
2017-02-23	275.32	275.71999999999997	275.54999999999995	276.90999999999997
2017-02-24	275.27	275.65999999999997	275.51	276.91999999999996
2017-02-25	275.21999999999997	275.54999999999995	275.32	276.71999999999997
2017-02-26	275.17999999999995	275.46999999999997	275.23999999999995	276.59
2017-02-27	275.15999999999997	275.44999999999993	275.27	276.58
2017-02-28	275.06	275.42499999999995	275.27	276.58
2017-03-01	274.89	275.37	275.29999999999995	276.54999999999995
2017-03-02	274.78	275.25	275.28999999999996	276.41999999999996
2017-03-03	274.71999999999997	275.19999999999993	275.25	276.25
2017-03-04	274.58	275.125	275.21	276.21999999999997
2017-03-05	274.63	275.205	275.21	276.23999999999995
2017-03-06	274.62	275.31499999999994	275.33	276.23999999999995
2017-03-07	274.65	275.395	275.54999999999995	276.35999999999996
2017-03-08	274.73999999999995	275.42499999999995	275.67999999999995	276.5
2017-03-09	274.71999999999997	275.39	275.65999999999997	276.44
2017-03-10	274.66999999999996	275.29499999999996	275.56	276.28999999999996
2017-03-11	274.59999999999997	275.17499999999995	275.40999999999997	276.15
2017-03-12	274.53	275.03	275.22999999999996	275.96
2017-03-13	274.47999999999996	274.96999999999997	275.03	275.89
2017-03-14	274.5	274.92999999999995	274.84	275.9
2017-03-15	274.59	274.92499999999995	274.7	275.91999999999996
2017-03-16	274.62	274.975	274.64	275.9
2017-03-17	274.57	274.93999999999994	274.65999999999997	275.92999999999995
2017-03-18	274.63	275.03	274.7	275.90999999999997
2017-03-19	274.66999999999996	275.03499999999997	274.77	275.9
2017-03-20	274.67999999999995	275.06499999999994	274.84999999999997	275.88
2017-03-21	274.69	275.09499999999997	274.85999999999996	275.89
2017-03-22	274.65999999999997	275.04999999999995	274.82	275.85999999999996
2017-03-23	274.69	275.015	274.84999999999997	275.83
2017-03-24	274.78	275.105	274.95	275.85999999999996
2017-03-25	274.88	275.17999999999995	275.14	275.9
2017-03-26	274.9	275.245	275.46999999999997	275.95
2017-03-27	274.91999999999996	275.28499999999997	275.85999999999996	276.02
2017-03-28	274.96999999999997	275.27	276.13	276.07
2017-03-29	275.09	275.33	276.28	276.10999999999996
2017-03-30	275.09	275.40999999999997	276.33	276.17999999999995
2017-03-31	275.12	275.48499999999996	276.35999999999996	276.28999999999996
2017-04-01	275.12	275.59	276.40999999999997	276.4
2017-04-02	275.10999999999996	275.65	276.46999999999997	276.5
2017-04-03	275.14	275.73	276.59999999999997	276.48999999999995
2017-04-04	275.16999999999996	275.79499999999996	276.73999999999995	276.52
2017-04-05	275.21999999999997	275.89	276.87	276.62
2017-04-06	275.27	275.99	277.08	276.69
2017-04-07	275.27	276.03999999999996	277.16999999999996	276.71
2017-04-08	275.27	276.085	277.29999999999995	276.73999999999995
2017-04-09	275.31	276.125	277.39	276.76
2017-04-10	275.37	276.18499999999995	277.52	276.89
2017-04-11	275.40999999999997	276.235	277.78999999999996	276.96999999999997
2017-04-12	275.46999999999997	276.31	278.14	277.03
2017-04-13	275.56	276.42999999999995	278.37	277.08
2017-04-14	275.60999999999996	276.61499999999995	278.67999999999995	277.21
2017-04-15	275.64	276.78499999999997	279.09	277.34999999999997
2017-04-16	275.57	276.79999999999995	279.46999999999997	277.59
2017-04-17	275.5	276.76	279.60999999999996	277.59
2017-04-18	275.5	276.81499999999994	279.57	277.56
2017-04-19	275.57	276.93999999999994	279.67999999999995	277.60999999999996
2017-04-20	275.64	277.06	279.95	277.71999999999997
2017-04-21	275.66999999999996	277.14	280.15	277.84999999999997
2017-04-22	275.65999999999997	277.225	280.28999999999996	277.96999999999997
2017-04-23	275.63	277.275	280.56	278.09999999999997
2017-04-24	275.65	277.31499999999994	280.7	278.12
2017-04-25	275.7	277.47	280.85999999999996	278.15
2017-04-26	275.77	277.59	281.14	278.38
2017-04-27	275.84999999999997	277.67999999999995	281.2	278.65999999999997
2017-04-28	275.9	277.74	281.22999999999996	278.69
2017-04-29	275.91999999999996	277.75	281.34	278.62
2017-04-30	275.94	277.81999999999994	281.51	278.59
2017-05-01	275.96999999999997	277.885	281.59	278.53999999999996
2017-05-02	275.96999999999997	277.9	281.69	278.5
2017-05-03	276.03	277.93499999999995	281.81	278.52
2017-05-04	276.12	278.005	281.85999999999996	278.56
2017-05-05	276.15	278.06499999999994	281.85999999999996	278.65
2017-05-06	276.19	278.12	281.81	278.77
2017-05-07	276.22999999999996	278.16999999999996	281.76	278.79999999999995
2017-05-08	276.23999999999995	278.24	281.81	278.82
2017-05-09	276.22999999999996	278.31499999999994	281.96999999999997	278.83
2017-05-10	276.28	278.51	282.16999999999996	278.90999999999997
2017-05-11	276.39	278.82	282.48999999999995	279.15
2017-05-12	276.47999999999996	279.05999999999995	282.79999999999995	279.48999999999995
2017-05-13	276.5	279.225	283.14	279.9
2017-05-14	276.52	279.34499999999997	283.31	280.08
2017-05-15	276.5	279.475	283.47999999999996	280.16999999999996
2017-05-16	276.5	279.71	283.78999999999996	280.65999999999997
2017-05-17	276.51	280.14	284.27	281.62
2017-05-18	276.51	280.37	284.96999999999997	281.95
2017-05-19	276.47999999999996	280.13	284.90999999999997	281.58
2017-05-20	276.47999999999996	279.955	284.62	281.2
2017-05-21	276.56	279.96	284.76	281.21
2017-05-22	276.7	280.03499999999997	285.09	281.47999999999996
2017-05-23	276.85999999999996	280.245	285.46999999999997	281.85999999999996
2017-05-24	277.09	280.635	286.03999999999996	282.4
2017-05-25	277.33	281.005	286.7	282.90999999999997
2017-05-26	277.42999999999995	281.355	287.0	283.33
2017-05-27	277.5	281.80999999999995	287.25	283.75
2017-05-28	277.48999999999995	281.99	287.47999999999996	284.09999999999997
2017-05-29	277.5	281.97499999999997	287.59999999999997	284.35999999999996
2017-05-30	277.47999999999996	281.975	287.82	284.48999999999995
2017-05-31	277.4	282.085	287.97999999999996	284.52
2017-06-01	277.41999999999996	282.30999999999995	288.14	284.45
2017-06-02	277.64	282.74	288.37	284.45
2017-06-03	277.96	283.16999999999996	288.71999999999997	284.66999999999996
2017-06-04	278.22999999999996	283.53499999999997	288.84999999999997	284.97999999999996
2017-06-05	278.38	283.67999999999995	288.87	285.42999999999995
2017-06-06	278.47999999999996	283.83	288.89	285.73999999999995
2017-06-07	278.65999999999997	284.30499999999995	288.91999999999996	286.0
2017-06-08	278.84999999999997	284.96999999999997	289.15	286.47999999999996
2017-06-09	279.09999999999997	285.505	289.56	286.96
2017-06-10	279.53999999999996	285.94499999999994	289.89	287.62
2017-06-11	279.69	286.29999999999995	290.38	288.0
2017-06-12	279.62	286.72499999999997	291.16999999999996	288.21
2017-06-13	279.54999999999995	286.945	291.78999999999996	288.47999999999996
2017-06-14	279.79999999999995	287.135	292.09999999999997	288.65999999999997
2017-06-15	280.08	287.34000000000003	292.44	289.01
2017-06-16	280.15	287.54499999999996	292.97999999999996	289.71
2017-06-17	280.03	287.65999999999997	293.34999999999997	290.10999999999996
2017-06-18	279.71999999999997	287.635	293.53	290.34999999999997
2017-06-19	279.44	287.625	293.5	290.5
2017-06-20	279.46999999999997	287.755	293.34	290.4
2017-06-21	279.59	287.945	293.27	290.28
2017-06-22	279.66999999999996	288.16999999999996	293.27	290.32
2017-06-23	279.65999999999997	288.34499999999997	293.19	290.46
2017-06-24	279.65	288.4	293.13	290.60999999999996
2017-06-25	279.62	288.42499999999995	293.04999999999995	290.65
2017-06-26	279.59	288.42499999999995	292.90999999999997	290.65
2017-06-27	279.64	288.44999999999993	292.79999999999995	290.65
2017-06-28	279.88	288.585	292.77	290.7
2017-06-29	280.28	288.90999999999997	293.14	291.06
2017-06-30	280.71	289.28499999999997	293.52	291.51
2017-07-01	281.04999999999995	289.59999999999997	293.72999999999996	291.63
2017-07-02	281.28999999999996	289.79499999999996	293.94	291.73999999999995
2017-07-03	281.72999999999996	290.16499999999996	294.22999999999996	292.02
2017-07-04	282.12	290.7	294.46	292.5
2017-07-05	282.32	291.155	294.75	292.94
2017-07-06	282.37	291.38	295.03	293.29999999999995
2017-07-07	282.31	291.375	295.12	293.5
2017-07-08	282.32	291.335	295.03	293.45
2017-07-09	282.56	291.465	295.06	293.44
2017-07-10	283.06	291.83	295.15999999999997	293.54999999999995
2017-07-11	283.48999999999995	292.145	295.32	293.82
2017-07-12	283.35999999999996	292.18999999999994	295.56	293.95
2017-07-13	283.08	292.08	295.73999999999995	293.90999999999997
2017-07-14	282.98999999999995	291.97499999999997	295.87	293.84999999999997
2017-07-15	283.28999999999996	291.97	295.94	293.84
2017-07-16	283.46	292.05499999999995	296.03	294.15999999999997
2017-07-17	283.85999999999996	292.23	296.17999999999995	294.63
2017-07-18	284.35999999999996	292.54499999999996	296.52	294.91999999999996
2017-07-19	284.85999999999996	292.79999999999995	296.94	295.10999999999996
2017-07-20	285.38	293.04999999999995	297.09999999999997	295.17999999999995
2017-07-21	285.63	293.27	297.09999999999997	295.21999999999997
2017-07-22	285.78	293.29499999999996	297.07	295.23999999999995
2017-07-23	285.83	293.18999999999994	297.06	295.12
2017-07-24	285.96999999999997	292.92499999999995	296.91999999999996	294.94
2017-07-25	286.46999999999997	292.84999999999997	296.69	294.72999999999996
2017-07-26	286.94	292.96	296.66999999999996	294.71999999999997
2017-07-27	287.44	293.015	296.79999999999995	294.84
2017-07-28	288.15	293.09499999999997	296.66999999999996	294.87
2017-07-29	288.73999999999995	293.215	296.42999999999995	294.98999999999995
2017-07-30	289.14	293.42499999999995	296.42999999999995	295.25
2017-07-31	289.34	293.765	296.65999999999997	295.52
2017-08-01	289.22999999999996	294.03	296.96999999999997	295.94
2017-08-02	288.83	294.03	297.15	296.21999999999997
2017-08-03	288.45	293.75	297.13	296.21
2017-08-04	288.0	293.31499999999994	296.75	295.83
2017-08-05	287.65	292.91499999999996	296.14	295.15
2017-08-06	287.64	292.83	295.85999999999996	294.72999999999996
2017-08-07	287.75	292.85499999999996	295.78	294.59
2017-08-08	287.85999999999996	292.875	295.7	294.47999999999996
2017-08-09	287.96	292.98999999999995	295.72999999999996	294.58
2017-08-10	288.10999999999996	293.135	295.87	294.7
2017-08-11	288.22999999999996	293.26	295.92999999999995	294.75
2017-08-12	288.34	293.35	295.89	294.72999999999996
2017-08-13	288.5	293.4	295.97999999999996	294.78999999999996
2017-08-14	288.64	293.52	296.28	295.0
2017-08-15	288.75	293.645	296.35999999999996	295.15999999999997
2017-08-16	288.85999999999996	293.78	296.45	295.17999999999995
2017-08-17	288.84999999999997	293.765	296.46999999999997	295.16999999999996
2017-08-18	288.77	293.645	296.4	295.2
2017-08-19	288.78999999999996	293.625	296.35999999999996	295.15
2017-08-20	288.88	293.65	296.45	295.17999999999995
2017-08-21	288.81	293.605	296.59	295.28999999999996
2017-08-22	288.58	293.41499999999996	296.46999999999997	294.98999999999995
2017-08-23	288.40999999999997	293.205	296.26	294.45
2017-08-24	288.38	293.0	296.07	294.12
2017-08-25	288.41999999999996	292.905	295.87	293.94
2017-08-26	288.5	292.88	295.75	293.9
2017-08-27	288.58	292.84999999999997	295.7	293.96
2017-08-28	288.67999999999995	292.79499999999996	295.62	294.02
2017-08-29	288.73999999999995	292.77	295.53	294.01
2017-08-30	288.67999999999995	292.745	295.48999999999995	294.03
2017-08-31	288.60999999999996	292.60999999999996	295.33	293.89
2017-09-01	288.59	292.47999999999996	294.94	293.57
2017-09-02	288.5	292.38	294.40999999999997	293.31
2017-09-03	288.39	292.225	293.97999999999996	293.12
2017-09-04	288.28	292.04499999999996	293.9	292.96
2017-09-05	288.15	291.865	293.81	292.85999999999996
2017-09-06	288.01	291.735	293.69	292.7
2017-09-07	287.9	291.59	293.58	292.57
2017-09-08	287.91999999999996	291.43499999999995	293.4	292.40999999999997
2017-09-09	287.95	291.35499999999996	293.28999999999996	292.27
2017-09-10	287.97999999999996	291.35	293.2	292.23999999999995
2017-09-11	288.12	291.39	293.19	292.28
2017-09-12	288.33	291.53499999999997	293.39	292.45
2017-09-13	288.45	291.72499999999997	293.62	292.71
2017-09-14	288.45	291.89	293.76	293.06
2017-09-15	288.38	292.09999999999997	293.91999999999996	293.25
2017-09-16	288.21999999999997	292.30499999999995	294.22999999999996	293.48999999999995
2017-09-17	288.02	292.41499999999996	294.59	293.85999999999996
2017-09-18	287.96999999999997	292.46	294.9	294.12
2017-09-19	288.12	292.59999999999997	295.28	294.37
2017-09-20	288.25	292.855	295.65999999999997	294.59999999999997
2017-09-21	288.46999999999997	293.325	295.88	294.78999999999996
2017-09-22	288.84	293.84	296.09999999999997	294.94
2017-09-23	289.42999999999995	294.205	296.42999999999995	295.17999999999995
2017-09-24	289.58	294.40999999999997	296.78999999999996	295.59
2017-09-25	289.13	294.35499999999996	296.98999999999995	296.03999999999996
2017-09-26	288.46999999999997	294.225	297.19	296.37
2017-09-27	287.91999999999996	293.79499999999996	296.97999999999996	296.14
2017-09-28	287.62	293.04999999999995	296.16999999999996	295.19
2017-09-29	287.45	292.43999999999994	295.2	294.17999999999995
2017-09-30	287.44	291.96	294.37	293.21
2017-10-01	287.41999999999996	291.71999999999997	293.9	292.66999999999996
2017-10-02	287.31	291.54999999999995	293.62	292.40999999999997
2017-10-03	287.15999999999997	291.34999999999997	293.53999999999996	292.26
2017-10-04	287.03	291.2099999999999	293.53999999999996	292.15
2017-10-05	286.87	291.085	293.46999999999997	292.01
2017-10-06	286.83	290.93999999999994	293.47999999999996	291.98999999999995
2017-10-07	286.83	290.765	293.51	291.83
2017-10-08	286.77	290.645	293.38	291.65
2017-10-09	286.67999999999995	290.54999999999995	293.10999999999996	291.42999999999995
2017-10-10	286.58	290.46500000000003	293.02	291.34
2017-10-11	286.44	290.29999999999995	292.78999999999996	291.15999999999997
2017-10-12	286.32	290.02	292.40999999999997	290.72999999999996
2017-10-13	286.15999999999997	289.63	292.14	290.21
2017-10-14	286.04999999999995	289.255	291.98999999999995	289.71
2017-10-15	285.81	288.89	291.78999999999996	289.31
2017-10-16	285.53	288.7	291.54999999999995	289.04999999999995
2017-10-17	285.37	288.5	291.35999999999996	288.96
2017-10-18	285.29999999999995	288.365	291.22999999999996	288.92999999999995
2017-10-19	285.21	288.245	291.12	288.88
2017-10-20	285.16999999999996	288.125	291.09999999999997	288.77
2017-10-21	285.09	288.1	291.10999999999996	288.72999999999996
2017-10-22	284.9	288.03499999999997	291.06	288.69
2017-10-23	284.7	287.88	290.97999999999996	288.59
2017-10-24	284.40999999999997	287.58	290.69	288.41999999999996
2017-10-25	284.09999999999997	287.2049999999999	290.27	288.19
2017-10-26	283.95	286.995	289.9	287.97999999999996
2017-10-27	283.9	286.81499999999994	289.75	287.82
2017-10-28	283.63	286.505	289.77	287.7
2017-10-29	283.15	285.98	289.48999999999995	287.38
2017-10-30	282.90999999999997	285.715	289.01	286.75
2017-10-31	282.46	285.37	288.39	285.96999999999997
2017-11-01	282.09	284.865	287.83	285.57
2017-11-02	281.4	284.53	287.09	285.09999999999997
2017-11-03	281.03999999999996	284.31499999999994	286.78	284.66999999999996
2017-11-04	280.34	284.09	286.54999999999995	284.46999999999997
2017-11-05	279.92999999999995	283.81499999999994	286.32	284.35999999999996
2017-11-06	279.82	283.705	286.15	284.17999999999995
2017-11-07	279.7	283.625	286.09999999999997	284.10999999999996
2017-11-08	279.59	283.55999999999995	286.06	284.09999999999997
2017-11-09	279.47999999999996	283.4	285.92999999999995	283.94
2017-11-10	279.4	283.16499999999996	285.66999999999996	283.57
2017-11-11	279.33	282.98999999999995	285.32	283.28999999999996
2017-11-12	279.27	282.78999999999996	285.04999999999995	283.10999999999996
2017-11-13	279.21	282.56499999999994	284.69	282.9
2017-11-14	279.17999999999995	282.33	284.26	282.65
2017-11-15	279.15999999999997	282.15999999999997	284.01	282.44
2017-11-16	278.97999999999996	281.95	283.84	282.28
2017-11-17	278.78999999999996	281.67999999999995	283.46	282.09
2017-11-18	278.64	281.29999999999995	283.03	281.92999999999995
2017-11-19	278.45	281.0	282.65999999999997	281.67999999999995
2017-11-20	278.35999999999996	280.89	282.62	281.59
2017-11-21	278.28	280.78499999999997	282.63	281.53999999999996
2017-11-22	278.23999999999995	280.65999999999997	282.39	281.40999999999997
2017-11-23	278.19	280.54499999999996	282.14	281.29999999999995
2017-11-24	278.09	280.495	282.04999999999995	281.23999999999995
2017-11-25	278.08	280.45	281.98999999999995	281.19
2017-11-26	278.09	280.395	281.85999999999996	281.03999999999996
2017-11-27	278.15	280.37	281.81	280.90999999999997
2017-11-28	278.16999999999996	280.365	281.84999999999997	280.89
2017-11-29	278.14	280.31499999999994	281.77	280.81
2017-11-30	278.07	280.21	281.63	280.69
2017-12-01	277.97999999999996	280.125	281.47999999999996	280.58
2017-12-02	277.90999999999997	280.03499999999997	281.37	280.45
2017-12-03	277.89	279.97499999999997	281.28999999999996	280.34999999999997
2017-12-04	277.91999999999996	279.96	281.26	280.33
2017-12-05	277.91999999999996	279.93499999999995	281.15	280.28999999999996
2017-12-06	277.9	279.9	280.97999999999996	280.25
2017-12-07	277.84999999999997	279.84999999999997	280.71999999999997	280.15
2017-12-08	277.81	279.77	280.34999999999997	280.03999999999996
2017-12-09	277.60999999999996	279.66499999999996	280.15999999999997	279.82
2017-12-10	277.47999999999996	279.35	280.01	279.57
2017-12-11	277.39	279.07499999999993	279.77	279.35999999999996
2017-12-12	277.37	278.89	279.38	279.15
2017-12-13	277.21999999999997	278.34999999999997	278.78999999999996	278.81
2017-12-14	277.03	278.06999999999994	278.25	278.53999999999996
2017-12-15	276.91999999999996	277.97499999999997	277.87	278.26
2017-12-16	276.89	277.79999999999995	277.62	278.13
2017-12-17	276.85999999999996	277.77	277.28999999999996	278.07
2017-12-18	276.90999999999997	277.89	277.33	278.21
2017-12-19	276.92999999999995	277.91999999999996	277.25	278.34
2017-12-20	276.85999999999996	277.855	277.22999999999996	278.31
2017-12-21	276.75	277.765	277.21	278.15999999999997
2017-12-22	276.67999999999995	277.69499999999994	277.17999999999995	278.02
2017-12-23	276.63	277.60499999999996	277.04999999999995	277.82
2017-12-24	276.57	277.54499999999996	276.89	277.65999999999997
2017-12-25	276.53	277.35999999999996	276.71	277.52
2017-12-26	276.42999999999995	277.205	276.52	277.40999999999997
2017-12-27	276.32	276.94	276.16999999999996	277.19
2017-12-28	276.13	276.625	275.81	277.09999999999997
2017-12-29	275.92999999999995	276.42999999999995	275.19	276.89
2017-12-30	275.92999999999995	276.075	274.67999999999995	276.71
2017-12-31	275.77	275.87	274.53999999999996	276.59999999999997
2018-01-01	275.62	275.825	274.42999999999995	276.44
2018-01-01	275.62	276.26	274.42999999999995	276.44
2018-01-01	275.62	275.39	274.42999999999995	276.44
2018-01-02	275.52	275.695	274.38	276.13
2018-01-03	275.39	275.5799999999999	274.14	275.94
2018-01-04	275.34	275.59499999999997	273.76	276.17999999999995
2018-01-05	275.17999999999995	275.38	273.56	275.96999999999997
2018-01-06	275.09	275.28999999999996	273.34999999999997	275.84
2018-01-07	274.92999999999995	275.345	273.34999999999997	275.5
2018-01-08	275.01	275.315	273.51	275.72999999999996
2018-01-09	275.04999999999995	275.355	273.52	275.78999999999996
2018-01-10	275.03999999999996	275.365	273.53999999999996	275.82
2018-01-11	275.01	275.33	273.34999999999997	275.81
2018-01-12	274.96999999999997	275.27	273.64	275.82
2018-01-13	274.89	275.12	273.44	275.73999999999995
2018-01-14	274.81	275.025	273.39	275.53
2018-01-15	274.76	275.025	273.37	275.40999999999997
2018-01-16	274.71	274.93499999999995	273.35999999999996	275.33
2018-01-17	274.84	274.93499999999995	273.38	275.42999999999995
2018-01-18	274.9	275.03999999999996	273.4	275.57
2018-01-19	274.87	274.96	273.34999999999997	275.71
2018-01-20	274.83	274.995	273.34999999999997	275.76
2018-01-21	274.79999999999995	275.03499999999997	273.34999999999997	275.7
2018-01-22	274.73999999999995	275.015	273.35999999999996	275.66999999999996
2018-01-23	274.67999999999995	274.97499999999997	273.35999999999996	275.63
2018-01-24	274.65999999999997	274.88	273.34999999999997	275.58
2018-01-25	274.62	274.885	273.34999999999997	275.53999999999996
2018-01-26	274.51	274.985	273.58	275.47999999999996
2018-01-27	274.53	274.99	273.59999999999997	275.54999999999995
2018-01-28	274.54999999999995	275.0	273.60999999999996	275.64
2018-01-29	274.5	274.93999999999994	273.56	275.56
2018-01-30	274.42999999999995	274.84499999999997	273.52	275.48999999999995
2018-01-31	274.34	274.84	273.35999999999996	275.48999999999995
2018-02-01	274.34999999999997	274.82499999999993	273.52	275.51
2018-02-02	274.27	274.69499999999994	273.56	275.44
2018-02-03	274.03	274.65	273.58	275.41999999999996
2018-02-04	273.90999999999997	274.525	273.34999999999997	275.37
2018-02-05	273.77	274.32	273.34999999999997	275.28999999999996
2018-02-06	273.65	274.30999999999995	273.34999999999997	275.21
2018-02-07	273.63	274.07	273.34999999999997	275.14
2018-02-08	273.59	274.09	273.34999999999997	275.02
2018-02-09	273.56	274.04499999999996	273.34999999999997	274.97999999999996
2018-02-10	273.5	274.02	273.34999999999997	275.01
2018-02-11	273.44	273.9	273.34999999999997	275.04999999999995
2018-02-12	273.46999999999997	274.015	273.34999999999997	275.03999999999996
2018-02-13	273.5	274.04999999999995	273.34999999999997	274.85999999999996
2018-02-14	273.46999999999997	274.17999999999995	273.34999999999997	275.02
2018-02-15	273.45	274.155	273.34999999999997	275.16999999999996
2018-02-16	273.45	274.155	273.34999999999997	275.16999999999996
2018-02-17	273.53999999999996	274.195	273.34999999999997	275.15999999999997
2018-02-18	273.53999999999996	274.28499999999997	273.34999999999997	275.2
2018-02-19	273.53	274.23	273.53	275.25
2018-02-20	273.45	274.26	273.54999999999995	275.28999999999996
2018-02-21	273.45	274.395	273.59	275.32
2018-02-22	273.39	274.28499999999997	273.37	275.31
2018-02-23	273.39	274.28	273.34999999999997	275.32
2018-02-24	273.40999999999997	274.4	273.34999999999997	275.37
2018-02-25	273.40999999999997	274.45	273.76	275.41999999999996
2018-02-26	273.46999999999997	274.505	273.87	275.4
2018-02-27	273.48999999999995	274.54999999999995	274.03	275.39
2018-02-28	273.47999999999996	274.59999999999997	274.03999999999996	275.4
2018-03-01	273.46999999999997	274.57	274.10999999999996	275.4
2018-03-02	273.45	274.525	274.13	275.41999999999996
2018-03-03	273.39	274.515	274.17999999999995	275.41999999999996
2018-03-04	273.40999999999997	274.51	274.22999999999996	275.4
2018-03-05	273.40999999999997	274.47	274.21999999999997	275.34999999999997
2018-03-06	273.41999999999996	274.46999999999997	274.2	275.35999999999996
2018-03-07	273.44	274.49	274.2	275.33
2018-03-08	273.46	274.41999999999996	274.21	275.32
2018-03-09	273.46999999999997	274.405	274.16999999999996	275.31
2018-03-10	273.47999999999996	274.42499999999995	274.12	275.26
2018-03-11	273.46999999999997	274.42999999999995	274.12	275.22999999999996
2018-03-12	273.46	274.455	274.14	275.23999999999995
2018-03-13	273.47999999999996	274.47499999999997	274.2	275.31
2018-03-14	273.5	274.53999999999996	274.26	275.34999999999997
2018-03-15	273.56	274.56999999999994	274.29999999999995	275.37
2018-03-16	273.56	274.62	274.34999999999997	275.40999999999997
2018-03-17	273.54999999999995	274.67999999999995	274.41999999999996	275.46999999999997
2018-03-18	273.54999999999995	274.71999999999997	274.51	275.42999999999995
2018-03-19	273.53	274.655	274.51	275.45
2018-03-20	273.48999999999995	274.615	274.46	275.40999999999997
2018-03-21	273.46999999999997	274.6	274.5	275.40999999999997
2018-03-22	273.45	274.63	274.59	275.46999999999997
2018-03-23	273.42999999999995	274.71	274.7	275.51
2018-03-24	273.39	274.745	274.78	275.59999999999997
2018-03-25	273.38	274.69999999999993	274.84	275.65999999999997
2018-03-26	273.48999999999995	274.735	274.84	275.71999999999997
2018-03-27	273.59999999999997	274.765	274.82	275.76
2018-03-28	273.58	274.775	274.83	275.72999999999996
2018-03-29	273.57	274.74	274.85999999999996	275.71999999999997
2018-03-30	273.59	274.7	274.97999999999996	275.73999999999995
2018-03-31	273.60999999999996	274.73499999999996	275.08	275.76
2018-04-01	273.59999999999997	274.73499999999996	275.17999999999995	275.7
2018-04-02	273.63	274.745	275.23999999999995	275.7
2018-04-03	273.65	274.77	275.27	275.71999999999997
2018-04-04	273.59	274.73499999999996	275.33	275.78
2018-04-05	273.66999999999996	274.76	275.4	275.83
2018-04-06	273.62	274.75	275.40999999999997	275.73999999999995
2018-04-07	273.64	274.76	275.42999999999995	275.67999999999995
2018-04-08	273.64	274.73	275.42999999999995	275.63
2018-04-09	273.4	274.72999999999996	275.42999999999995	275.63
2018-04-10	273.54999999999995	274.775	275.47999999999996	275.64
2018-04-11	273.65	274.87	275.53999999999996	275.60999999999996
2018-04-12	273.90999999999997	275.0	275.65999999999997	275.65
2018-04-13	273.97999999999996	275.03	275.95	275.77
2018-04-14	274.03999999999996	275.05499999999995	276.15999999999997	275.91999999999996
2018-04-15	274.07	275.04499999999996	276.33	276.03999999999996
2018-04-16	274.15	275.09999999999997	276.65	276.17999999999995
2018-04-17	274.17999999999995	275.09999999999997	276.72999999999996	276.23999999999995
2018-04-18	274.19	275.10499999999996	276.76	276.23999999999995
2018-04-19	274.22999999999996	275.145	276.72999999999996	276.25
2018-04-20	274.26	275.205	276.76	276.23999999999995
2018-04-21	274.34999999999997	275.25	276.92999999999995	276.28999999999996
2018-04-22	274.35999999999996	275.37	277.21	276.38
2018-04-23	274.44	275.52	277.57	276.52
2018-04-24	274.39	275.63	278.23999999999995	276.78999999999996
2018-04-25	274.39	275.68999999999994	279.31	277.44
2018-04-26	274.48999999999995	275.745	279.09999999999997	277.41999999999996
2018-04-27	274.54999999999995	275.875	278.67999999999995	277.12
2018-04-28	274.66999999999996	276.02	278.54999999999995	277.08
2018-04-29	274.76	276.115	278.57	277.09
2018-04-30	274.90999999999997	276.28499999999997	278.81	277.16999999999996
2018-05-01	275.0	276.565	279.21	277.39
2018-05-02	275.03	276.67999999999995	279.47999999999996	277.76
2018-05-03	275.06	276.74	279.73999999999995	277.97999999999996
2018-05-04	275.10999999999996	276.905	280.19	277.96
2018-05-05	275.2	277.06499999999994	280.71	277.98999999999995
2018-05-06	275.27	277.13	281.35999999999996	278.14
2018-05-07	275.46999999999997	277.28	281.90999999999997	278.28999999999996
2018-05-08	275.53999999999996	277.47499999999997	282.59999999999997	278.53
2018-05-09	275.41999999999996	277.59	282.84	278.89
2018-05-10	275.32	277.615	282.63	278.92999999999995
2018-05-11	275.31	277.71999999999997	282.53	278.85999999999996
2018-05-12	275.40999999999997	277.92999999999995	282.62	278.98999999999995
2018-05-13	275.63	278.155	282.69	279.22999999999996
2018-05-14	275.90999999999997	278.39	282.94	279.46999999999997
2018-05-15	275.9	278.62	283.54999999999995	279.76
2018-05-16	275.96999999999997	278.84499999999997	284.28	280.26
2018-05-17	275.96	278.98	284.77	280.82
2018-05-18	275.91999999999996	279.03499999999997	284.92999999999995	280.75
2018-05-19	276.04999999999995	279.24	285.44	280.67999999999995
2018-05-20	276.19	279.48999999999995	285.62	280.71999999999997
2018-05-21	276.4	279.86	285.87	280.79999999999995
2018-05-22	276.71	280.34499999999997	286.53999999999996	281.22999999999996
2018-05-23	277.03	280.755	286.91999999999996	281.57
2018-05-24	277.31	281.28499999999997	287.44	281.96999999999997
2018-05-25	277.71	282.04999999999995	288.33	282.47999999999996
2018-05-26	278.21	282.895	289.46999999999997	283.26
2018-05-27	278.52	283.45	290.82	284.26
2018-05-28	278.65	283.705	291.66999999999996	284.98999999999995
2018-05-29	278.62	283.62	291.82	285.44
2018-05-30	278.41999999999996	283.32499999999993	291.42999999999995	285.53999999999996
2018-05-31	277.96	283.09	290.95	285.72999999999996
2018-06-01	277.46	282.59999999999997	290.56	285.92999999999995
2018-06-02	277.13	282.09499999999997	290.09	285.7
2018-06-03	277.09999999999997	281.81499999999994	289.79999999999995	285.38
2018-06-04	277.15999999999997	281.68999999999994	289.52	284.98999999999995
2018-06-05	277.17999999999995	281.71	289.34999999999997	284.90999999999997
2018-06-06	277.21999999999997	281.825	289.37	285.09999999999997
2018-06-07	277.32	282.2	289.58	285.65
2018-06-08	277.51	282.64	289.96	286.32
2018-06-09	277.96	283.125	290.15	286.56
2018-06-10	278.39	283.59999999999997	290.12	286.62
2018-06-11	278.5	283.99	290.09999999999997	286.78
2018-06-12	278.57	284.325	290.23999999999995	287.01
2018-06-13	278.64	284.47999999999996	290.65999999999997	286.91999999999996
2018-06-14	278.72999999999996	284.59499999999997	290.92999999999995	286.66999999999996
2018-06-15	278.90999999999997	284.89	291.22999999999996	286.75
2018-06-16	279.21	285.41499999999996	291.82	287.38
2018-06-17	279.46999999999997	286.04999999999995	292.56	288.21
2018-06-18	279.66999999999996	286.45	292.94	288.66999999999996
2018-06-19	279.72999999999996	286.62	292.90999999999997	288.75
2018-06-20	279.73999999999995	286.84	292.78	288.95
2018-06-21	279.63	286.9	292.75	289.09999999999997
2018-06-22	279.64	287.02	293.01	289.21999999999997
2018-06-23	279.65999999999997	287.205	293.07	289.46
2018-06-24	279.59999999999997	287.39	293.03	289.7
2018-06-25	279.56	287.585	293.16999999999996	289.84
2018-06-26	279.82	288.16499999999996	293.71	290.15
2018-06-27	280.28999999999996	289.09	294.75	291.02
2018-06-28	280.65	289.91499999999996	295.48999999999995	292.15999999999997
2018-06-29	281.12	290.41999999999996	295.9	292.87
2018-06-30	281.46999999999997	290.91999999999996	296.51	294.04999999999995
2018-07-01	281.47999999999996	291.155	297.06	295.03999999999996
2018-07-02	281.41999999999996	291.16999999999996	297.28	295.53999999999996
2018-07-03	281.60999999999996	291.66999999999996	297.52	295.66999999999996
2018-07-04	281.79999999999995	292.385	298.09	295.92999999999995
2018-07-05	281.62	292.28	297.96	296.03
2018-07-06	281.57	291.62	297.03	295.28999999999996
2018-07-07	282.04999999999995	291.37	296.54999999999995	294.73999999999995
2018-07-08	282.60999999999996	291.46999999999997	296.54999999999995	294.82
2018-07-09	282.84	291.71999999999997	296.65999999999997	294.94
2018-07-10	282.88	291.95	296.7	294.96999999999997
2018-07-11	283.03	292.215	296.69	294.97999999999996
2018-07-12	283.28999999999996	292.49	296.79999999999995	295.03
2018-07-13	283.71999999999997	292.87	297.21999999999997	295.31
2018-07-14	284.06	293.365	297.59999999999997	295.71999999999997
2018-07-15	283.77	293.67999999999995	298.03	296.10999999999996
2018-07-16	283.25	293.69	298.09999999999997	296.25
2018-07-17	283.07	293.46	297.84	296.09999999999997
2018-07-18	283.34	293.34499999999997	297.62	295.84999999999997
2018-07-19	283.73999999999995	293.385	297.48999999999995	295.75
2018-07-20	284.15999999999997	293.41499999999996	297.46	295.78
2018-07-21	284.66999999999996	293.45	297.45	295.79999999999995
2018-07-22	285.2	293.485	297.42999999999995	295.77
2018-07-23	285.77	293.55499999999995	297.35999999999996	295.67999999999995
2018-07-24	285.98999999999995	293.67999999999995	297.34	295.54999999999995
2018-07-25	285.84999999999997	293.76	297.4	295.38
2018-07-26	285.71999999999997	293.73	297.31	295.21999999999997
2018-07-27	285.65999999999997	293.65	297.09	295.14
2018-07-28	285.69	293.62	296.96	295.06
2018-07-29	286.2	293.77	296.98999999999995	295.07
2018-07-30	286.82	294.06499999999994	297.10999999999996	295.21
2018-07-31	287.13	294.25	297.26	295.53
2018-08-01	286.95	294.405	297.44	295.97999999999996
2018-08-02	286.53	294.54499999999996	297.59	296.41999999999996
2018-08-03	286.41999999999996	294.725	297.65	296.66999999999996
2018-08-04	286.7	294.92499999999995	297.78999999999996	296.88
2018-08-05	287.09999999999997	295.1	298.02	297.17999999999995
2018-08-06	287.29999999999995	295.13	298.15999999999997	297.34999999999997
2018-08-07	287.5	295.155	298.09999999999997	297.28999999999996
2018-08-08	288.08	295.335	297.92999999999995	297.21
2018-08-09	288.78999999999996	295.51	297.87	297.21999999999997
2018-08-10	289.19	295.715	298.03	297.22999999999996
2018-08-11	289.56	295.88	298.21999999999997	297.33
2018-08-12	289.96999999999997	296.03	298.27	297.42999999999995
2018-08-13	290.13	296.19499999999994	298.21999999999997	297.44
2018-08-14	289.92999999999995	296.28499999999997	298.2	297.32
2018-08-15	289.69	296.30499999999995	298.13	297.26
2018-08-16	289.7	296.325	297.96	297.27
2018-08-17	289.76	296.235	297.71999999999997	297.09999999999997
2018-08-18	289.76	296.10499999999996	297.53999999999996	296.78
2018-08-19	289.76	296.105	297.38	296.64
2018-08-20	289.53999999999996	296.025	297.31	296.62
2018-08-21	289.19	295.645	297.16999999999996	296.46
2018-08-22	289.03	295.255	296.96	296.12
2018-08-23	289.04999999999995	295.01	296.87	295.91999999999996
2018-08-24	289.06	294.865	296.78	295.82
2018-08-25	289.09	294.71	296.83	295.84999999999997
2018-08-26	289.09999999999997	294.58	297.0	295.87
2018-08-27	289.01	294.585	297.29999999999995	296.01
2018-08-28	288.71999999999997	294.42499999999995	297.35999999999996	296.23999999999995
2018-08-29	288.48999999999995	294.075	297.34	296.23999999999995
2018-08-30	288.48999999999995	293.79499999999996	297.22999999999996	296.02
2018-08-31	288.59999999999997	293.735	297.15999999999997	295.90999999999997
2018-09-01	288.76	293.78999999999996	297.4	296.07
2018-09-02	288.84999999999997	293.84499999999997	297.75	296.38
2018-09-03	288.88	293.89	298.01	296.7
2018-09-04	288.88	294.02	298.41999999999996	297.10999999999996
2018-09-05	288.87	294.06499999999994	298.78999999999996	297.53999999999996
2018-09-06	288.9	293.94	298.76	297.53999999999996
2018-09-07	288.84	293.67999999999995	298.37	297.10999999999996
2018-09-08	288.71	293.38	297.77	296.60999999999996
2018-09-09	288.59	293.03999999999996	297.0	295.98999999999995
2018-09-10	288.53999999999996	292.755	296.15999999999997	295.31
2018-09-11	288.65999999999997	292.65	295.45	294.69
2018-09-12	288.84999999999997	292.7	295.23999999999995	294.37
2018-09-13	289.04999999999995	292.87	295.37	294.28
2018-09-14	289.19	293.2099999999999	295.60999999999996	294.57
2018-09-15	289.25	293.55999999999995	295.83	294.98999999999995
2018-09-16	289.35999999999996	293.81499999999994	296.02	295.22999999999996
2018-09-17	289.09999999999997	293.95	296.08	295.22999999999996
2018-09-18	288.59	293.78	296.09999999999997	295.13
2018-09-19	288.14	293.365	295.96	294.87
2018-09-20	287.46	292.995	295.85999999999996	294.46999999999997
2018-09-21	286.26	292.505	295.87	294.04999999999995
2018-09-22	285.53	291.865	295.46	293.40999999999997
2018-09-23	285.52	291.52	294.87	292.73999999999995
2018-09-24	285.19	291.34499999999997	294.62	292.45
2018-09-25	284.58	291.16999999999996	294.51	292.33
2018-09-26	284.02	290.84999999999997	294.21	291.96
2018-09-27	283.62	290.53999999999996	293.9	291.46999999999997
2018-09-28	283.34999999999997	290.25	293.76	291.21999999999997
2018-09-29	283.10999999999996	290.0	293.65	291.13
2018-09-30	282.96	289.91499999999996	293.48999999999995	291.02
2018-10-01	282.85999999999996	289.72999999999996	293.38	290.84
2018-10-02	282.78	289.445	293.2	290.46
2018-10-03	282.72999999999996	289.10499999999996	293.08	290.15
2018-10-04	282.57	288.79999999999995	292.96	289.92999999999995
2018-10-05	282.46999999999997	288.67499999999995	292.9	289.83
2018-10-06	282.33	288.705	293.03999999999996	289.96999999999997
2018-10-07	282.15999999999997	288.62	293.21	290.28
2018-10-08	281.75	288.57499999999993	293.4	290.62
2018-10-09	281.22999999999996	288.395	293.54999999999995	291.03
2018-10-10	280.98999999999995	288.05499999999995	293.46999999999997	291.03
2018-10-11	280.81	287.42499999999995	293.21	290.4
2018-10-12	280.63	286.745	292.62	289.42999999999995
2018-10-13	280.5	286.19999999999993	291.78	288.53999999999996
2018-10-14	280.40999999999997	285.885	291.25	288.07
2018-10-15	280.32	285.515	290.85999999999996	287.63
2018-10-16	280.31	285.225	290.25	287.07
2018-10-17	280.34999999999997	284.93499999999995	289.71999999999997	286.34
2018-10-18	280.38	284.77	289.15	285.59999999999997
2018-10-19	280.34	284.62	288.79999999999995	285.22999999999996
2018-10-20	280.15999999999997	284.27	288.35999999999996	284.84999999999997
2018-10-21	280.0	283.85999999999996	287.71999999999997	284.73999999999995
2018-10-22	279.92999999999995	283.60499999999996	287.13	284.59999999999997
2018-10-23	279.9	283.525	286.90999999999997	284.5
2018-10-24	279.87	283.42999999999995	286.83	284.46
2018-10-25	279.85999999999996	283.34	286.59	284.23999999999995
2018-10-26	279.85999999999996	283.325	286.45	284.07
2018-10-27	279.84999999999997	283.235	286.13	283.89
2018-10-28	279.82	283.09499999999997	285.78	283.67999999999995
2018-10-29	279.77	282.955	285.46	283.45
2018-10-30	279.73999999999995	282.9	285.4	283.41999999999996
2018-10-31	279.72999999999996	282.85999999999996	285.37	283.4
2018-11-01	279.65999999999997	282.79999999999995	285.25	283.32
2018-11-02	279.62	282.69999999999993	284.89	283.12
2018-11-03	279.59	282.61	284.59999999999997	282.92999999999995
2018-11-04	279.56	282.51	284.48999999999995	282.78999999999996
2018-11-05	279.52	282.375	284.47999999999996	282.7
2018-11-06	279.46999999999997	282.215	284.46999999999997	282.60999999999996
2018-11-07	279.4	282.05499999999995	284.39	282.47999999999996
2018-11-08	279.27	281.84999999999997	284.21	282.28
2018-11-09	279.13	281.40999999999997	283.71	281.98999999999995
2018-11-10	278.94	281.19	283.33	281.51
2018-11-11	278.78	280.905	283.01	281.28
2018-11-12	278.59	280.735	282.82	281.19
2018-11-13	278.48999999999995	280.58	282.65999999999997	281.07
2018-11-14	278.37	280.29499999999996	282.03999999999996	280.90999999999997
2018-11-15	278.34999999999997	280.185	281.66999999999996	280.71
2018-11-16	278.32	280.09	281.4	280.46999999999997
2018-11-17	278.25	279.99	281.02	280.15999999999997
2018-11-18	278.25	279.9	280.83	280.02
2018-11-19	278.21	279.81999999999994	280.7	279.89
2018-11-20	278.13	279.68499999999995	280.54999999999995	279.78
2018-11-21	278.03	279.56	280.39	279.62
2018-11-22	277.92999999999995	279.47499999999997	280.19	279.42999999999995
2018-11-23	277.88	279.38	280.08	279.28999999999996
2018-11-24	277.81	279.40999999999997	280.07	279.28999999999996
2018-11-25	277.77	279.38	280.03	279.28999999999996
2018-11-26	277.75	279.28	279.97999999999996	279.31
2018-11-27	277.71999999999997	279.17999999999995	279.88	279.28999999999996
2018-11-28	277.52	279.04499999999996	279.76	279.21999999999997
2018-11-29	277.35999999999996	278.74	279.64	279.17999999999995
2018-11-30	277.32	278.575	279.53999999999996	279.14
2018-12-01	277.25	278.45	279.58	279.12
2018-12-02	277.23999999999995	278.395	279.59999999999997	279.15
2018-12-03	277.21	278.32	279.5	279.08
2018-12-04	277.21	278.25	279.15999999999997	278.90999999999997
2018-12-05	277.28999999999996	278.19499999999994	278.84999999999997	278.89
2018-12-06	277.35999999999996	278.15	278.60999999999996	278.84999999999997
2018-12-07	277.29999999999995	278.085	278.44	278.79999999999995
2018-12-08	277.34999999999997	278.05999999999995	278.32	278.73999999999995
2018-12-09	277.37	278.03999999999996	278.21999999999997	278.72999999999996
2018-12-10	277.40999999999997	278.03	278.13	278.65999999999997
2018-12-11	277.44	278.03499999999997	278.08	278.59
2018-12-12	277.52	278.04999999999995	277.98999999999995	278.51
2018-12-13	277.54999999999995	278.07	277.9	278.5
2018-12-14	277.58	278.09	277.90999999999997	278.56
2018-12-15	277.64	278.125	277.95	278.52
2018-12-16	277.69	278.16499999999996	277.98999999999995	278.45
2018-12-17	277.64	278.12	277.95	278.37
2018-12-18	277.57	278.01	277.83	278.34
2018-12-19	277.53999999999996	277.955	277.78999999999996	278.38
2018-12-20	277.53999999999996	277.94999999999993	277.72999999999996	278.46
2018-12-21	277.48999999999995	277.955	277.73999999999995	278.45
2018-12-22	277.47999999999996	277.93499999999995	277.71999999999997	278.38
2018-12-23	277.46	277.85	277.67999999999995	278.29999999999995
2018-12-24	277.46999999999997	277.74	277.59	278.25
2018-12-25	277.46	277.63	277.46999999999997	278.16999999999996
2018-12-26	277.33	277.40999999999997	277.33	278.10999999999996
2018-12-27	277.14	277.225	277.25	278.03
2018-12-28	277.09999999999997	277.15999999999997	277.28	278.02
2018-12-29	276.84999999999997	277.14	277.21999999999997	277.90999999999997
2018-12-30	276.75	277.08	277.17999999999995	277.75
2018-12-31	276.67999999999995	277.06999999999994	277.15999999999997	277.65999999999997
2019-01-01	276.44	276.995	277.21	277.73999999999995
2019-01-01	276.44	277.34	277.21	277.73999999999995
2019-01-01	276.44	276.65	277.21	277.73999999999995
2019-01-02	276.37	276.93999999999994	277.21	277.77
2019-01-03	276.35999999999996	276.95	277.21999999999997	277.84999999999997
2019-01-04	276.42999999999995	276.995	277.21	277.85999999999996
2019-01-05	276.40999999999997	277.03	277.15	277.82
2019-01-06	276.41999999999996	276.995	277.12	277.72999999999996
2019-01-07	276.44	276.93999999999994	277.07	277.65
2019-01-08	276.44	276.87	276.96999999999997	277.57
2019-01-09	276.33	276.77	276.79999999999995	277.42999999999995
2019-01-10	276.23999999999995	276.67499999999995	276.57	277.27
2019-01-11	276.14	276.53499999999997	276.37	277.13
2019-01-12	276.04999999999995	276.39	276.2	276.94
2019-01-13	275.96	276.31999999999994	276.27	276.90999999999997
2019-01-14	275.96	276.19999999999993	276.15999999999997	276.81
2019-01-15	275.94	276.16499999999996	275.96	276.71999999999997
2019-01-16	275.94	276.07	275.73999999999995	276.71999999999997
2019-01-17	275.89	276.02	275.37	276.54999999999995
2019-01-18	275.77	275.90999999999997	275.28	276.59999999999997
2019-01-19	275.53999999999996	275.755	274.90999999999997	276.31
2019-01-20	275.4	275.55999999999995	274.65	276.08
2019-01-21	275.21	275.46999999999997	274.46999999999997	275.87
2019-01-22	275.16999999999996	275.37	274.31	275.82
2019-01-23	275.16999999999996	275.405	274.32	275.89
2019-01-24	275.21	275.36	274.48999999999995	275.90999999999997
2019-01-25	275.13	275.17999999999995	274.17999999999995	275.76
2019-01-26	274.96	275.11	273.89	275.78999999999996
2019-01-27	275.0	275.085	273.85999999999996	275.66999999999996
2019-01-28	274.63	274.825	273.60999999999996	275.52
2019-01-29	274.47999999999996	274.80999999999995	273.60999999999996	275.5
2019-01-30	274.46999999999997	274.765	273.45	275.53999999999996
2019-01-31	274.21	274.615	273.38	275.45
2019-02-01	273.94	274.42999999999995	273.34999999999997	275.19
2019-02-02	273.84999999999997	274.48	273.34999999999997	275.27
2019-02-03	273.9	274.475	273.46999999999997	275.56
2019-02-04	273.83	274.42499999999995	273.4	275.75
2019-02-05	273.85999999999996	274.5	273.34999999999997	275.7
2019-02-06	273.78999999999996	274.47	273.45	275.63
2019-02-07	273.71999999999997	274.39	273.42999999999995	275.37
2019-02-08	273.54999999999995	274.37	273.41999999999996	275.44
2019-02-09	273.56	274.365	273.34999999999997	275.38
2019-02-10	273.52	274.27	273.34999999999997	275.27
2019-02-11	273.51	274.22499999999997	273.34999999999997	275.16999999999996
2019-02-12	273.51	274.18499999999995	273.34999999999997	275.08
2019-02-13	273.53	274.17499999999995	273.34999999999997	275.15999999999997
2019-02-14	273.52	274.15999999999997	273.34999999999997	275.16999999999996
2019-02-15	273.51	274.215	273.34999999999997	275.22999999999996
2019-02-16	273.51	274.19	273.34999999999997	275.19
2019-02-17	273.48999999999995	274.13	273.34999999999997	275.03999999999996
2019-02-18	273.46999999999997	274.06499999999994	273.34999999999997	274.90999999999997
2019-02-19	273.44	274.015	273.34999999999997	274.79999999999995
2019-02-20	273.44	274.05499999999995	273.34999999999997	274.54999999999995
2019-02-21	273.44	274.12	273.34999999999997	274.76
2019-02-22	273.44	274.095	273.34999999999997	275.0
2019-02-23	273.46	274.145	273.34999999999997	275.03999999999996
2019-02-24	273.46	274.10499999999996	273.34999999999997	275.09999999999997
2019-02-25	273.42999999999995	274.105	273.34999999999997	275.0
2019-02-26	273.4	274.05999999999995	273.34999999999997	274.67999999999995
2019-02-27	273.4	273.995	273.34999999999997	274.65999999999997
2019-02-28	273.38	273.985	273.34999999999997	274.51
2019-03-01	273.38	273.80499999999995	273.34999999999997	274.27
2019-03-02	273.38	273.86	273.34999999999997	274.51
2019-03-03	273.38	273.875	273.34999999999997	274.44
2019-03-04	273.35999999999996	273.85499999999996	273.34999999999997	274.5
2019-03-05	273.34999999999997	273.73	273.34999999999997	274.53999999999996
2019-03-06	273.34999999999997	273.745	273.34999999999997	274.5
2019-03-07	273.34999999999997	273.77	273.34999999999997	274.5
2019-03-08	273.34999999999997	273.69499999999994	273.34999999999997	274.41999999999996
2019-03-09	273.34999999999997	273.72999999999996	273.34999999999997	274.46999999999997
2019-03-10	273.34999999999997	273.80499999999995	273.34999999999997	274.69
2019-03-11	273.34999999999997	273.875	273.34999999999997	274.95
2019-03-12	273.35999999999996	274.0	273.41999999999996	275.07
2019-03-13	273.35999999999996	274.04499999999996	273.46999999999997	275.12
2019-03-14	273.34999999999997	274.03999999999996	273.53	275.12
2019-03-15	273.34999999999997	274.04999999999995	273.59	275.12
2019-03-16	273.34999999999997	274.17499999999995	273.98999999999995	275.04999999999995
2019-03-17	273.5	274.155	273.96999999999997	275.01
2019-03-18	273.48999999999995	274.25	274.03	275.02
2019-03-19	273.47999999999996	274.2049999999999	274.17999999999995	275.09
2019-03-20	273.53	274.30999999999995	274.34	275.2
2019-03-21	273.67999999999995	274.41999999999996	274.44	275.28
2019-03-22	273.73999999999995	274.56999999999994	274.62	275.34999999999997
2019-03-23	273.79999999999995	274.65	274.71	275.44
2019-03-24	273.84999999999997	274.73	274.84999999999997	275.52
2019-03-25	273.72999999999996	274.67499999999995	274.9	275.42999999999995
2019-03-26	273.90999999999997	274.68999999999994	274.91999999999996	275.41999999999996
2019-03-27	273.90999999999997	274.715	274.95	275.45
2019-03-28	273.9	274.75	275.06	275.5
2019-03-29	273.88	274.75	275.15999999999997	275.53
2019-03-30	273.88	274.705	275.21999999999997	275.47999999999996
2019-03-31	273.87	274.65	275.28999999999996	275.40999999999997
2019-04-01	274.03	274.69	275.35999999999996	275.38
2019-04-02	274.03	274.735	275.46999999999997	275.40999999999997
2019-04-03	274.07	274.78	275.62	275.46
2019-04-04	274.14	274.78999999999996	275.63	275.40999999999997
2019-04-05	274.10999999999996	274.80499999999995	275.75	275.46999999999997
2019-04-06	274.19	274.895	276.13	275.65999999999997
2019-04-07	274.21999999999997	275.025	276.33	275.78
2019-04-08	274.28999999999996	275.125	276.58	275.89
2019-04-09	274.34999999999997	275.2	276.81	275.9
2019-04-10	274.42999999999995	275.21	276.79999999999995	275.9
2019-04-11	274.45	275.28999999999996	276.84	276.0
2019-04-12	274.48999999999995	275.375	276.98999999999995	276.10999999999996
2019-04-13	274.48999999999995	275.395	277.17999999999995	276.19
2019-04-14	274.53999999999996	275.44499999999994	277.32	276.19
2019-04-15	274.58	275.55999999999995	277.4	276.2
2019-04-16	274.57	275.57	277.51	276.16999999999996
2019-04-17	274.56	275.585	277.57	276.06
2019-04-18	274.7	275.655	277.76	276.09999999999997
2019-04-19	274.78	275.72499999999997	278.09	276.23999999999995
2019-04-20	274.84999999999997	275.755	278.27	276.38
2019-04-21	274.83	275.78999999999996	278.35999999999996	276.53
2019-04-22	274.78999999999996	275.84499999999997	278.44	276.65
2019-04-23	274.78	275.88	278.65	276.63
2019-04-24	274.71999999999997	275.9	278.75	276.45
2019-04-25	274.72999999999996	275.995	278.85999999999996	276.37
2019-04-26	274.75	276.025	279.02	276.53
2019-04-27	274.7	276.015	279.09	276.69
2019-04-28	274.65999999999997	276.085	279.21999999999997	276.77
2019-04-29	274.81	276.12	279.26	276.77
2019-04-30	274.87	276.17999999999995	279.34	276.83
2019-05-01	274.94	276.28499999999997	279.62	276.96
2019-05-02	274.96999999999997	276.37	280.04999999999995	277.15999999999997
2019-05-03	275.0	276.42499999999995	280.41999999999996	277.35999999999996
2019-05-04	275.15	276.54499999999996	280.79999999999995	277.54999999999995
2019-05-05	275.21	276.72499999999997	281.10999999999996	277.75
2019-05-06	275.21999999999997	276.835	281.2	277.89
2019-05-07	275.28999999999996	276.88	281.13	277.84
2019-05-08	275.32	276.90999999999997	280.92999999999995	277.77
2019-05-09	275.32	276.96	280.95	277.77
2019-05-10	275.34	276.99	280.84999999999997	277.72999999999996
2019-05-11	275.4	277.025	280.84	277.69
2019-05-12	275.47999999999996	277.145	281.04999999999995	277.77
2019-05-13	275.54999999999995	277.30999999999995	281.33	277.89
2019-05-14	275.65	277.47999999999996	281.51	277.96
2019-05-15	275.77	277.64	281.66999999999996	277.98999999999995
2019-05-16	275.88	277.67999999999995	281.85999999999996	278.15999999999997
2019-05-17	275.90999999999997	277.72	282.12	278.45
2019-05-18	275.89	277.78499999999997	282.46999999999997	278.78
2019-05-19	275.87	277.885	282.84999999999997	279.33
2019-05-20	275.88	277.965	282.95	279.01
2019-05-21	275.87	278.10499999999996	283.04999999999995	278.75
2019-05-22	275.95	278.31999999999994	283.37	278.78
2019-05-23	276.2	278.53	283.69	278.97999999999996
2019-05-24	276.46	278.78	283.84999999999997	279.10999999999996
2019-05-25	276.65	279.18499999999995	284.45	279.33
2019-05-26	276.71999999999997	279.405	285.02	279.69
2019-05-27	276.78	279.40999999999997	285.38	279.96
2019-05-28	276.88	279.53	285.65	280.02
2019-05-29	276.96999999999997	279.69999999999993	285.96999999999997	280.02
2019-05-30	276.91999999999996	279.77	286.34	280.09999999999997
2019-05-31	276.85999999999996	279.80499999999995	286.66999999999996	280.25
2019-06-01	276.78999999999996	279.79499999999996	286.78999999999996	280.34
2019-06-02	276.72999999999996	279.7099999999999	286.65999999999997	280.27
2019-06-03	276.77	279.755	286.59	280.19
2019-06-04	277.03	280.04999999999995	286.60999999999996	280.26
2019-06-05	277.41999999999996	280.60499999999996	286.83	280.65999999999997
2019-06-06	277.78	281.17999999999995	287.28	281.34
2019-06-07	278.15999999999997	281.71	287.78999999999996	281.84
2019-06-08	278.37	281.92499999999995	288.09	282.09999999999997
2019-06-09	278.12	281.745	288.27	282.09999999999997
2019-06-10	277.71999999999997	281.495	288.37	281.9
2019-06-11	277.64	281.445	288.47999999999996	281.77
2019-06-12	277.66999999999996	281.4599999999999	288.71	281.87
2019-06-13	277.69	281.405	288.71	282.16999999999996
2019-06-14	277.78999999999996	281.38	288.53999999999996	282.58
2019-06-15	277.88	281.55999999999995	288.73999999999995	282.98999999999995
2019-06-16	277.96999999999997	281.84	289.2	283.60999999999996
2019-06-17	278.12	282.32	289.76	284.4
2019-06-18	278.35999999999996	282.82	290.47999999999996	285.66999999999996
2019-06-19	278.53999999999996	283.085	290.67999999999995	286.27
2019-06-20	278.60999999999996	283.21	290.44	286.27
2019-06-21	278.75	283.30999999999995	290.28	286.12
2019-06-22	278.92999999999995	283.77	290.58	286.04999999999995
2019-06-23	279.15	284.355	291.23999999999995	286.44
2019-06-24	279.46	284.84999999999997	291.69	287.26
2019-06-25	279.85999999999996	285.23	291.96999999999997	288.27
2019-06-26	280.13	285.65999999999997	292.45	289.17999999999995
2019-06-27	280.45	286.4	293.41999999999996	290.15
2019-06-28	280.90999999999997	287.19499999999994	294.26	290.82
2019-06-29	281.21	287.96999999999997	294.47999999999996	291.2
2019-06-30	281.38	288.30499999999995	294.51	291.23999999999995
2019-07-01	281.82	289.025	294.84999999999997	291.47999999999996
2019-07-02	282.34999999999997	290.07499999999993	295.53999999999996	292.22999999999996
2019-07-03	282.78999999999996	290.955	296.46	293.08
2019-07-04	282.90999999999997	291.56999999999994	297.22999999999996	293.96
2019-07-05	282.60999999999996	291.645	297.7	294.75
2019-07-06	282.09	291.09499999999997	297.48999999999995	294.62
2019-07-07	282.02	290.48	296.63	293.98999999999995
2019-07-08	282.41999999999996	290.445	296.06	293.73999999999995
2019-07-09	282.82	290.77	296.21	293.88
2019-07-10	282.84999999999997	291.0799999999999	296.78	294.34999999999997
2019-07-11	282.62	290.99	296.79999999999995	294.47999999999996
2019-07-12	282.78999999999996	290.9	296.52	294.13
2019-07-13	283.02	291.09999999999997	296.53999999999996	293.97999999999996
2019-07-14	283.34999999999997	291.32	296.7	294.0
2019-07-15	283.96999999999997	291.64	296.87	294.17999999999995
2019-07-16	284.46	291.95	297.07	294.57
2019-07-17	284.65	292.215	297.31	294.82
2019-07-18	284.83	292.43499999999995	297.5	295.16999999999996
2019-07-19	284.94	292.625	297.66999999999996	295.46
2019-07-20	284.67999999999995	292.53	297.83	295.53999999999996
2019-07-21	284.47999999999996	292.3299999999999	297.66999999999996	295.33
2019-07-22	284.44	292.125	297.27	295.08
2019-07-23	284.63	291.96	296.94	294.89
2019-07-24	285.2	292.015	296.76	294.82
2019-07-25	285.87	292.25	296.78	294.92999999999995
2019-07-26	286.15999999999997	292.53	296.95	295.29999999999995
2019-07-27	286.38	292.71	297.13	295.71999999999997
2019-07-28	286.53999999999996	292.92499999999995	297.22999999999996	295.85999999999996
2019-07-29	286.2	292.985	297.31	295.90999999999997
2019-07-30	285.91999999999996	292.9	297.41999999999996	295.87
2019-07-31	286.21	292.885	297.46	295.81
2019-08-01	286.88	293.085	297.46999999999997	295.89
2019-08-02	287.7	293.41999999999996	297.53	296.03999999999996
2019-08-03	288.28999999999996	293.76	297.65	296.2
2019-08-04	288.65	293.96	297.82	296.27
2019-08-05	288.67999999999995	294.075	297.97999999999996	296.32
2019-08-06	288.60999999999996	294.14	298.01	296.33
2019-08-07	288.5	294.185	297.85999999999996	296.19
2019-08-08	288.27	294.03999999999996	297.67999999999995	295.96999999999997
2019-08-09	288.19	293.88	297.48999999999995	295.59
2019-08-10	288.41999999999996	293.80999999999995	297.37	295.21999999999997
2019-08-11	288.82	293.84	297.31	294.94
2019-08-12	289.14	293.91999999999996	297.32	294.95
2019-08-13	289.27	293.96	297.28999999999996	295.06
2019-08-14	289.34999999999997	293.91999999999996	297.19	294.9
2019-08-15	289.48999999999995	293.875	297.13	294.78999999999996
2019-08-16	289.64	293.86	297.09	294.87
2019-08-17	289.75	293.90999999999997	297.13	295.06
2019-08-18	289.65999999999997	293.995	297.23999999999995	295.27
2019-08-19	289.44	294.085	297.34	295.32
2019-08-20	289.35999999999996	294.135	297.40999999999997	295.4
2019-08-21	289.21999999999997	294.075	297.41999999999996	295.5
2019-08-22	289.13	293.85499999999996	297.21999999999997	295.34999999999997
2019-08-23	289.22999999999996	293.65	296.97999999999996	295.02
2019-08-24	289.34	293.55499999999995	296.71999999999997	294.75
2019-08-25	289.39	293.5	296.52	294.65999999999997
2019-08-26	289.17999999999995	293.33	296.33	294.65999999999997
2019-08-27	288.81	293.08	295.98999999999995	294.58
2019-08-28	288.2	292.84	295.73999999999995	294.42999999999995
2019-08-29	287.5	292.585	295.63	294.21999999999997
2019-08-30	287.09	292.365	295.52	294.04999999999995
2019-08-31	287.14	292.21999999999997	295.44	293.92999999999995
2019-09-01	287.15999999999997	292.08	295.34	293.81
2019-09-02	286.96999999999997	291.91499999999996	295.17999999999995	293.56
2019-09-03	286.75	291.74	295.09	293.37
2019-09-04	286.59	291.495	295.01	293.21
2019-09-05	286.59	291.36	294.98999999999995	293.17999999999995
2019-09-06	286.64	291.245	294.95	293.16999999999996
2019-09-07	286.65999999999997	291.02	294.9	293.01
2019-09-08	286.65999999999997	290.91999999999996	294.83	292.78
2019-09-09	286.64	290.8299999999999	294.75	292.59999999999997
2019-09-10	286.56	290.80499999999995	294.89	292.5
2019-09-11	286.37	290.755	295.17999999999995	292.47999999999996
2019-09-12	286.12	290.59499999999997	295.03	292.34999999999997
2019-09-13	285.79999999999995	290.43499999999995	294.71	292.23999999999995
2019-09-14	285.57	290.31999999999994	294.53999999999996	292.14
2019-09-15	285.57	290.355	294.5	292.08
2019-09-16	285.89	290.56999999999994	294.53999999999996	292.08
2019-09-17	286.35999999999996	290.82	294.53	292.14
2019-09-18	286.69	290.945	294.53999999999996	292.16999999999996
2019-09-19	286.87	291.03499999999997	294.59	292.28999999999996
2019-09-20	286.98999999999995	291.24	294.71999999999997	292.46999999999997
2019-09-21	286.96999999999997	291.375	294.92999999999995	292.7
2019-09-22	286.81	291.15999999999997	295.0	292.78999999999996
2019-09-23	286.75	290.88	294.69	292.58
2019-09-24	286.73999999999995	290.83	294.39	292.21999999999997
2019-09-25	286.60999999999996	290.72	294.21	292.03999999999996
2019-09-26	286.40999999999997	290.455	294.04999999999995	291.90999999999997
2019-09-27	286.26	290.32499999999993	293.98999999999995	291.84
2019-09-28	286.14	290.16499999999996	294.01	291.84
2019-09-29	286.07	290.02	293.96999999999997	291.77
2019-09-30	285.95	289.905	293.98999999999995	291.81
2019-10-01	285.71999999999997	289.62	294.10999999999996	291.94
2019-10-02	285.40999999999997	289.14	293.85999999999996	291.44
2019-10-03	285.08	288.71999999999997	293.25	290.60999999999996
2019-10-04	284.79999999999995	288.43999999999994	292.71999999999997	290.0
2019-10-05	284.57	288.255	292.39	289.72999999999996
2019-10-06	284.28999999999996	288.13	292.09	289.5
2019-10-07	284.15999999999997	288.025	291.78999999999996	289.21999999999997
2019-10-08	284.19	288.025	291.67999999999995	289.12
2019-10-09	284.19	288.03499999999997	291.63	289.04999999999995
2019-10-10	284.15999999999997	288.0	291.56	288.95
2019-10-11	284.04999999999995	287.86	291.35999999999996	288.91999999999996
2019-10-12	283.83	287.58	290.96	288.67999999999995
2019-10-13	283.5	287.16499999999996	290.63	288.27
2019-10-14	283.21	286.67999999999995	290.34	288.04999999999995
2019-10-15	283.01	286.40999999999997	290.03999999999996	287.84999999999997
2019-10-16	282.79999999999995	286.13	289.84	287.65999999999997
2019-10-17	282.71	285.69	289.46999999999997	287.32
2019-10-18	282.65	285.29999999999995	289.06	286.87
2019-10-19	282.59	285.12	288.85999999999996	286.63
2019-10-20	282.51	284.955	288.77	286.53
2019-10-21	282.40999999999997	284.72499999999997	288.65	286.34999999999997
2019-10-22	282.2	284.46	288.45	286.10999999999996
2019-10-23	281.95	284.18499999999995	288.21	285.87
2019-10-24	281.76	284.02	288.03	285.71999999999997
2019-10-25	281.7	283.9549999999999	287.88	285.59
2019-10-26	281.75	283.93999999999994	287.72999999999996	285.45
2019-10-27	281.73999999999995	283.91999999999996	287.62	285.37
2019-10-28	281.64	283.87	287.60999999999996	285.35999999999996
2019-10-29	281.46	283.815	287.58	285.34999999999997
2019-10-30	281.35999999999996	283.74	287.52	285.25
2019-10-31	281.34	283.64	287.39	284.96999999999997
2019-11-01	281.31	283.5	287.14	284.45
2019-11-02	281.21999999999997	283.275	286.82	283.76
2019-11-03	281.08	283.0	286.46	283.13
2019-11-04	280.92999999999995	282.72	286.10999999999996	282.78999999999996
2019-11-05	280.78999999999996	282.39	285.72999999999996	282.48999999999995
2019-11-06	280.42999999999995	282.155	285.48999999999995	282.27
2019-11-07	280.09	281.63	284.90999999999997	282.0
2019-11-08	279.94	281.275	283.78999999999996	281.46
2019-11-09	279.4	281.10499999999996	283.2	281.15999999999997
2019-11-10	279.12	280.82	282.81	281.0
2019-11-11	278.92999999999995	280.53	282.32	280.72999999999996
2019-11-12	278.76	280.27	281.94	280.48999999999995
2019-11-13	278.51	280.025	281.69	280.34999999999997
2019-11-14	278.32	279.83	281.45	280.21999999999997
2019-11-15	278.2	279.71	281.28	280.10999999999996
2019-11-16	278.17999999999995	279.625	281.17999999999995	280.02
2019-11-17	278.10999999999996	279.5	281.07	279.96999999999997
2019-11-18	278.13	279.515	281.01	279.94
2019-11-19	278.12	279.46999999999997	280.94	279.84
2019-11-20	278.09999999999997	279.42999999999995	280.84999999999997	279.73999999999995
2019-11-21	278.02	279.395	280.73999999999995	279.7
2019-11-22	278.02	279.375	280.59	279.64
2019-11-23	278.03999999999996	279.37	280.51	279.56
2019-11-24	278.02	279.33	280.48999999999995	279.51
2019-11-25	278.0	279.34	280.47999999999996	279.47999999999996
2019-11-26	277.94	279.32499999999993	280.47999999999996	279.5
2019-11-27	277.9	279.28	280.47999999999996	279.5
2019-11-28	277.83	279.23	280.42999999999995	279.41999999999996
2019-11-29	277.79999999999995	279.15999999999997	280.32	279.33
2019-11-30	277.76	279.04999999999995	280.17999999999995	279.21
2019-12-01	277.73999999999995	278.93499999999995	280.0	279.09999999999997
2019-12-02	277.7	278.835	279.78999999999996	279.02
2019-12-03	277.66999999999996	278.755	279.48999999999995	278.95
2019-12-04	277.62	278.715	279.27	278.88
2019-12-05	277.54999999999995	278.615	279.07	278.71999999999997
2019-12-06	277.46999999999997	278.44999999999993	278.84999999999997	278.53
2019-12-07	277.4	278.30499999999995	278.75	278.40999999999997
2019-12-08	277.38	278.225	278.66999999999996	278.42999999999995
2019-12-09	277.29999999999995	278.125	278.57	278.35999999999996
2019-12-10	277.23999999999995	278.01	278.39	278.35999999999996
2019-12-11	277.17999999999995	277.85	278.28999999999996	278.25
2019-12-12	277.09	277.68499999999995	278.21999999999997	278.15
2019-12-13	276.82	277.44499999999994	278.16999999999996	278.07
2019-12-14	276.77	277.40999999999997	277.97999999999996	277.97999999999996
2019-12-15	276.71999999999997	277.37	277.69	277.87
2019-12-16	276.67999999999995	277.325	277.46999999999997	277.78
2019-12-17	276.69	277.28999999999996	277.33	277.71999999999997
2019-12-18	276.60999999999996	277.23999999999995	277.2	277.62
2019-12-19	276.62	277.17999999999995	277.08	277.59
2019-12-20	276.59999999999997	277.17999999999995	277.04999999999995	277.53999999999996
2019-12-21	276.59999999999997	277.22	277.07	277.58
2019-12-22	276.66999999999996	277.32	277.10999999999996	277.63
2019-12-23	276.7	277.37	277.17999999999995	277.7
2019-12-24	276.69	277.34499999999997	277.17999999999995	277.7
2019-12-25	276.60999999999996	277.36	277.19	277.62
2019-12-26	276.53999999999996	277.335	277.23999999999995	277.66999999999996
2019-12-27	276.51	277.25	277.23999999999995	277.69
2019-12-28	276.52	277.17499999999995	277.2	277.65
2019-12-29	276.51	277.135	277.17999999999995	277.63
2019-12-30	276.48999999999995	277.09999999999997	277.15999999999997	277.62
2019-12-31	276.44	277.03999999999996	277.06	277.59999999999997
2020-01-01	276.38	276.98499999999996	276.92999999999995	277.57
2020-01-01	276.38	277.28999999999996	276.92999999999995	277.57
2020-01-01	276.38	276.67999999999995	276.92999999999995	277.57
2020-01-02	276.34999999999997	276.9	276.91999999999996	277.54999999999995
2020-01-03	276.23999999999995	276.85999999999996	276.88	277.52
2020-01-04	276.23999999999995	276.82	276.81	277.45
2020-01-05	276.21	276.78	276.73999999999995	277.38
2020-01-06	276.17999999999995	276.765	276.71	277.34999999999997
2020-01-07	276.15	276.725	276.65999999999997	277.33
2020-01-08	276.10999999999996	276.65999999999997	276.57	277.27
2020-01-09	276.09	276.605	276.48999999999995	277.23999999999995
2020-01-10	275.96	276.505	276.48999999999995	277.21999999999997
2020-01-11	275.84999999999997	276.42499999999995	276.48999999999995	277.15999999999997
2020-01-12	275.76	276.29499999999996	276.47999999999996	277.09
2020-01-13	275.69	276.205	276.48999999999995	276.98999999999995
2020-01-14	275.65	276.17499999999995	276.48999999999995	276.96
2020-01-15	275.59	276.13	276.46	276.94
2020-01-16	275.53	276.06499999999994	276.41999999999996	276.89
2020-01-17	275.37	275.835	276.31	276.78
2020-01-18	275.38	275.815	276.13	276.71999999999997
2020-01-19	275.38	275.76	275.9	276.59999999999997
2020-01-20	275.40999999999997	275.65999999999997	275.67999999999995	276.48999999999995
2020-01-21	275.42999999999995	275.65999999999997	275.58	276.47999999999996
2020-01-22	275.42999999999995	275.715	275.5	276.51
2020-01-23	275.41999999999996	275.715	275.54999999999995	276.53999999999996
2020-01-24	275.4	275.74	275.65999999999997	276.48999999999995
2020-01-25	275.38	275.745	275.47999999999996	276.44
2020-01-26	275.27	275.715	275.35999999999996	276.38
2020-01-27	275.23999999999995	275.7	275.34	276.28
2020-01-28	275.21999999999997	275.67499999999995	275.31	276.2
2020-01-29	275.17999999999995	275.645	275.28	276.17999999999995
2020-01-30	275.14	275.585	275.22999999999996	276.14
2020-01-31	275.02	275.475	275.2	276.14
2020-02-01	275.03	275.53499999999997	275.21	276.09
2020-02-02	275.03999999999996	275.54499999999996	275.28	276.16999999999996
2020-02-03	275.07	275.565	275.29999999999995	276.25
2020-02-04	275.08	275.52	275.26	276.22999999999996
2020-02-05	275.06	275.44999999999993	275.16999999999996	276.14
2020-02-06	275.07	275.405	275.10999999999996	276.09
2020-02-07	275.01	275.30999999999995	275.02	276.01
2020-02-08	274.94	275.265	274.90999999999997	275.94
2020-02-09	274.84	275.27	274.84999999999997	275.72999999999996
2020-02-10	274.76	275.245	274.82	275.75
2020-02-11	274.78	275.25	274.79999999999995	275.79999999999995
2020-02-12	274.75	275.25	274.73999999999995	275.97999999999996
2020-02-13	274.67999999999995	275.18499999999995	274.65	275.89
2020-02-14	274.57	275.07499999999993	274.59999999999997	275.77
2020-02-15	274.52	275.05999999999995	274.53	275.76
2020-02-16	274.56	275.025	274.53	275.85999999999996
2020-02-17	274.46999999999997	274.97999999999996	274.48999999999995	275.87
2020-02-18	274.48999999999995	275.03999999999996	274.52	275.87
2020-02-19	274.5	275.01	274.52	275.88
2020-02-20	274.52	274.97499999999997	274.48999999999995	275.91999999999996
2020-02-21	274.63	274.96999999999997	274.40999999999997	275.85999999999996
2020-02-22	274.71	275.12	274.59999999999997	275.98999999999995
2020-02-23	274.71	275.17999999999995	274.69	276.03999999999996
2020-02-24	274.7	275.145	274.73999999999995	276.06
2020-02-25	274.69	275.085	274.7	276.03999999999996
2020-02-26	274.62	275.03499999999997	274.63	275.96999999999997
2020-02-27	274.53	274.94999999999993	274.54999999999995	275.91999999999996
2020-02-28	274.41999999999996	274.88	274.33	275.87
2020-02-29	274.37	274.84499999999997	274.21	275.76
2020-03-01	274.34999999999997	274.83	274.15	275.65999999999997
2020-03-02	274.37	274.87	274.35999999999996	275.78999999999996
2020-03-03	274.37	274.88	274.44	275.89
2020-03-04	274.34999999999997	274.92999999999995	274.45	275.94
2020-03-05	274.38	274.96	274.51	276.02
2020-03-06	274.37	274.95	274.65	276.08
2020-03-07	274.38	275.0	274.75	276.09999999999997
2020-03-08	274.40999999999997	275.12	274.89	276.2
2020-03-09	274.4	275.15	274.97999999999996	276.28999999999996
2020-03-10	274.35999999999996	275.16499999999996	275.14	276.25
2020-03-11	274.32	275.15	275.25	276.21
2020-03-12	274.34	275.155	275.46999999999997	276.27
2020-03-13	274.32	275.17999999999995	275.62	276.34999999999997
2020-03-14	274.29999999999995	275.2	275.66999999999996	276.4
2020-03-15	274.29999999999995	275.17499999999995	275.71999999999997	276.35999999999996
2020-03-16	274.32	275.16499999999996	275.75	276.32
2020-03-17	274.4	275.245	275.73999999999995	276.34999999999997
2020-03-18	274.4	275.245	275.77	276.4
2020-03-19	274.4	275.21999999999997	275.87	276.44
2020-03-20	274.4	275.15999999999997	275.97999999999996	276.48999999999995
2020-03-21	274.40999999999997	275.10499999999996	276.03999999999996	276.51
2020-03-22	274.37	275.09499999999997	276.08	276.52
2020-03-23	274.42999999999995	275.115	276.21	276.53
2020-03-24	274.46999999999997	275.15999999999997	276.46	276.53
2020-03-25	274.48999999999995	275.23	276.58	276.54999999999995
2020-03-26	274.53	275.31499999999994	276.7	276.60999999999996
2020-03-27	274.59	275.41999999999996	276.9	276.66999999999996
2020-03-28	274.62	275.48499999999996	277.2	276.71999999999997
2020-03-29	274.65	275.59	277.46	276.78999999999996
2020-03-30	274.71	275.72499999999997	277.59999999999997	276.84999999999997
2020-03-31	274.76	275.775	277.65999999999997	276.9
2020-04-01	274.83	275.79999999999995	277.67999999999995	276.92999999999995
2020-04-02	274.9	275.90999999999997	277.75	276.95
2020-04-03	274.96	275.94499999999994	277.92999999999995	276.96
2020-04-04	274.96999999999997	275.99	278.10999999999996	277.01
2020-04-05	274.95	276.02	278.23999999999995	277.08
2020-04-06	274.91999999999996	276.02	278.39	277.15
2020-04-07	274.9	276.07	278.46999999999997	277.23999999999995
2020-04-08	274.9	276.10499999999996	278.5	277.23999999999995
2020-04-09	274.91999999999996	276.09499999999997	278.45	277.2
2020-04-10	274.90999999999997	276.085	278.40999999999997	277.19
2020-04-11	274.9	276.115	278.46999999999997	277.2
2020-04-12	274.91999999999996	276.12	278.5	277.21999999999997
2020-04-13	274.91999999999996	276.14	278.53999999999996	277.31
2020-04-14	274.89	276.13	278.56	277.35999999999996
2020-04-15	274.88	276.11	278.51	277.34999999999997
2020-04-16	274.92999999999995	276.145	278.48999999999995	277.34999999999997
2020-04-17	274.97999999999996	276.235	278.54999999999995	277.40999999999997
2020-04-18	275.01	276.325	278.63	277.48999999999995
2020-04-19	275.02	276.34499999999997	278.77	277.56
2020-04-20	275.03999999999996	276.42999999999995	279.0	277.60999999999996
2020-04-21	275.08	276.44999999999993	279.02	277.59
2020-04-22	275.13	276.46	278.96999999999997	277.56
2020-04-23	275.15	276.475	279.02	277.59999999999997
2020-04-24	275.21	276.525	279.13	277.63
2020-04-25	275.28999999999996	276.56999999999994	279.17999999999995	277.66999999999996
2020-04-26	275.39	276.725	279.35999999999996	277.77
2020-04-27	275.42999999999995	276.845	279.60999999999996	277.84
2020-04-28	275.46999999999997	276.94999999999993	279.73999999999995	277.85999999999996
2020-04-29	275.54999999999995	277.11	279.91999999999996	277.96999999999997
2020-04-30	275.64	277.265	280.22999999999996	278.13
2020-05-01	275.71999999999997	277.375	280.5	278.28999999999996
2020-05-02	275.84	277.56	280.71999999999997	278.40999999999997
2020-05-03	275.82	277.67499999999995	280.92999999999995	278.59999999999997
2020-05-04	275.77	277.68499999999995	280.89	278.52
2020-05-05	275.73999999999995	277.69499999999994	280.85999999999996	278.46
2020-05-06	275.75	277.755	280.91999999999996	278.5
2020-05-07	275.75	277.71999999999997	280.94	278.53
2020-05-08	275.71999999999997	277.63	280.89	278.5
2020-05-09	275.71	277.59	280.82	278.41999999999996
2020-05-10	275.78999999999996	277.64	280.81	278.38
2020-05-11	275.88	277.73	280.85999999999996	278.38
2020-05-12	275.96999999999997	277.80499999999995	280.9	278.39
2020-05-13	276.03	277.90999999999997	281.07	278.5
2020-05-14	276.07	278.015	281.19	278.66999999999996
2020-05-15	276.09	278.16999999999996	281.32	278.92999999999995
2020-05-16	276.10999999999996	278.31499999999994	281.51	279.21999999999997
2020-05-17	276.47999999999996	278.59	282.03999999999996	279.64
2020-05-18	276.94	279.025	282.65999999999997	280.03999999999996
2020-05-19	277.22999999999996	279.38	283.17999999999995	280.28999999999996
2020-05-20	277.5	279.60999999999996	283.40999999999997	280.47999999999996
2020-05-21	277.79999999999995	280.04499999999996	283.71	281.02
2020-05-22	278.23999999999995	280.825	284.56	282.06
2020-05-23	278.44	281.54499999999996	286.12	283.33
2020-05-24	278.31	281.75	287.0	283.89
2020-05-25	278.15	282.37	288.71999999999997	285.08
2020-05-26	278.06	283.09	290.22999999999996	286.78
2020-05-27	277.84999999999997	283.17999999999995	289.78999999999996	286.59
2020-05-28	277.53999999999996	282.82	288.7	285.53
2020-05-29	277.32	282.52	287.83	284.72999999999996
2020-05-30	277.22999999999996	282.35499999999996	287.27	284.28
2020-05-31	277.31	282.235	287.0	283.96999999999997
2020-06-01	277.48999999999995	282.355	286.98999999999995	284.03
2020-06-02	277.71	282.90999999999997	287.35999999999996	284.63
2020-06-03	277.71999999999997	283.335	288.03	285.51
2020-06-04	277.66999999999996	283.67499999999995	288.67999999999995	286.21999999999997
2020-06-05	277.75	283.905	289.33	286.75
2020-06-06	277.72999999999996	283.94499999999994	289.59	286.71
2020-06-07	277.78	283.9	289.65999999999997	286.67999999999995
2020-06-08	278.09999999999997	284.005	289.87	286.94
2020-06-09	278.53	284.19499999999994	290.2	287.47999999999996
2020-06-10	278.34	284.085	290.54999999999995	287.87
2020-06-11	278.02	283.65	290.46999999999997	287.71
2020-06-12	277.96	283.465	290.39	287.41999999999996
2020-06-13	278.02	283.62	290.29999999999995	287.34999999999997
2020-06-14	278.19	284.0	290.21	287.57
2020-06-15	278.5	284.575	290.2	288.06
2020-06-16	278.96999999999997	285.40999999999997	290.48999999999995	288.90999999999997
2020-06-17	279.60999999999996	286.47499999999997	291.22999999999996	290.01
2020-06-18	280.08	287.525	292.25	291.25
2020-06-19	280.25	288.4549999999999	293.21999999999997	292.22999999999996
2020-06-20	280.28999999999996	288.71	293.82	293.10999999999996
2020-06-21	280.27	288.59999999999997	294.26	293.85999999999996
2020-06-22	280.29999999999995	288.59	294.22999999999996	294.07
2020-06-23	280.40999999999997	288.525	293.82	293.60999999999996
2020-06-24	280.46999999999997	288.37	293.2	292.7
2020-06-25	280.63	288.33	293.09999999999997	292.25
2020-06-26	281.03	288.63	293.48999999999995	292.25
2020-06-27	281.57	289.41499999999996	294.07	292.40999999999997
2020-06-28	282.08	290.145	294.38	292.52
2020-06-29	282.69	291.12	294.91999999999996	292.90999999999997
2020-06-30	283.73999999999995	292.04499999999996	295.33	293.42999999999995
2020-07-01	284.65999999999997	292.77	295.66999999999996	294.0
2020-07-02	285.19	293.34499999999997	296.13	294.45
2020-07-03	285.33	293.96	296.57	294.87
2020-07-04	285.42999999999995	294.49	297.01	295.26
2020-07-05	285.65	294.98	297.57	295.62
2020-07-06	285.9	295.46	298.17999999999995	296.21999999999997
2020-07-07	285.98999999999995	295.79499999999996	298.64	296.87
2020-07-08	286.15999999999997	296.025	298.96	297.34999999999997
2020-07-09	286.23999999999995	296.155	299.38	297.87
2020-07-10	286.13	295.835	299.42999999999995	298.07
2020-07-11	286.09	295.255	298.83	297.77
2020-07-12	286.19	294.745	298.08	297.15999999999997
2020-07-13	286.46	294.335	297.60999999999996	296.65999999999997
2020-07-14	286.48999999999995	294.22999999999996	297.52	296.40999999999997
2020-07-15	286.44	294.29499999999996	297.59	296.44
2020-07-16	286.59	294.29499999999996	297.65999999999997	296.33
2020-07-17	286.83	294.315	297.67999999999995	296.06
2020-07-18	287.0	294.37	297.78999999999996	295.98999999999995
2020-07-19	286.84	294.33	297.91999999999996	296.26
2020-07-20	286.53	294.19999999999993	297.89	296.37
2020-07-21	286.60999999999996	294.16499999999996	297.88	296.42999999999995
2020-07-22	286.85999999999996	294.255	297.92999999999995	296.58
2020-07-23	287.04999999999995	294.35499999999996	298.0	296.7
2020-07-24	287.42999999999995	294.54499999999996	298.13	296.75
2020-07-25	287.71999999999997	294.71	298.27	296.87
2020-07-26	287.82	294.875	298.38	296.97999999999996
2020-07-27	287.79999999999995	294.97499999999997	298.44	297.01
2020-07-28	287.92999999999995	295.03	298.33	296.96
2020-07-29	288.23999999999995	295.09	298.21999999999997	296.9
2020-07-30	288.57	295.135	298.15	296.97999999999996
2020-07-31	288.92999999999995	295.19999999999993	298.10999999999996	297.15999999999997
2020-08-01	289.10999999999996	295.27	297.96	297.27
2020-08-02	288.88	295.135	297.65	297.09
2020-08-03	288.56	294.76	297.46999999999997	296.66999999999996
2020-08-04	288.46	294.345	297.34	296.27
2020-08-05	288.56	294.09999999999997	297.22999999999996	295.92999999999995
2020-08-06	288.82	294.07499999999993	297.21	295.91999999999996
2020-08-07	289.12	294.215	297.22999999999996	296.02
2020-08-08	289.31	294.375	297.37	296.21
2020-08-09	289.5	294.57	297.52	296.34999999999997
2020-08-10	289.64	294.78	297.71999999999997	296.53999999999996
2020-08-11	289.72999999999996	294.87	297.77	296.65999999999997
2020-08-12	289.96999999999997	295.02	297.7	296.71999999999997
2020-08-13	290.23999999999995	295.235	297.71	296.97999999999996
2020-08-14	290.32	295.46	297.69	297.07
2020-08-15	290.2	295.455	297.58	296.98999999999995
2020-08-16	290.15	295.28	297.35999999999996	296.87
2020-08-17	290.19	295.125	297.21999999999997	296.73999999999995
2020-08-18	290.21	295.0	297.21	296.60999999999996
2020-08-19	290.29999999999995	294.9	297.19	296.46
2020-08-20	290.53	294.87	297.22999999999996	296.40999999999997
2020-08-21	290.84999999999997	294.875	297.35999999999996	296.46999999999997
2020-08-22	291.09	294.96999999999997	297.51	296.65
2020-08-23	291.35999999999996	295.15	297.64	296.88
2020-08-24	291.44	295.22999999999996	297.76	297.03
2020-08-25	291.28999999999996	295.255	297.72999999999996	296.92999999999995
2020-08-26	291.13	295.185	297.54999999999995	296.67999999999995
2020-08-27	290.98999999999995	295.02	297.46999999999997	296.39
2020-08-28	290.79999999999995	294.78	297.46	296.04999999999995
2020-08-29	290.4	294.455	297.34999999999997	295.76
2020-08-30	289.97999999999996	294.2	297.21	295.46999999999997
2020-08-31	289.56	294.005	297.15	295.37
2020-09-01	289.04999999999995	293.78999999999996	297.08	295.35999999999996
2020-09-02	288.69	293.59999999999997	296.94	295.25
2020-09-03	288.09	293.40999999999997	296.78	295.08
2020-09-04	287.09999999999997	293.025	296.63	294.87
2020-09-05	286.59999999999997	292.65	296.35999999999996	294.56
2020-09-06	286.39	292.455	296.07	294.27
2020-09-07	286.0	292.335	295.84999999999997	294.12
2020-09-08	285.73999999999995	292.085	295.54999999999995	293.97999999999996
2020-09-09	285.52	291.65	295.28	293.66999999999996
2020-09-10	285.40999999999997	291.17999999999995	295.03999999999996	293.34
2020-09-11	285.46	290.92999999999995	294.78	293.07
2020-09-12	285.46	290.73	294.64	292.9
2020-09-13	285.34	290.41499999999996	294.41999999999996	292.72999999999996
2020-09-14	285.27	290.23	294.12	292.51
2020-09-15	285.26	290.135	293.9	292.33
2020-09-16	285.26	290.08	293.78999999999996	292.22999999999996
2020-09-17	285.23999999999995	290.015	293.60999999999996	292.13
2020-09-18	285.22999999999996	289.90999999999997	293.39	292.0
2020-09-19	285.19	289.775	293.15999999999997	291.83
2020-09-20	285.13	289.67999999999995	292.94	291.65
2020-09-21	285.17999999999995	289.61	292.75	291.53999999999996
2020-09-22	285.22999999999996	289.61499999999995	292.59	291.45
2020-09-23	285.31	289.71	292.5	291.45
2020-09-24	285.29999999999995	289.775	292.57	291.53999999999996
2020-09-25	285.25	289.84499999999997	292.73999999999995	291.71
2020-09-26	285.21999999999997	289.8299999999999	292.85999999999996	291.83
2020-09-27	285.17999999999995	289.68999999999994	292.84999999999997	291.96999999999997
2020-09-28	285.13	289.47999999999996	292.77	292.06
2020-09-29	285.0	289.275	292.58	291.91999999999996
2020-09-30	284.88	289.03	292.23999999999995	291.47999999999996
2020-10-01	284.71	288.78	291.85999999999996	291.02
2020-10-02	284.53999999999996	288.515	291.45	290.66999999999996
2020-10-03	284.4	288.205	291.09	290.32
2020-10-04	284.35999999999996	287.93499999999995	290.76	289.94
2020-10-05	284.27	287.84499999999997	290.54999999999995	289.66999999999996
2020-10-06	284.12	287.7099999999999	290.38	289.44
2020-10-07	284.02	287.55999999999995	290.25	289.06
2020-10-08	284.01	287.47999999999996	290.2	288.71
2020-10-09	283.96999999999997	287.41999999999996	290.14	288.53999999999996
2020-10-10	283.88	287.37	290.09999999999997	288.5
2020-10-11	283.78	287.30499999999995	290.03	288.47999999999996
2020-10-12	283.60999999999996	287.17999999999995	289.97999999999996	288.44
2020-10-13	283.42999999999995	287.05499999999995	289.97999999999996	288.33
2020-10-14	283.34999999999997	286.92499999999995	289.85999999999996	288.21999999999997
2020-10-15	283.27	286.715	289.62	288.09999999999997
2020-10-16	283.09999999999997	286.40999999999997	289.31	287.83
2020-10-17	282.96999999999997	286.265	289.15	287.62
2020-10-18	282.84999999999997	286.18999999999994	289.15999999999997	287.59
2020-10-19	282.78999999999996	285.93499999999995	289.14	287.58
2020-10-20	282.77	285.79499999999996	288.98999999999995	287.39
2020-10-21	282.4	285.58	288.76	287.10999999999996
2020-10-22	282.07	285.275	288.59999999999997	287.0
2020-10-23	281.57	284.97	288.65	287.13
2020-10-24	280.78999999999996	284.37	288.46999999999997	287.03999999999996
2020-10-25	280.59999999999997	283.97999999999996	288.03999999999996	286.78
2020-10-26	280.5	283.72499999999997	287.54999999999995	286.34999999999997
2020-10-27	280.40999999999997	283.64	286.96999999999997	285.94
2020-10-28	280.35999999999996	283.585	286.58	285.64
2020-10-29	280.33	283.41499999999996	286.27	285.40999999999997
2020-10-30	280.32	283.2	286.03999999999996	285.21999999999997
2020-10-31	280.29999999999995	283.08	285.97999999999996	285.12
2020-11-01	280.2	282.89	285.78999999999996	284.96999999999997
2020-11-02	280.14	282.715	285.44	284.59999999999997
2020-11-03	280.22999999999996	282.69999999999993	285.25	284.12
2020-11-04	280.28	282.775	285.23999999999995	283.84999999999997
2020-11-05	280.23999999999995	282.78499999999997	285.21999999999997	283.78
2020-11-06	280.28	282.78	285.17999999999995	283.7
2020-11-07	280.39	282.85999999999996	285.32	283.75
2020-11-08	280.51	282.95	285.52	283.94
2020-11-09	280.48999999999995	282.94499999999994	285.62	283.97999999999996
2020-11-10	280.29999999999995	282.755	285.67999999999995	283.96999999999997
2020-11-11	280.0	282.55499999999995	285.57	283.88
2020-11-12	279.77	282.44499999999994	285.40999999999997	283.76
2020-11-13	279.62	282.36	285.23999999999995	283.58
2020-11-14	279.47999999999996	282.21	285.02	283.34999999999997
2020-11-15	279.4	282.065	284.89	283.25
2020-11-16	279.26	281.835	284.67999999999995	283.15
2020-11-17	279.07	281.53999999999996	284.27	282.88
2020-11-18	278.88	281.25	283.78	282.47999999999996
2020-11-19	278.7	281.03999999999996	283.46	281.98999999999995
2020-11-20	278.65999999999997	280.93999999999994	283.33	281.71
2020-11-21	278.59999999999997	280.835	283.22999999999996	281.66999999999996
2020-11-22	278.51	280.71999999999997	282.96999999999997	281.65
2020-11-23	278.46	280.54999999999995	282.58	281.46
2020-11-24	278.38	280.455	282.4	281.37
2020-11-25	278.35999999999996	280.34499999999997	282.02	281.21999999999997
2020-11-26	278.34999999999997	280.28499999999997	281.65	281.15999999999997
2020-11-27	278.34	280.38	282.01	281.14
2020-11-28	278.33	280.445	282.19	281.15
2020-11-29	278.31	280.43499999999995	282.15999999999997	281.15
2020-11-30	278.28999999999996	280.36	282.0	281.12
2020-12-01	278.28	280.245	281.65999999999997	280.97999999999996
2020-12-02	278.27	280.19	281.44	280.84999999999997
2020-12-03	278.23999999999995	280.145	281.32	280.77
2020-12-04	278.2	280.09	281.27	280.67999999999995
2020-12-05	278.17999999999995	280.015	281.21	280.53
2020-12-06	278.15999999999997	279.92499999999995	281.06	280.37
2020-12-07	278.14	279.8349999999999	280.81	280.28
2020-12-08	278.13	279.745	280.54999999999995	280.25
2020-12-09	278.12	279.65	280.28999999999996	280.15
2020-12-10	278.09	279.61	280.15	280.01
2020-12-11	278.06	279.59999999999997	280.09999999999997	279.90999999999997
2020-12-12	277.95	279.515	280.09999999999997	279.87
2020-12-13	277.87	279.27	280.0	279.75
2020-12-14	277.78	279.155	279.82	279.65
2020-12-15	277.71999999999997	279.05499999999995	279.71	279.59999999999997
2020-12-16	277.65	278.98	279.62	279.47999999999996
2020-12-17	277.60999999999996	278.88	279.45	279.21
2020-12-18	277.60999999999996	278.755	279.23999999999995	279.04999999999995
2020-12-19	277.60999999999996	278.67999999999995	279.03999999999996	279.02
2020-12-20	277.5	278.54499999999996	278.90999999999997	279.04999999999995
2020-12-21	277.45	278.47	278.63	279.06
2020-12-22	277.32	278.405	278.47999999999996	279.0
2020-12-23	277.21999999999997	278.36	278.28	278.96999999999997
2020-12-24	277.16999999999996	278.26	278.09999999999997	278.92999999999995
2020-12-25	277.06	278.145	277.85999999999996	278.81
2020-12-26	277.0	278.02	277.65999999999997	278.65
2020-12-27	276.94	277.87	277.45	278.56
2020-12-28	276.9	277.83	277.31	278.47999999999996
2020-12-29	276.85999999999996	277.645	277.21999999999997	278.34999999999997
2020-12-30	276.83	277.625	277.17999999999995	278.25
2020-12-31	276.85999999999996	277.59	277.12	278.25
2021-01-01	276.81	277.505	277.08	278.25
2021-01-02	276.83	277.47499999999997	276.97999999999996	278.17999999999995
2021-01-03	276.84999999999997	277.46	276.94	278.15
2021-01-04	276.85999999999996	277.405	276.88	278.08
2021-01-05	276.85999999999996	277.395	276.81	278.03999999999996
2021-01-06	276.83	277.37	276.71	277.98999999999995
2021-01-07	276.81	277.395	276.65999999999997	277.96999999999997
2021-01-08	276.75	277.35499999999996	276.59999999999997	277.94
2021-01-09	276.72999999999996	277.275	276.56	277.91999999999996
2021-01-10	276.7	277.27	276.53	277.84
2021-01-11	276.66999999999996	277.25	276.46	277.79999999999995
2021-01-12	276.66999999999996	277.22499999999997	276.34	277.78999999999996
2021-01-13	276.63	277.19	276.23999999999995	277.73999999999995
2021-01-14	276.56	277.155	276.16999999999996	277.66999999999996
2021-01-15	276.51	277.1	276.14	277.62
2021-01-16	276.46	277.04499999999996	276.09999999999997	277.57
2021-01-17	276.40999999999997	277.0	276.04999999999995	277.58
2021-01-18	276.37	276.895	275.94	277.51
2021-01-19	276.32	276.79999999999995	275.83	277.45
2021-01-20	276.25	276.735	275.76	277.45
2021-01-21	276.16999999999996	276.655	275.72999999999996	277.38
2021-01-22	276.10999999999996	276.5849999999999	275.69	277.31
2021-01-23	275.95	276.41499999999996	275.53	277.25
2021-01-24	275.71999999999997	276.26	275.21	277.21
2021-01-25	275.7	276.255	275.15999999999997	277.10999999999996
2021-01-26	275.64	276.215	275.15	277.0
2021-01-27	275.57	276.14	275.09999999999997	276.98999999999995
2021-01-28	275.47999999999996	276.025	275.01	276.96
2021-01-29	275.37	275.93499999999995	274.89	276.83
2021-01-30	275.33	275.87	274.60999999999996	276.65
2021-01-31	275.38	275.88	274.59	276.42999999999995
2021-02-01	275.42999999999995	275.905	274.58	276.51
2021-02-02	275.41999999999996	275.94	274.53999999999996	276.57
2021-02-03	275.4	275.96500000000003	274.53999999999996	276.63
2021-02-04	275.34999999999997	275.96	274.5	276.65
2021-02-05	275.37	275.93999999999994	274.5	276.66999999999996
2021-02-06	275.32	275.79499999999996	274.26	276.53
2021-02-07	275.25	275.69999999999993	274.06	276.17999999999995
2021-02-08	275.14	275.595	273.97999999999996	276.09
2021-02-09	275.06	275.48	273.46999999999997	276.0
2021-02-10	274.96	275.40999999999997	273.53	276.0
2021-02-11	274.82	275.275	273.53	275.9
2021-02-12	274.57	275.085	273.56	275.82
2021-02-13	274.32	274.94999999999993	273.53999999999996	275.75
2021-02-14	274.16999999999996	274.71999999999997	273.5	275.72999999999996
2021-02-15	274.14	274.65999999999997	273.46999999999997	275.66999999999996
2021-02-16	274.07	274.65	273.46	275.71
2021-02-17	274.07	274.645	273.44	275.72999999999996
2021-02-18	274.03	274.59	273.41999999999996	275.60999999999996
2021-02-19	273.96999999999997	274.585	273.42999999999995	275.47999999999996
2021-02-20	273.98999999999995	274.55499999999995	273.40999999999997	275.32
2021-02-21	273.98999999999995	274.62	273.41999999999996	275.53999999999996
2021-02-22	273.9	274.71999999999997	273.39	275.69
2021-02-23	273.95	274.84499999999997	273.38	275.78999999999996
2021-02-24	274.08	274.84	273.44	275.82
2021-02-25	274.10999999999996	274.88	273.44	275.84
2021-02-26	274.16999999999996	274.985	273.65	275.85999999999996
2021-02-27	274.21	275.03	273.65	275.87
2021-02-28	274.21999999999997	275.01	273.62	275.84
2021-03-01	274.28999999999996	275.015	273.7	275.78
2021-03-02	274.28	275.015	273.71	275.73999999999995
2021-03-03	274.28999999999996	275.05499999999995	273.73999999999995	275.73999999999995
2021-03-04	274.32	274.975	273.73999999999995	275.73999999999995
2021-03-05	274.35999999999996	274.92999999999995	273.78999999999996	275.73999999999995
2021-03-06	274.38	274.92999999999995	273.91999999999996	275.65999999999997
2021-03-07	274.32	274.92999999999995	273.92999999999995	275.57
2021-03-08	274.34999999999997	274.995	273.82	275.54999999999995
2021-03-09	274.37	275.06999999999994	274.14	275.62
2021-03-10	274.42999999999995	275.18999999999994	274.38	275.76
2021-03-11	274.52	275.325	274.73999999999995	275.94
2021-03-12	274.54999999999995	275.355	274.83	276.03
2021-03-13	274.75	275.41499999999996	275.06	276.03999999999996
2021-03-14	274.78999999999996	275.41499999999996	275.09999999999997	276.02
2021-03-15	274.77	275.38	275.07	275.96
2021-03-16	274.79999999999995	275.375	275.04999999999995	275.95
2021-03-17	274.82	275.4	275.08	275.96
2021-03-18	274.89	275.445	275.22999999999996	276.03999999999996
2021-03-19	274.85999999999996	275.44499999999994	275.31	276.04999999999995
2021-03-20	274.94	275.565	275.27	276.08
2021-03-21	274.98999999999995	275.625	275.16999999999996	276.15999999999997
2021-03-22	275.0	275.67499999999995	275.72999999999996	276.25
2021-03-23	274.96	275.7	275.98999999999995	276.34
2021-03-24	274.94	275.725	276.40999999999997	276.56
2021-03-25	274.91999999999996	275.76	276.53999999999996	276.77
2021-03-26	274.9	275.755	276.65	276.66999999999996
2021-03-27	274.9	275.76	276.82	276.7
2021-03-28	274.9	275.775	276.96999999999997	276.7
2021-03-29	274.91999999999996	275.82499999999993	277.13	276.73999999999995
2021-03-30	274.90999999999997	275.865	277.28	276.81
2021-03-31	274.9	275.85999999999996	277.27	276.78
2021-04-01	274.9	275.875	277.23999999999995	276.71999999999997
2021-04-02	274.95	275.945	277.23999999999995	276.7
2021-04-03	275.03999999999996	276.01	277.28999999999996	276.71999999999997
2021-04-04	275.09	276.075	277.45	276.82
2021-04-05	275.25	276.215	277.56	276.88
2021-04-06	275.34	276.395	277.95	276.97999999999996
2021-04-07	275.34	276.66499999999996	278.5	277.28
2021-04-08	275.32	276.80499999999995	278.95	277.67999999999995
2021-04-09	275.33	276.79999999999995	279.08	277.73999999999995
2021-04-10	275.33	276.76	279.12	277.71999999999997
2021-04-11	275.39	276.84000000000003	279.31	277.71
2021-04-12	275.5	276.97999999999996	279.66999999999996	277.78
2021-04-13	275.58	277.10999999999996	279.91999999999996	277.96999999999997
2021-04-14	275.62	277.12	279.91999999999996	278.07
2021-04-15	275.63	277.09999999999997	279.88	278.01
2021-04-16	275.64	277.09	279.78999999999996	277.9
2021-04-17	275.60999999999996	277.105	279.76	277.84999999999997
2021-04-18	275.53999999999996	277.16499999999996	279.83	277.89
2021-04-19	275.58	277.205	279.94	277.98999999999995
2021-04-20	275.63	277.16999999999996	279.9	278.0
2021-04-21	275.7	277.16999999999996	279.81	277.95
2021-04-22	275.82	277.24	279.77	277.94
2021-04-23	275.87	277.30499999999995	279.79999999999995	277.98999999999995
2021-04-24	275.85999999999996	277.315	279.88	278.06
2021-04-25	275.88	277.34	280.02	278.14
2021-04-26	275.90999999999997	277.375	280.09999999999997	278.25
2021-04-27	275.94	277.485	280.22999999999996	278.28
2021-04-28	275.97999999999996	277.645	280.52	278.29999999999995
2021-04-29	276.03	277.775	280.83	278.39
2021-04-30	276.19	277.85999999999996	281.03	278.46
2021-05-01	276.29999999999995	277.92999999999995	281.23999999999995	278.52
2021-05-02	276.34	278.04499999999996	281.38	278.54999999999995
2021-05-03	276.28	278.15999999999997	281.5	278.64
2021-05-04	276.21	278.21	281.71	278.77
2021-05-05	276.17999999999995	278.235	281.84999999999997	278.83
2021-05-06	276.17999999999995	278.275	281.94	278.85999999999996
2021-05-07	276.21	278.3299999999999	282.13	278.96
2021-05-08	276.28999999999996	278.40999999999997	282.21	279.09
2021-05-09	276.35999999999996	278.485	282.28999999999996	279.21
2021-05-10	276.45	278.56999999999994	282.33	279.35999999999996
2021-05-11	276.57	278.725	282.51	279.45
2021-05-12	276.65	278.985	282.76	279.62
2021-05-13	276.71	279.2049999999999	283.15999999999997	279.87
2021-05-14	276.78999999999996	279.395	283.65	280.21999999999997
2021-05-15	276.89	279.63	284.19	280.81
2021-05-16	276.97999999999996	280.03499999999997	284.89	281.87
2021-05-17	277.23999999999995	280.56999999999994	285.48999999999995	282.73999999999995
2021-05-18	277.58	280.97499999999997	286.15	283.15
2021-05-19	277.59	280.92999999999995	286.42999999999995	283.66999999999996
2021-05-20	277.58	280.885	287.0	284.13
2021-05-21	277.65	281.115	287.58	284.89
2021-05-22	277.84999999999997	281.63	288.45	285.45
2021-05-23	277.96	282.155	289.17999999999995	285.91999999999996
2021-05-24	278.09999999999997	282.51	289.29999999999995	286.16999999999996
2021-05-25	278.0	282.71	289.45	286.28999999999996
2021-05-26	277.67999999999995	282.625	289.34	286.10999999999996
2021-05-27	277.56	282.34	288.69	285.72999999999996
2021-05-28	277.62	282.16999999999996	288.01	285.34
2021-05-29	277.75	282.155	287.17999999999995	284.78999999999996
2021-05-30	277.77	282.35999999999996	286.71999999999997	284.4
2021-05-31	277.76	282.68999999999994	286.84	284.56
2021-06-01	277.91999999999996	283.1	287.58	285.0
2021-06-02	278.38	283.59999999999997	288.59	285.39
2021-06-03	278.96	284.28999999999996	289.47999999999996	286.22999999999996
2021-06-04	279.53	285.19	289.88	287.14
2021-06-05	279.96	285.86	290.14	287.69
2021-06-06	280.21999999999997	286.37	290.73999999999995	288.21
2021-06-07	280.65999999999997	287.025	291.7	288.78999999999996
2021-06-08	280.92999999999995	287.895	292.59999999999997	289.28999999999996
2021-06-09	280.89	288.38	293.08	289.59999999999997
2021-06-10	280.78	288.59999999999997	293.08	289.46
2021-06-11	280.81	288.66499999999996	292.87	289.41999999999996
2021-06-12	280.78	288.67999999999995	292.9	289.78999999999996
2021-06-13	280.65	288.73999999999995	293.03	290.16999999999996
2021-06-14	280.41999999999996	288.56999999999994	292.87	289.95
2021-06-15	280.48999999999995	288.405	292.46999999999997	289.42999999999995
2021-06-16	280.72999999999996	288.405	292.13	289.07
2021-06-17	280.90999999999997	288.46999999999997	292.04999999999995	288.78999999999996
2021-06-18	280.9	288.51	292.12	288.78999999999996
2021-06-19	280.78999999999996	288.52	292.10999999999996	289.03999999999996
2021-06-20	280.77	288.45	292.15	289.28999999999996
2021-06-21	280.71999999999997	288.10499999999996	292.14	289.33
2021-06-22	280.82	287.75	292.01	289.08
2021-06-23	281.04999999999995	287.64	291.96999999999997	289.01
2021-06-24	281.4	287.72999999999996	292.12	289.22999999999996
2021-06-25	281.85999999999996	288.03999999999996	292.53	289.69
2021-06-26	282.60999999999996	288.385	293.13	290.4
2021-06-27	283.41999999999996	288.655	293.62	291.21
2021-06-28	284.07	288.905	294.21	292.31
2021-06-29	284.51	289.29999999999995	295.02	293.27
2021-06-30	284.62	289.51	294.84	293.06
2021-07-01	284.46	289.455	294.34999999999997	292.60999999999996
2021-07-02	284.69	289.41499999999996	294.01	292.46
2021-07-03	285.25	289.66499999999996	293.89	292.47999999999996
2021-07-04	285.58	290.11	294.21999999999997	292.63
2021-07-05	285.89	290.61499999999995	294.69	292.92999999999995
2021-07-06	285.83	290.865	295.04999999999995	293.28999999999996
2021-07-07	285.60999999999996	290.465	295.21	293.28
2021-07-08	285.63	289.92999999999995	295.21	292.82
2021-07-09	285.96999999999997	290.025	295.14	292.56
2021-07-10	286.54999999999995	290.40999999999997	295.15999999999997	292.96
2021-07-11	287.28	290.745	295.14	293.26
2021-07-12	287.96999999999997	291.115	295.14	293.65
2021-07-13	288.48999999999995	291.55499999999995	295.26	294.01
2021-07-14	288.89	291.88	295.33	294.17999999999995
2021-07-15	289.12	292.02	295.35999999999996	294.29999999999995
2021-07-16	289.4	292.17999999999995	295.28	294.32
2021-07-17	289.88	292.46999999999997	295.19	294.22999999999996
2021-07-18	290.37	292.72	295.21999999999997	294.08
2021-07-19	290.46	292.90999999999997	295.38	294.09999999999997
2021-07-20	290.02	292.94499999999994	295.56	294.21
2021-07-21	289.75	292.84999999999997	295.71999999999997	294.23999999999995
2021-07-22	289.77	292.975	295.92999999999995	294.28999999999996
2021-07-23	289.76	293.21	296.17999999999995	294.42999999999995
2021-07-24	289.79999999999995	293.41999999999996	296.34	294.51
2021-07-25	289.89	293.60999999999996	296.5	294.63
2021-07-26	290.21999999999997	293.875	296.71	294.84999999999997
2021-07-27	290.65999999999997	293.99	296.76	294.89
2021-07-28	290.73999999999995	293.97499999999997	296.76	294.89
2021-07-29	290.52	293.84	296.73999999999995	294.79999999999995
2021-07-30	290.37	293.58	296.63	294.59999999999997
2021-07-31	290.28999999999996	293.34499999999997	296.53	294.45
2021-08-01	290.21999999999997	293.19999999999993	296.47999999999996	294.39
2021-08-02	290.29999999999995	293.18499999999995	296.46	294.28999999999996
2021-08-03	290.48999999999995	293.29499999999996	296.53999999999996	294.35999999999996
2021-08-04	290.65	293.495	296.73999999999995	294.71999999999997
2021-08-05	290.73999999999995	293.71	296.96999999999997	295.16999999999996
2021-08-06	290.81	293.85	297.14	295.46999999999997
2021-08-07	290.88	293.96999999999997	297.32	295.71999999999997
2021-08-08	291.07	294.16999999999996	297.5	296.01
2021-08-09	291.33	294.41999999999996	297.84999999999997	296.48999999999995
2021-08-10	291.45	294.615	297.88	296.71999999999997
2021-08-11	291.40999999999997	294.68499999999995	297.76	296.78
2021-08-12	291.28	294.715	297.71999999999997	296.78
2021-08-13	291.15	294.715	297.65999999999997	296.73999999999995
2021-08-14	291.15	294.65	297.56	296.63
2021-08-15	291.34	294.645	297.51	296.52
2021-08-16	291.52	294.81999999999994	297.60999999999996	296.54999999999995
2021-08-17	291.7	295.155	297.85999999999996	296.79999999999995
2021-08-18	292.0	295.51	298.08	297.03
2021-08-19	292.34999999999997	295.91999999999996	298.15999999999997	297.10999999999996
2021-08-20	292.53999999999996	296.21	298.32	297.19
2021-08-21	292.29999999999995	296.29999999999995	298.56	297.51
2021-08-22	291.97999999999996	296.17499999999995	298.71	297.78
2021-08-23	291.87	296.1	298.77	297.90999999999997
2021-08-24	291.82	296.16999999999996	298.78999999999996	297.87
2021-08-25	291.87	296.315	298.85999999999996	297.95
2021-08-26	291.87	296.4	298.95	298.09
2021-08-27	291.73999999999995	296.31499999999994	299.01	297.95
2021-08-28	291.44	296.135	299.01	297.64
2021-08-29	291.15999999999997	295.965	298.96	297.41999999999996
2021-08-30	291.03999999999996	295.825	298.72999999999996	297.2
2021-08-31	291.06	295.67999999999995	298.40999999999997	297.03
2021-09-01	291.15	295.53	298.03	296.67999999999995
2021-09-02	291.19	295.375	297.79999999999995	296.37
2021-09-03	291.14	295.13	297.59999999999997	296.09999999999997
2021-09-04	291.01	294.78999999999996	297.34999999999997	295.94
2021-09-05	290.85999999999996	294.52	297.03999999999996	295.65999999999997
2021-09-06	290.62	294.30499999999995	296.82	295.34999999999997
2021-09-07	290.35999999999996	294.065	296.7	295.16999999999996
2021-09-08	290.02	293.80999999999995	296.48999999999995	294.95
2021-09-09	289.78	293.495	296.22999999999996	294.67999999999995
2021-09-10	289.76	293.31499999999994	296.02	294.46999999999997
2021-09-11	289.78	293.23	295.85999999999996	294.39
2021-09-12	289.71	293.16999999999996	295.77	294.33
2021-09-13	289.64	293.11	295.76	294.19
2021-09-14	289.53	293.06	295.75	294.2
2021-09-15	289.42999999999995	293.01	295.7	294.27
2021-09-16	289.39	293.04499999999996	295.7	294.29999999999995
2021-09-17	289.28	293.04499999999996	295.81	294.40999999999997
2021-09-18	289.19	293.0	295.84999999999997	294.48999999999995
2021-09-19	289.21	293.0	295.78	294.46
2021-09-20	289.12	292.93499999999995	295.65	294.38
2021-09-21	288.78999999999996	292.71	295.28	294.25
2021-09-22	288.58	292.28	294.66999999999996	293.94
2021-09-23	288.53	291.69999999999993	294.01	293.52
2021-09-24	288.42999999999995	291.10999999999996	293.5	293.17999999999995
2021-09-25	288.21999999999997	290.76	293.27	293.02
2021-09-26	288.01	290.52	293.12	292.9
2021-09-27	287.94	290.34	292.98999999999995	292.73999999999995
2021-09-28	287.96999999999997	290.23499999999996	292.88	292.47999999999996
2021-09-29	288.06	290.24	292.83	292.25
2021-09-30	288.15999999999997	290.26	292.77	291.97999999999996
2021-10-01	288.23999999999995	290.29999999999995	292.75	291.78999999999996
2021-10-02	288.35999999999996	290.38	292.77	291.71
2021-10-03	288.47999999999996	290.42999999999995	292.78999999999996	291.76
2021-10-04	288.54999999999995	290.46	292.84	291.75
2021-10-05	288.53999999999996	290.495	292.83	291.65
2021-10-06	288.52	290.53999999999996	292.83	291.63
2021-10-07	288.59999999999997	290.59	292.92999999999995	291.71
2021-10-08	288.59999999999997	290.63	293.03	291.71
2021-10-09	288.52	290.645	293.01	291.65
2021-10-10	288.39	290.62	292.87	291.52
2021-10-11	288.07	290.53	292.72999999999996	291.53999999999996
2021-10-12	287.91999999999996	290.42499999999995	292.75	291.69
2021-10-13	287.84999999999997	290.34999999999997	292.72999999999996	291.67999999999995
2021-10-14	287.78	290.32	292.66999999999996	291.59999999999997
2021-10-15	287.46999999999997	290.245	292.39	291.38
2021-10-16	287.13	289.94	292.0	290.95
2021-10-17	286.95	289.635	291.7	290.58
2021-10-18	286.96	289.46999999999997	291.47999999999996	290.14
2021-10-19	286.96999999999997	289.405	291.37	289.84
2021-10-20	286.87	289.34499999999997	291.33	289.71
2021-10-21	286.7	289.23	291.25	289.56
2021-10-22	286.48999999999995	288.97499999999997	291.06	289.28
2021-10-23	286.26	288.64	290.67999999999995	288.85999999999996
2021-10-24	286.0	288.385	290.38	288.72999999999996
2021-10-25	285.69	288.07	290.15	288.60999999999996
2021-10-26	285.34999999999997	287.67999999999995	289.75	288.28999999999996
2021-10-27	285.15	287.385	289.34999999999997	287.96
2021-10-28	285.03	287.17999999999995	289.15999999999997	287.71999999999997
2021-10-29	284.83	286.9	288.84999999999997	287.52
2021-10-30	284.71	286.63	288.39	287.16999999999996
2021-10-31	284.51	286.43999999999994	288.16999999999996	286.82
2021-11-01	284.21999999999997	286.15999999999997	287.94	286.57
2021-11-02	283.9	285.78499999999997	287.52	286.27
2021-11-03	283.64	285.445	287.09	285.88
2021-11-04	283.47999999999996	285.235	286.83	285.60999999999996
2021-11-05	283.37	285.1	286.71999999999997	285.46999999999997
2021-11-06	283.27	284.985	286.65999999999997	285.39
2021-11-07	283.2	284.92999999999995	286.57	285.31
2021-11-08	283.16999999999996	284.92999999999995	286.56	285.34999999999997
2021-11-09	283.12	284.91999999999996	286.53	285.34
2021-11-10	283.03999999999996	284.85499999999996	286.40999999999997	285.23999999999995
2021-11-11	282.96999999999997	284.72499999999997	286.32	285.13
2021-11-12	282.81	284.53	286.17999999999995	284.95
2021-11-13	282.71999999999997	284.42499999999995	286.12	284.82
2021-11-14	282.65	284.32	285.97999999999996	284.66999999999996
2021-11-15	282.45	284.145	285.71	284.39
2021-11-16	282.2	283.96	285.34999999999997	284.09999999999997
2021-11-17	281.81	283.67999999999995	285.06	283.89
2021-11-18	281.39	283.28499999999997	284.58	283.45
2021-11-19	280.79999999999995	282.78	284.03999999999996	282.95
2021-11-20	280.22999999999996	282.39	283.72999999999996	282.73999999999995
2021-11-21	280.10999999999996	282.15999999999997	283.47999999999996	282.46999999999997
2021-11-22	279.94	281.955	283.26	282.22999999999996
2021-11-23	279.69	281.715	282.81	281.97999999999996
2021-11-24	279.53999999999996	281.59999999999997	282.67999999999995	281.94
2021-11-25	279.39	281.475	282.53	281.95
2021-11-26	279.27	281.29999999999995	282.21999999999997	281.88
2021-11-27	279.21999999999997	281.15	281.78999999999996	281.76
2021-11-28	279.21999999999997	281.03999999999996	281.5	281.65
2021-11-29	279.17999999999995	280.905	281.28999999999996	281.54999999999995
2021-11-30	279.10999999999996	280.79499999999996	281.15	281.45
2021-12-01	278.79999999999995	280.65999999999997	281.08	281.34
2021-12-02	278.35999999999996	280.44999999999993	281.03	281.15999999999997
2021-12-03	278.29999999999995	280.255	280.9	280.92999999999995
2021-12-04	278.21999999999997	280.085	280.77	280.71
2021-12-05	278.15999999999997	279.91999999999996	280.67999999999995	280.5
2021-12-06	278.09999999999997	279.75	280.56	280.33
2021-12-07	278.06	279.63	280.42999999999995	280.21
2021-12-08	278.03	279.485	280.27	280.12
2021-12-09	278.02	279.42999999999995	280.14	280.06
2021-12-10	278.0	279.39	280.09	280.0
2021-12-11	277.98999999999995	279.355	280.04999999999995	279.96999999999997
2021-12-12	278.01	279.355	280.0	279.92999999999995
2021-12-13	278.07	279.32499999999993	280.03	279.94
2021-12-14	278.09999999999997	279.34499999999997	279.98999999999995	279.90999999999997
2021-12-15	278.09	279.4	279.96	279.89
2021-12-16	278.07	279.405	279.96999999999997	279.88
2021-12-17	278.03	279.375	279.95	279.84999999999997
2021-12-18	277.97999999999996	279.33	279.84999999999997	279.78
2021-12-19	277.92999999999995	279.255	279.65999999999997	279.62
2021-12-20	277.88	279.14	279.48999999999995	279.5
2021-12-21	277.82	279.06499999999994	279.44	279.41999999999996
2021-12-22	277.73999999999995	278.995	279.40999999999997	279.38
2021-12-23	277.65	278.87	279.37	279.34999999999997
2021-12-24	277.47999999999996	278.68999999999994	279.21	279.26
2021-12-25	277.34	278.59	279.07	279.15
2021-12-26	277.32	278.51	278.90999999999997	279.07
2021-12-27	277.28999999999996	278.255	278.60999999999996	278.94
2021-12-28	277.26	278.17499999999995	278.44	278.84999999999997
2021-12-29	277.22999999999996	278.10499999999996	278.33	278.78
2021-12-30	277.14	278.005	278.12	278.7
2021-12-31	277.08	277.88	277.96999999999997	278.65999999999997
2022-01-01	277.03999999999996	277.79499999999996	277.84999999999997	278.16999999999996
2022-01-01	277.03999999999996	278.0	277.84999999999997	278.16999999999996
2022-01-01	277.03999999999996	277.59	277.84999999999997	278.16999999999996
2022-01-02	276.98999999999995	277.715	277.81	278.46999999999997
2022-01-03	276.78999999999996	277.48999999999995	277.79999999999995	278.48999999999995
2022-01-04	276.78999999999996	277.54999999999995	277.78	278.46
2022-01-05	276.76	277.47499999999997	277.65	278.2
2022-01-06	276.67999999999995	277.24	277.32	278.03
2022-01-07	276.54999999999995	276.94999999999993	276.94	278.04999999999995
2022-01-08	276.33	276.775	276.78999999999996	277.88
2022-01-09	276.32	276.78999999999996	276.72999999999996	277.85999999999996
2022-01-10	276.33	276.74	276.65	277.72999999999996
2022-01-11	276.07	276.455	276.23999999999995	277.52
2022-01-12	275.67999999999995	276.5	276.03999999999996	277.33
2022-01-13	275.56	276.38	275.78999999999996	277.41999999999996
2022-01-14	275.5	276.22499999999997	275.64	277.34999999999997
2022-01-15	275.35999999999996	276.11	275.4	277.27
2022-01-16	275.35999999999996	276.07	275.22999999999996	277.04999999999995
2022-01-17	275.45	275.98999999999995	275.26	277.15999999999997
2022-01-18	275.37	275.91499999999996	275.14	276.96
2022-01-19	275.28	275.965	274.91999999999996	276.90999999999997
2022-01-20	275.2	275.81999999999994	274.60999999999996	276.79999999999995
2022-01-21	275.15	275.655	274.4	276.53999999999996
2022-01-22	275.08	275.63	274.45	275.96
2022-01-23	275.09999999999997	275.565	274.26	276.26
2022-01-24	275.03	275.47499999999997	274.09999999999997	276.16999999999996
2022-01-25	274.95	275.365	273.94	276.21999999999997
2022-01-26	274.84	275.135	273.77	276.08
2022-01-27	274.84	275.16999999999996	273.73999999999995	275.92999999999995
2022-01-28	274.81	275.04999999999995	273.69	275.90999999999997
2022-01-29	274.71999999999997	274.90999999999997	273.54999999999995	275.71
2022-01-30	274.63	274.885	273.46999999999997	275.62
2022-01-31	274.59	274.89	273.34999999999997	275.51
2022-02-01	274.5	274.91499999999996	273.34999999999997	275.63
2022-02-02	274.59	274.99	273.44	275.79999999999995
2022-02-03	274.5	274.92499999999995	273.52	275.77
2022-02-04	274.34999999999997	274.815	273.4	275.66999999999996
2022-02-05	274.22999999999996	274.66999999999996	273.34999999999997	275.39
2022-02-06	274.16999999999996	274.68999999999994	273.34999999999997	275.44
2022-02-07	274.25	274.81499999999994	273.41999999999996	275.5
2022-02-08	274.2	274.77	273.44	275.59999999999997
2022-02-09	274.17999999999995	274.775	273.42999999999995	275.63
2022-02-10	274.21999999999997	274.79999999999995	273.40999999999997	275.65999999999997
2022-02-11	274.14	274.79499999999996	273.4	275.62
2022-02-12	274.12	274.71999999999997	273.46	275.57
2022-02-13	273.96999999999997	274.495	273.39	275.40999999999997
2022-02-14	273.87	274.30999999999995	273.34999999999997	275.28
2022-02-15	273.85999999999996	274.38	273.34999999999997	275.16999999999996
2022-02-16	273.85999999999996	274.47499999999997	273.34999999999997	275.33
2022-02-17	273.85999999999996	274.525	273.34999999999997	275.47999999999996
2022-02-18	273.77	274.46999999999997	273.34999999999997	275.46
2022-02-19	273.78	274.49	273.34999999999997	275.46
2022-02-20	273.78	274.5	273.34999999999997	275.52
2022-02-21	273.76	274.505	273.34999999999997	275.56
2022-02-22	273.71	274.395	273.35999999999996	275.46
2022-02-23	273.67999999999995	274.275	273.44	275.38
2022-02-24	273.64	274.21	273.34999999999997	275.37
2022-02-25	273.62	274.195	273.41999999999996	275.34999999999997
2022-02-26	273.57	274.17499999999995	273.34999999999997	275.15999999999997
2022-02-27	273.65999999999997	274.30499999999995	273.34999999999997	275.39
2022-02-28	273.64	274.30499999999995	273.34999999999997	275.42999999999995
2022-03-01	273.59999999999997	274.28999999999996	273.34999999999997	275.31
2022-03-02	273.58	274.265	273.34999999999997	275.41999999999996
2022-03-03	273.54999999999995	274.23	273.34999999999997	275.37
2022-03-04	273.54999999999995	274.245	273.37	275.46
2022-03-05	273.56	274.28	273.34999999999997	275.63
2022-03-06	273.57	274.37	273.38	275.96999999999997
2022-03-07	273.57	274.355	273.34999999999997	275.84
2022-03-08	273.56	274.33	274.02	275.63
2022-03-09	273.54999999999995	274.345	274.07	275.62
2022-03-10	273.54999999999995	274.31499999999994	274.07	275.59
2022-03-11	273.57	274.355	273.91999999999996	275.59
2022-03-12	273.53999999999996	274.31499999999994	274.31	275.60999999999996
2022-03-13	273.53	274.31499999999994	274.32	275.63
2022-03-14	273.46	274.335	274.27	275.71999999999997
2022-03-15	273.40999999999997	274.335	274.59	275.79999999999995
2022-03-16	273.46	274.39	274.73999999999995	275.9
2022-03-17	273.5	274.47499999999997	274.89	275.92999999999995
2022-03-18	273.62	274.58	274.96	275.92999999999995
2022-03-19	273.60999999999996	274.59	274.89	275.90999999999997
2022-03-20	273.62	274.655	274.97999999999996	275.81
2022-03-21	273.64	274.67499999999995	275.10999999999996	275.85999999999996
2022-03-22	273.67999999999995	274.65	275.14	275.85999999999996
2022-03-23	273.67999999999995	274.59	275.13	275.85999999999996
2022-03-24	273.69	274.575	275.16999999999996	275.84
2022-03-25	273.63	274.54999999999995	275.17999999999995	275.84999999999997
2022-03-26	273.73999999999995	274.56499999999994	275.19	275.83
2022-03-27	273.65	274.53999999999996	275.17999999999995	275.78999999999996
2022-03-28	273.60999999999996	274.53	275.16999999999996	275.76
2022-03-29	273.54999999999995	274.495	275.21999999999997	275.77
2022-03-30	273.57	274.53499999999997	275.29999999999995	275.81
2022-03-31	273.59999999999997	274.53999999999996	275.39	275.87
2022-04-01	273.60999999999996	274.585	275.48999999999995	275.91999999999996
2022-04-02	273.64	274.575	275.51	275.92999999999995
2022-04-03	273.69	274.595	275.62	275.92999999999995
2022-04-04	273.77	274.65	275.76	275.96999999999997
2022-04-05	273.82	274.79999999999995	276.08	276.04999999999995
2022-04-06	273.83	274.855	276.28	276.16999999999996
2022-04-07	273.84999999999997	274.91999999999996	276.44	276.25
2022-04-08	273.94	275.025	276.59999999999997	276.31
2022-04-09	273.97999999999996	275.0799999999999	276.71	276.34
2022-04-10	274.03	275.17999999999995	276.88	276.35999999999996
2022-04-11	274.02	275.17499999999995	277.04999999999995	276.44
2022-04-12	274.08	275.18999999999994	277.46	276.71999999999997
2022-04-13	274.07	275.275	277.71999999999997	276.84
2022-04-14	274.06	275.34	277.87	276.89
2022-04-15	274.03999999999996	275.385	277.92999999999995	276.89
2022-04-16	274.03	275.43999999999994	278.01	276.88
2022-04-17	274.03999999999996	275.475	278.08	276.9
2022-04-18	274.07	275.495	278.12	276.95
2022-04-19	274.09999999999997	275.53499999999997	278.08	277.08
2022-04-20	274.14	275.615	278.10999999999996	277.2
2022-04-21	274.19	275.755	278.28	277.28
2022-04-22	274.23999999999995	275.79999999999995	278.46	277.37
2022-04-23	274.4	275.865	278.78	277.38
2022-04-24	274.53999999999996	275.96	279.0	277.42999999999995
2022-04-25	274.46999999999997	276.075	279.09999999999997	277.51
2022-04-26	274.35999999999996	276.11	279.12	277.56
2022-04-27	274.34	276.14	279.13	277.59999999999997
2022-04-28	274.38	276.22499999999997	279.19	277.65
2022-04-29	274.40999999999997	276.33	279.28999999999996	277.71999999999997
2022-04-30	274.48999999999995	276.42999999999995	279.37	277.72999999999996
2022-05-01	274.60999999999996	276.505	279.45	277.75
2022-05-02	274.69	276.62	279.62	277.79999999999995
2022-05-03	274.71	276.71999999999997	279.83	277.88
2022-05-04	274.72999999999996	276.775	280.09	277.97999999999996
2022-05-05	274.82	276.81999999999994	280.38	278.03
2022-05-06	274.97999999999996	276.995	280.64	278.22999999999996
2022-05-07	275.13	277.22999999999996	280.79999999999995	278.44
2022-05-08	275.2	277.42499999999995	281.02	278.60999999999996
2022-05-09	275.32	277.705	281.39	278.9
2022-05-10	275.59999999999997	277.995	281.87	279.38
2022-05-11	275.83	278.31499999999994	282.60999999999996	279.84
2022-05-12	276.27	278.79499999999996	283.66999999999996	280.52
2022-05-13	276.67999999999995	279.28499999999997	284.83	281.47999999999996
2022-05-14	276.14	279.395	285.64	282.35999999999996
2022-05-15	275.71999999999997	279.25	285.7	282.64
2022-05-16	275.53	279.05499999999995	285.45	282.2
2022-05-17	275.46999999999997	278.955	285.16999999999996	281.65999999999997
2022-05-18	275.5	279.03499999999997	285.06	281.60999999999996
2022-05-19	275.53999999999996	279.17999999999995	285.06	281.79999999999995
2022-05-20	275.58	279.315	285.2	282.09999999999997
2022-05-21	275.60999999999996	279.405	285.47999999999996	282.54999999999995
2022-05-22	275.69	279.48	285.69	282.37
2022-05-23	275.79999999999995	279.58	285.71	282.15
2022-05-24	275.83	279.645	285.77	282.25
2022-05-25	275.88	279.755	286.22999999999996	282.72999999999996
2022-05-26	276.0	279.94	287.09	283.7
2022-05-27	276.12	280.12	287.89	284.78
2022-05-28	276.15	280.29499999999996	288.35999999999996	285.59
2022-05-29	276.23999999999995	280.735	288.84	286.17999999999995
2022-05-30	276.4	281.24	289.39	286.60999999999996
2022-05-31	276.53999999999996	281.725	289.71999999999997	286.52
2022-06-01	276.58	281.81	289.91999999999996	286.4
2022-06-02	276.54999999999995	281.84	290.02	286.39
2022-06-03	276.45	281.78499999999997	290.12	286.34999999999997
2022-06-04	276.42999999999995	281.72999999999996	290.13	286.19
2022-06-05	276.52	281.81499999999994	290.10999999999996	286.28999999999996
2022-06-06	276.57	281.95	290.0	286.4
2022-06-07	276.66999999999996	282.125	289.90999999999997	286.22999999999996
2022-06-08	276.78	282.30999999999995	289.9	286.16999999999996
2022-06-09	276.84	282.595	290.03999999999996	286.41999999999996
2022-06-10	276.92999999999995	282.80999999999995	290.21	286.7
2022-06-11	276.97999999999996	283.05499999999995	290.71	287.40999999999997
2022-06-12	276.96999999999997	283.37	291.10999999999996	287.78
2022-06-13	277.03	283.76	291.48999999999995	288.13
2022-06-14	277.17999999999995	284.37	292.17999999999995	288.66999999999996
2022-06-15	277.40999999999997	284.65999999999997	292.90999999999997	288.96999999999997
2022-06-16	277.62	284.76	293.09999999999997	289.03999999999996
2022-06-17	277.65999999999997	284.77	293.0	289.04999999999995
2022-06-18	277.65	284.735	292.56	288.62
2022-06-19	277.96	284.83	292.27	288.34
2022-06-20	278.71	285.23999999999995	292.38	288.63
2022-06-21	278.59	285.92499999999995	292.54999999999995	289.17999999999995
2022-06-22	278.35999999999996	286.43499999999995	292.85999999999996	289.84999999999997
2022-06-23	278.42999999999995	286.71	292.94	290.12
2022-06-24	278.34999999999997	286.965	293.28999999999996	290.47999999999996
2022-06-25	278.09	287.24	293.58	290.9
2022-06-26	277.96	287.44499999999994	293.65999999999997	290.96
2022-06-27	277.90999999999997	287.465	293.59	290.73999999999995
2022-06-28	277.90999999999997	287.505	293.60999999999996	290.63
2022-06-29	277.96999999999997	287.80999999999995	293.71	290.77
2022-06-30	278.25	288.15999999999997	293.9	291.09
2022-07-01	278.34	288.43999999999994	294.13	291.53
2022-07-02	278.39	288.68999999999994	294.35999999999996	291.85999999999996
2022-07-03	278.51	289.09	294.57	291.97999999999996
2022-07-04	278.65	289.41499999999996	294.73999999999995	292.21
2022-07-05	278.85999999999996	289.745	294.88	292.59999999999997
2022-07-06	279.10999999999996	289.955	294.94	292.92999999999995
2022-07-07	279.33	290.15	295.01	293.14
2022-07-08	279.58	290.47999999999996	295.09	293.26
2022-07-09	279.85999999999996	290.69	295.10999999999996	293.32
2022-07-10	280.09	290.875	295.17999999999995	293.5
2022-07-11	280.13	291.01	295.27	293.75
2022-07-12	280.12	291.10499999999996	295.39	293.83
2022-07-13	280.17999999999995	291.275	295.53999999999996	293.94
2022-07-14	280.37	291.44	295.71999999999997	294.15
2022-07-15	280.76	291.64	295.83	294.46
2022-07-16	281.16999999999996	291.98499999999996	296.06	295.01
2022-07-17	281.59999999999997	292.51	296.25	295.21
2022-07-18	281.88	292.97999999999996	296.42999999999995	295.26
2022-07-19	282.0	293.17999999999995	296.59999999999997	295.41999999999996
2022-07-20	282.04999999999995	293.14	296.76	295.84
2022-07-21	282.09999999999997	293.06999999999994	296.85999999999996	295.92999999999995
2022-07-22	282.10999999999996	293.2	296.98999999999995	296.01
2022-07-23	282.07	293.255	297.06	296.02
2022-07-24	281.90999999999997	293.15	297.03999999999996	295.89
2022-07-25	281.79999999999995	293.015	297.06	295.69
2022-07-26	282.41999999999996	293.05999999999995	297.08	295.38
2022-07-27	282.92999999999995	293.075	297.12	295.15
2022-07-28	282.75	293.04499999999996	297.17999999999995	295.15999999999997
2022-07-29	282.78	293.03999999999996	297.15999999999997	295.09999999999997
2022-07-30	283.09999999999997	293.16499999999996	297.19	295.04999999999995
2022-07-31	283.31	293.29999999999995	297.28	295.15
2022-08-01	283.47999999999996	293.34	297.32	295.4
2022-08-02	283.67999999999995	293.37	297.29999999999995	295.52
2022-08-03	284.03	293.46	297.38	295.69
2022-08-04	284.26	293.55499999999995	297.69	296.27
2022-08-05	284.45	293.745	298.03999999999996	296.84999999999997
2022-08-06	284.62	293.93499999999995	298.22999999999996	297.25
2022-08-07	284.77	293.955	298.34	297.31
2022-08-08	285.01	293.875	298.28	297.15999999999997
2022-08-09	285.21	293.86	298.15	296.9
2022-08-10	285.32	293.87	298.13	296.77
2022-08-11	285.44	293.77	297.95	296.46999999999997
2022-08-12	285.81	293.71999999999997	297.73999999999995	296.21
2022-08-13	286.38	293.75	297.64	296.10999999999996
2022-08-14	287.03999999999996	293.77	297.54999999999995	296.10999999999996
2022-08-15	287.62	293.87	297.40999999999997	296.25
2022-08-16	288.10999999999996	293.97499999999997	297.34999999999997	296.44
2022-08-17	288.64	294.17499999999995	297.34999999999997	296.58
2022-08-18	289.04999999999995	294.38	297.39	296.71
2022-08-19	289.34	294.495	297.48999999999995	296.84
2022-08-20	289.48999999999995	294.575	297.56	296.97999999999996
2022-08-21	289.62	294.67999999999995	297.53	297.01
2022-08-22	289.81	294.80999999999995	297.46	296.97999999999996
2022-08-23	290.06	294.92499999999995	297.46	296.96999999999997
2022-08-24	290.03	294.92499999999995	297.48999999999995	296.96
2022-08-25	289.76	294.77	297.54999999999995	296.95
2022-08-26	289.65	294.59000000000003	297.52	296.89
2022-08-27	289.59999999999997	294.515	297.46999999999997	296.82
2022-08-28	289.40999999999997	294.48499999999996	297.46999999999997	296.78
2022-08-29	289.19	294.4549999999999	297.46	296.78999999999996
2022-08-30	288.84	294.34	297.31	296.65
2022-08-31	288.63	294.22499999999997	297.2	296.4
2022-09-01	288.59	294.145	297.14	296.10999999999996
2022-09-02	288.60999999999996	294.125	297.09	295.89
2022-09-03	288.47999999999996	294.09499999999997	297.02	295.92999999999995
2022-09-04	288.47999999999996	293.975	296.90999999999997	295.9
2022-09-05	288.67999999999995	293.835	296.72999999999996	295.66999999999996
2022-09-06	288.94	293.85499999999996	296.53999999999996	295.35999999999996
2022-09-07	289.22999999999996	293.9549999999999	296.46999999999997	295.17999999999995
2022-09-08	289.29999999999995	294.05999999999995	296.53999999999996	295.14
2022-09-09	289.16999999999996	294.06	296.64	295.12
2022-09-10	289.03	294.03999999999996	296.59	295.08
2022-09-11	288.97999999999996	293.92999999999995	296.34999999999997	294.87
2022-09-12	289.02	293.65999999999997	296.02	294.64
2022-09-13	288.96999999999997	293.385	295.75	294.56
2022-09-14	288.82	293.21999999999997	295.56	294.40999999999997
2022-09-15	288.71999999999997	293.13	295.40999999999997	294.28
2022-09-16	288.60999999999996	293.15	295.37	294.10999999999996
2022-09-17	288.4	293.17499999999995	295.46999999999997	293.90999999999997
2022-09-18	288.15	293.21	295.53	293.81
2022-09-19	288.07	293.17499999999995	295.48999999999995	293.7
2022-09-20	288.21999999999997	293.145	295.41999999999996	293.5
2022-09-21	288.0	293.025	295.28	293.38
2022-09-22	287.34999999999997	292.715	295.01	293.12
2022-09-23	286.84	292.29499999999996	294.66999999999996	292.71
2022-09-24	286.66999999999996	291.89	294.34	292.45
2022-09-25	286.37	291.335	293.75	292.21
2022-09-26	285.97999999999996	290.79499999999996	293.10999999999996	291.72999999999996
2022-09-27	285.63	290.30499999999995	292.52	291.23999999999995
2022-09-28	285.41999999999996	289.90999999999997	292.02	290.72999999999996
2022-09-29	285.34	289.7	291.81	290.44
2022-09-30	285.34	289.62	291.66999999999996	290.31
2022-10-01	285.26	289.52	291.38	290.26
2022-10-02	285.16999999999996	289.405	291.08	290.12
2022-10-03	285.09999999999997	289.3299999999999	290.94	289.98999999999995
2022-10-04	285.03	289.255	290.84999999999997	289.90999999999997
2022-10-05	284.95	289.17999999999995	290.79999999999995	289.84999999999997
2022-10-06	284.72999999999996	289.0	290.71	289.76
2022-10-07	284.27	288.63	290.39	289.46999999999997
2022-10-08	283.84999999999997	288.2	289.96999999999997	289.10999999999996
2022-10-09	283.65999999999997	287.84	289.66999999999996	288.71999999999997
2022-10-10	283.64	287.63	289.47999999999996	288.38
2022-10-11	283.66999999999996	287.56999999999994	289.37	288.2
2022-10-12	283.64	287.52	289.26	288.09
2022-10-13	283.46	287.29499999999996	288.94	287.73999999999995
2022-10-14	283.26	286.985	288.60999999999996	287.40999999999997
2022-10-15	283.03	286.65999999999997	288.35999999999996	287.13
2022-10-16	282.72999999999996	286.31999999999994	288.12	286.7
2022-10-17	282.33	285.91499999999996	287.87	286.26
2022-10-18	281.92999999999995	285.405	287.39	285.81
2022-10-19	281.56	284.92999999999995	286.81	285.41999999999996
2022-10-20	281.34	284.635	286.39	285.09
2022-10-21	281.28	284.515	286.22999999999996	284.91999999999996
2022-10-22	281.34999999999997	284.525	286.32	284.96999999999997
2022-10-23	281.47999999999996	284.585	286.42999999999995	285.04999999999995
2022-10-24	281.46	284.61	286.54999999999995	285.2
2022-10-25	281.26	284.54999999999995	286.53999999999996	285.29999999999995
2022-10-26	281.03999999999996	284.40999999999997	286.45	285.31
2022-10-27	280.94	284.31499999999994	286.37	285.16999999999996
2022-10-28	280.97999999999996	284.32499999999993	286.29999999999995	285.03999999999996
2022-10-29	281.0	284.38	286.34	285.03999999999996
2022-10-30	281.02	284.41999999999996	286.32	285.09999999999997
2022-10-31	281.08	284.49	286.28999999999996	285.10999999999996
2022-11-01	281.19	284.55999999999995	286.28	285.10999999999996
2022-11-02	281.2	284.565	286.28	285.10999999999996
2022-11-03	281.2	284.495	286.34999999999997	285.16999999999996
2022-11-04	281.17999999999995	284.365	286.33	285.23999999999995
2022-11-05	281.07	284.115	286.35999999999996	285.27
2022-11-06	280.89	283.86	286.48999999999995	285.35999999999996
2022-11-07	280.76	283.72999999999996	286.53	285.39
2022-11-08	280.72999999999996	283.655	286.41999999999996	285.32
2022-11-09	280.78999999999996	283.63	286.35999999999996	285.22999999999996
2022-11-10	280.83	283.67999999999995	286.34999999999997	285.14
2022-11-11	280.75	283.615	286.38	285.09999999999997
2022-11-12	280.53	283.49	286.28	285.01
2022-11-13	280.14	283.29999999999995	286.02	284.83
2022-11-14	279.2	282.995	285.53999999999996	284.51
2022-11-15	279.01	282.765	285.10999999999996	284.32
2022-11-16	278.87	282.40999999999997	284.34999999999997	284.15
2022-11-17	278.72999999999996	281.93499999999995	283.42999999999995	283.76
2022-11-18	278.64	281.56999999999994	282.59	283.29999999999995
2022-11-19	278.58	281.225	281.96	282.72999999999996
2022-11-20	278.58	281.0	281.47999999999996	281.96
2022-11-21	278.57	280.78499999999997	281.21	281.34
2022-11-22	278.54999999999995	280.66499999999996	281.12	281.03999999999996
2022-11-23	278.54999999999995	280.62	281.09999999999997	280.83
2022-11-24	278.56	280.64	281.09999999999997	280.73999999999995
2022-11-25	278.59999999999997	280.67499999999995	281.12	280.78999999999996
2022-11-26	278.63	280.755	281.21	280.91999999999996
2022-11-27	278.60999999999996	280.75	281.27	280.92999999999995
2022-11-28	278.59999999999997	280.625	281.15999999999997	280.78999999999996
2022-11-29	278.57	280.505	280.97999999999996	280.59999999999997
2022-11-30	278.53999999999996	280.34	280.72999999999996	280.44
2022-12-01	278.46	280.14	280.41999999999996	280.25
2022-12-02	278.34999999999997	279.92499999999995	280.2	280.04999999999995
2022-12-03	278.2	279.7	280.03	279.88
2022-12-04	278.02	279.54999999999995	279.90999999999997	279.72999999999996
2022-12-05	277.89	279.515	279.87	279.67999999999995
2022-12-06	277.71999999999997	279.49	279.85999999999996	279.69
2022-12-07	277.51	279.31999999999994	279.78999999999996	279.65
2022-12-08	277.41999999999996	279.21	279.75	279.64
2022-12-09	277.40999999999997	279.15	279.69	279.58
2022-12-10	277.40999999999997	279.15	279.62	279.52
2022-12-11	277.41999999999996	279.11	279.53999999999996	279.46
2022-12-12	277.41999999999996	279.04999999999995	279.39	279.37
2022-12-13	277.42999999999995	279.03999999999996	279.27	279.34
2022-12-14	277.41999999999996	278.965	279.2	279.28
2022-12-15	277.38	278.735	279.06	279.25
2022-12-16	277.33	278.69499999999994	279.0	279.2
2022-12-17	277.28	278.62	278.9	279.10999999999996
2022-12-18	277.26	278.53	278.75	279.04999999999995
2022-12-19	277.21	278.255	278.10999999999996	278.94
2022-12-20	277.15	278.10999999999996	277.60999999999996	278.79999999999995
2022-12-21	277.10999999999996	278.08	277.51	278.71999999999997
2022-12-22	277.0	278.0	277.40999999999997	278.69
2022-12-23	276.89	277.905	277.21999999999997	278.65999999999997
2022-12-24	276.78	277.60499999999996	276.64	278.40999999999997
2022-12-25	276.69	277.395	275.73999999999995	278.06
2022-12-26	276.65	277.30499999999995	275.46	278.0
2022-12-27	276.64	277.30499999999995	275.34999999999997	277.90999999999997
2022-12-28	276.47999999999996	277.26	275.28	277.9
2022-12-29	276.39	277.275	275.58	277.84
2022-12-30	276.42999999999995	277.245	275.60999999999996	277.79999999999995
2022-12-31	276.40999999999997	277.115	275.56	277.82
2023-01-01	276.35999999999996	277.04499999999996	275.48999999999995	277.71999999999997
2023-01-01	276.35999999999996	277.21999999999997	275.48999999999995	277.71999999999997
2023-01-01	276.35999999999996	276.87	275.48999999999995	277.71999999999997
2023-01-02	276.34999999999997	277.015	275.46999999999997	277.66999999999996
2023-01-03	276.34	276.98	275.47999999999996	277.60999999999996
2023-01-04	276.34	276.92499999999995	275.47999999999996	277.53
2023-01-05	276.33	276.91499999999996	275.5	277.46
2023-01-06	276.28999999999996	276.89	275.5	277.41999999999996
2023-01-07	276.26	276.85999999999996	275.40999999999997	277.37
2023-01-08	276.22999999999996	276.85499999999996	275.32	277.22999999999996
2023-01-09	276.21999999999997	276.84	275.25	277.2
2023-01-10	276.21	276.825	275.22999999999996	277.17999999999995
2023-01-11	276.16999999999996	276.80499999999995	275.21	277.17999999999995
2023-01-12	276.12	276.77	275.2	277.2
2023-01-13	276.06	276.74	275.21	277.2
2023-01-14	275.97999999999996	276.65999999999997	275.16999999999996	277.2
2023-01-15	275.95	276.66499999999996	275.07	277.19
2023-01-16	275.94	276.63	275.06	277.13
2023-01-17	275.94	276.66499999999996	275.21	277.12
2023-01-18	275.92999999999995	276.645	275.27	277.08
2023-01-19	275.89	276.625	275.29999999999995	277.03999999999996
2023-01-20	275.83	276.55499999999995	275.31	277.04999999999995
2023-01-21	275.78	276.475	275.27	277.02
2023-01-22	275.69	276.385	275.26	276.95
2023-01-23	275.62	276.31999999999994	275.22999999999996	276.88
2023-01-24	275.58	276.265	275.22999999999996	276.81
2023-01-25	275.52	276.19	275.2	276.71999999999997
2023-01-26	275.48999999999995	276.05499999999995	275.09	276.65
2023-01-27	275.42999999999995	275.945	274.95	276.46999999999997
2023-01-28	275.4	275.895	274.84	276.41999999999996
2023-01-29	275.31	275.775	274.76	276.40999999999997
2023-01-30	275.21	275.69999999999993	274.65999999999997	276.41999999999996
2023-01-31	275.13	275.65	274.5	276.4
2023-02-01	275.09999999999997	275.645	274.5	276.39
2023-02-02	275.06	275.655	274.39	276.4
2023-02-03	275.07	275.575	274.40999999999997	276.34999999999997
2023-02-04	274.96	275.42999999999995	274.07	276.09
2023-02-05	274.94	275.455	273.97999999999996	276.0
2023-02-06	274.94	275.44499999999994	274.12	276.09
2023-02-07	274.96	275.59	274.14	276.23999999999995
2023-02-08	275.02	275.625	274.26	276.34999999999997
2023-02-09	275.01	275.655	274.34	276.33
2023-02-10	275.04999999999995	275.625	274.47999999999996	276.32
2023-02-11	275.04999999999995	275.68499999999995	274.75	276.35999999999996
2023-02-12	275.09	275.71999999999997	274.82	276.38
2023-02-13	275.10999999999996	275.7049999999999	274.79999999999995	276.33
2023-02-14	275.09999999999997	275.69	274.81	276.45
2023-02-15	275.03999999999996	275.68499999999995	274.87	276.47999999999996
2023-02-16	274.97999999999996	275.61	274.82	276.42999999999995
2023-02-17	274.87	275.465	274.76	276.32
2023-02-18	274.83	275.39	274.71	276.21
2023-02-19	274.78999999999996	275.34	274.72999999999996	276.16999999999996
2023-02-20	274.77	275.36	274.73999999999995	276.22999999999996
2023-02-21	274.7	275.395	274.77	276.21999999999997
2023-02-22	274.65	275.375	274.81	276.17999999999995
2023-02-23	274.60999999999996	275.265	274.84	276.10999999999996
2023-02-24	274.41999999999996	275.10499999999996	274.89	275.87
2023-02-25	274.40999999999997	275.15	274.91999999999996	275.88
2023-02-26	274.44	275.23499999999996	274.96999999999997	275.90999999999997
2023-02-27	274.48999999999995	275.245	274.98999999999995	275.91999999999996
2023-02-28	274.53999999999996	275.245	275.07	275.89
2023-03-01	274.52	275.24	275.15	275.89
2023-03-02	274.45	275.17499999999995	275.19	275.89
2023-03-03	274.41999999999996	275.15	275.25	275.87
2023-03-04	274.46999999999997	275.22999999999996	275.32	275.84
2023-03-05	274.48999999999995	275.26	275.34	275.84
2023-03-06	274.52	275.325	275.37	275.87
2023-03-07	274.51	275.355	275.46999999999997	275.84999999999997
2023-03-08	274.5	275.375	275.46	275.85999999999996
2023-03-09	274.5	275.325	275.42999999999995	275.85999999999996
2023-03-10	274.5	275.28	275.41999999999996	275.84999999999997
2023-03-11	274.53	275.28999999999996	275.40999999999997	275.88
2023-03-12	274.53	275.28499999999997	275.4	275.81
2023-03-13	274.53999999999996	275.265	275.37	275.89
2023-03-14	274.53999999999996	275.23	275.37	275.94
2023-03-15	274.53999999999996	275.235	275.40999999999997	276.0
2023-03-16	274.52	275.26	275.41999999999996	276.0
2023-03-17	274.5	275.27	275.38	275.97999999999996
2023-03-18	274.44	275.24	275.33	275.95
2023-03-19	274.40999999999997	275.215	275.31	275.97999999999996
2023-03-20	274.39	275.245	275.34	276.07
2023-03-21	274.40999999999997	275.22499999999997	275.35999999999996	276.03999999999996
2023-03-22	274.47999999999996	275.26	275.45	276.03999999999996
2023-03-23	274.5	275.31999999999994	275.65	276.12
2023-03-24	274.5	275.365	275.84	276.17999999999995
2023-03-25	274.53999999999996	275.4	275.96	276.22999999999996
2023-03-26	274.5	275.41999999999996	276.02	276.27
2023-03-27	274.45	275.395	276.04999999999995	276.21999999999997
2023-03-28	274.42999999999995	275.37	276.09999999999997	276.21999999999997
2023-03-29	274.42999999999995	275.395	276.16999999999996	276.25
2023-03-30	274.45	275.43999999999994	276.27	276.31
2023-03-31	274.52	275.505	276.4	276.4
2023-04-01	274.59999999999997	275.54499999999996	276.54999999999995	276.56
2023-04-02	274.59	275.575	276.69	276.59999999999997
2023-04-03	274.57	275.625	276.83	276.62
2023-04-04	274.62	275.7	277.02	276.67999999999995
2023-04-05	274.69	275.79499999999996	277.21999999999997	276.71999999999997
2023-04-06	274.65999999999997	275.87	277.38	276.78999999999996
2023-04-07	274.65999999999997	275.875	277.46	276.85999999999996
2023-04-08	274.76	275.905	277.59999999999997	276.92999999999995
2023-04-09	274.92999999999995	276.03	277.82	277.03
2023-04-10	275.04999999999995	276.19	278.07	277.14
2023-04-11	275.41999999999996	276.48	278.4	277.32
2023-04-12	275.82	277.04499999999996	278.92999999999995	277.82
2023-04-13	275.88	277.34499999999997	279.31	278.22999999999996
2023-04-14	275.96999999999997	277.365	279.40999999999997	278.26
2023-04-15	275.89	277.29499999999996	279.56	278.33
2023-04-16	275.67999999999995	277.155	279.79999999999995	278.51
2023-04-17	275.42999999999995	277.03499999999997	279.78	278.4
2023-04-18	275.23999999999995	276.985	279.72999999999996	278.2
2023-04-19	275.15	276.96	279.79999999999995	278.07
2023-04-20	275.12	276.955	279.85999999999996	277.96
2023-04-21	275.15	276.955	279.89	278.0
2023-04-22	275.19	276.94499999999994	280.03	278.13
2023-04-23	275.16999999999996	276.94	280.17999999999995	278.25
2023-04-24	275.13	276.93999999999994	280.28	278.33
2023-04-25	275.07	276.92499999999995	280.34	278.4
2023-04-26	275.09	276.93499999999995	280.42999999999995	278.46
2023-04-27	275.12	276.99	280.48999999999995	278.57
2023-04-28	275.15	277.06499999999994	280.54999999999995	278.7
2023-04-29	275.16999999999996	277.115	280.59	278.71999999999997
2023-04-30	275.21999999999997	277.2049999999999	280.72999999999996	278.81
2023-05-01	275.22999999999996	277.30499999999995	280.92999999999995	278.98999999999995
2023-05-02	275.22999999999996	277.375	281.17999999999995	279.22999999999996
2023-05-03	275.21999999999997	277.395	281.26	279.53999999999996
2023-05-04	275.28	277.42499999999995	281.29999999999995	279.71999999999997
2023-05-05	275.37	277.46999999999997	281.46	279.84
2023-05-06	275.46999999999997	277.59000000000003	281.64	279.91999999999996
2023-05-07	275.53999999999996	277.71999999999997	282.08	280.14
2023-05-08	275.57	277.85499999999996	282.73999999999995	280.39
2023-05-09	275.64	278.08	283.13	280.60999999999996
2023-05-10	275.72999999999996	278.355	283.47999999999996	280.75
2023-05-11	275.91999999999996	278.625	284.03999999999996	280.88
2023-05-12	275.90999999999997	278.64	284.37	281.0
2023-05-13	275.94	278.7049999999999	284.42999999999995	281.15999999999997
2023-05-14	276.10999999999996	279.04499999999996	284.54999999999995	281.41999999999996
2023-05-15	276.28999999999996	279.385	284.79999999999995	281.71
2023-05-16	276.37	279.46	284.85999999999996	281.88
2023-05-17	276.29999999999995	279.335	284.62	281.79999999999995
2023-05-18	276.28	279.28	284.47999999999996	281.79999999999995
2023-05-19	276.40999999999997	279.525	284.64	281.95
2023-05-20	276.52	279.79999999999995	285.0	282.19
2023-05-21	276.51	280.015	285.2	282.29999999999995
2023-05-22	276.5	280.32	285.38	282.46
2023-05-23	276.59	280.655	285.65	282.78
2023-05-24	276.66999999999996	280.80499999999995	286.0	283.03999999999996
2023-05-25	276.81	280.81999999999994	286.09999999999997	283.21
2023-05-26	277.01	281.01	286.32	283.60999999999996
2023-05-27	277.23999999999995	281.53	286.7	284.2
2023-05-28	277.38	282.34499999999997	287.37	285.0
2023-05-29	277.48999999999995	283.32499999999993	288.15999999999997	285.7
2023-05-30	277.64	284.30999999999995	288.76	286.26
2023-05-31	277.72999999999996	285.215	289.44	287.2
2023-06-01	277.65	285.715	290.06	288.09999999999997
2023-06-02	277.72999999999996	286.17499999999995	290.57	288.10999999999996
2023-06-03	277.87	286.56499999999994	290.71999999999997	287.81
2023-06-04	277.85999999999996	286.71999999999997	290.15999999999997	287.27
2023-06-05	277.81	286.77	289.71999999999997	286.96999999999997
2023-06-06	277.71	286.375	289.48999999999995	286.7
2023-06-07	277.72999999999996	285.965	289.4	286.54999999999995
2023-06-08	277.82	285.885	289.42999999999995	286.81
2023-06-09	277.84	286.01	289.56	287.28999999999996
2023-06-10	277.78	286.065	289.64	287.72999999999996
2023-06-11	277.75	285.85	289.71	287.87
2023-06-12	277.81	285.44499999999994	289.63	287.78
2023-06-13	278.0	285.215	289.53	287.71999999999997
2023-06-14	278.23999999999995	285.24	289.56	287.87
2023-06-15	278.35999999999996	285.375	289.67999999999995	288.07
2023-06-16	278.47999999999996	285.505	290.03	288.34999999999997
2023-06-17	278.63	285.825	290.33	288.62
2023-06-18	278.84999999999997	286.495	290.78	289.14
2023-06-19	279.21999999999997	287.125	291.06	289.46
2023-06-20	279.65999999999997	287.68999999999994	291.33	289.69
2023-06-21	280.03	288.245	291.59999999999997	289.94
2023-06-22	280.62	288.81499999999994	291.78	290.22999999999996
2023-06-23	281.22999999999996	289.49	292.12	290.78
2023-06-24	281.07	290.16499999999996	292.65999999999997	291.73999999999995
2023-06-25	280.44	290.185	292.97999999999996	292.48999999999995
2023-06-26	280.14	289.76	293.07	292.66999999999996
2023-06-27	280.10999999999996	289.3299999999999	293.0	292.46999999999997
2023-06-28	280.17999999999995	289.22999999999996	292.96	292.13
2023-06-29	280.47999999999996	289.585	293.10999999999996	292.0
2023-06-30	280.84999999999997	290.13	293.58	292.40999999999997
2023-07-01	281.33	290.68999999999994	294.22999999999996	293.03999999999996
2023-07-02	281.73999999999995	291.34499999999997	295.04999999999995	293.82
2023-07-03	281.88	291.945	295.60999999999996	294.34999999999997
2023-07-04	281.78999999999996	292.43999999999994	296.04999999999995	294.64
2023-07-05	281.65	292.66999999999996	296.56	295.09999999999997
2023-07-06	281.63	292.47499999999997	296.65	295.44
2023-07-07	281.76	292.225	296.33	295.47999999999996
2023-07-08	281.92999999999995	292.235	296.15999999999997	295.32
2023-07-09	282.08	292.28499999999997	296.09999999999997	295.15
2023-07-10	282.29999999999995	292.35	296.12	294.96999999999997
2023-07-11	282.59999999999997	292.30499999999995	296.09	294.82
2023-07-12	282.9	292.15999999999997	295.94	294.47999999999996
2023-07-13	283.17999999999995	292.04999999999995	295.81	294.15999999999997
2023-07-14	283.46	292.09	295.90999999999997	294.15999999999997
2023-07-15	283.78	292.29999999999995	295.97999999999996	294.34
2023-07-16	284.01	292.47499999999997	295.91999999999996	294.59
2023-07-17	284.10999999999996	292.54499999999996	296.03999999999996	294.72999999999996
2023-07-18	284.21	292.68499999999995	296.23999999999995	294.92999999999995
2023-07-19	284.62	292.945	296.45	295.15999999999997
2023-07-20	285.14	293.075	296.52	295.23999999999995
2023-07-21	285.52	293.12	296.40999999999997	295.08
2023-07-22	286.01	293.35	296.41999999999996	295.02
2023-07-23	286.59999999999997	293.575	296.57	295.22999999999996
2023-07-24	287.16999999999996	293.81499999999994	296.69	295.44
2023-07-25	287.62	294.09499999999997	296.84	295.62
2023-07-26	287.90999999999997	294.28499999999997	297.0	295.76
2023-07-27	288.09	294.49	297.01	295.88
2023-07-28	288.15	294.625	297.03	295.98999999999995
2023-07-29	288.27	294.56499999999994	297.02	295.83
2023-07-30	288.34	294.52	296.92999999999995	295.64
2023-07-31	288.48999999999995	294.485	296.81	295.54999999999995
2023-08-01	288.75	294.495	296.73999999999995	295.54999999999995
2023-08-02	289.25	294.62	296.81	295.54999999999995
2023-08-03	289.65	294.75	297.01	295.53999999999996
2023-08-04	289.84	294.77	297.12	295.52
2023-08-05	290.06	294.765	297.08	295.5
2023-08-06	290.34	294.69	296.9	295.5
2023-08-07	290.76	294.5	296.65	295.5
2023-08-08	290.98999999999995	294.34499999999997	296.47999999999996	295.4
2023-08-09	290.94	294.28499999999997	296.42999999999995	295.31
2023-08-10	290.71	294.19499999999994	296.47999999999996	295.22999999999996
2023-08-11	290.35999999999996	294.10999999999996	296.52	295.12
2023-08-12	289.94	294.04999999999995	296.56	295.09999999999997
2023-08-13	289.60999999999996	293.91499999999996	296.59	295.07
2023-08-14	289.57	293.73499999999996	296.53999999999996	295.09999999999997
2023-08-15	289.59999999999997	293.63	296.45	295.26
2023-08-16	289.45	293.53999999999996	296.45	295.41999999999996
2023-08-17	289.0	293.31499999999994	296.31	295.34
2023-08-18	288.76	292.97499999999997	295.98999999999995	294.84
2023-08-19	288.87	292.835	295.79999999999995	294.25
2023-08-20	289.0	292.9599999999999	295.84	294.10999999999996
2023-08-21	289.02	292.96	295.83	294.04999999999995
2023-08-22	289.02	293.03	295.71999999999997	294.0
2023-08-23	289.04999999999995	293.13	295.63	294.12
2023-08-24	289.09	293.05999999999995	295.56	294.17999999999995
2023-08-25	289.01	292.9	295.47999999999996	294.17999999999995
2023-08-26	288.87	292.75	295.46999999999997	294.16999999999996
2023-08-27	288.89	292.75	295.4	294.21
2023-08-28	288.85999999999996	292.76	295.40999999999997	294.38
2023-08-29	288.71	292.6	295.45	294.52
2023-08-30	288.66999999999996	292.29999999999995	295.31	294.32
2023-08-31	288.79999999999995	292.18499999999995	295.13	294.09
2023-09-01	289.03	292.22499999999997	295.15	294.10999999999996
2023-09-02	289.35999999999996	292.34	295.28999999999996	294.26
2023-09-03	289.7	292.58	295.57	294.53
2023-09-04	289.94	292.95	296.01	295.06
2023-09-05	289.83	293.18999999999994	296.40999999999997	295.66999999999996
2023-09-06	289.38	293.135	296.59999999999997	296.14
2023-09-07	288.92999999999995	292.81499999999994	296.41999999999996	296.08
2023-09-08	288.78999999999996	292.515	296.13	295.58
2023-09-09	288.78	292.41499999999996	295.79999999999995	295.14
2023-09-10	288.78	292.35	295.53999999999996	294.78999999999996
2023-09-11	288.59999999999997	292.235	295.41999999999996	294.63
2023-09-12	288.34	292.015	295.25	294.47999999999996
2023-09-13	288.15	291.83	295.02	294.23999999999995
2023-09-14	288.07	291.77	294.92999999999995	294.03999999999996
2023-09-15	288.07	291.745	294.90999999999997	293.91999999999996
2023-09-16	288.03	291.68999999999994	294.87	293.83
2023-09-17	288.03	291.59499999999997	294.84	293.75
2023-09-18	288.10999999999996	291.525	294.69	293.63
2023-09-19	288.17999999999995	291.51	294.57	293.47999999999996
2023-09-20	288.33	291.56999999999994	294.53	293.38
2023-09-21	288.51	291.68499999999995	294.51	293.33
2023-09-22	288.59	291.825	294.46999999999997	293.28999999999996
2023-09-23	288.59999999999997	291.92499999999995	294.40999999999997	293.23999999999995
2023-09-24	288.56	291.90999999999997	294.29999999999995	293.12
2023-09-25	288.51	291.84999999999997	294.17999999999995	293.0
2023-09-26	288.48999999999995	291.78	294.0	292.88
2023-09-27	288.52	291.68999999999994	293.82	292.77
2023-09-28	288.53999999999996	291.61	293.63	292.71
2023-09-29	288.57	291.585	293.45	292.64
2023-09-30	288.69	291.65999999999997	293.47999999999996	292.63
2023-10-01	288.87	291.835	293.72999999999996	292.75
2023-10-02	289.03	291.96999999999997	294.06	292.96999999999997
2023-10-03	289.07	292.08	294.26	293.17999999999995
2023-10-04	288.96	292.05499999999995	294.34999999999997	293.31
2023-10-05	288.75	291.9	294.21	293.28
2023-10-06	288.42999999999995	291.7	293.84	293.10999999999996
2023-10-07	287.84999999999997	291.46999999999997	293.53999999999996	292.91999999999996
2023-10-08	287.31	291.115	293.09999999999997	292.67999999999995
2023-10-09	286.75	290.67499999999995	292.45	292.33
2023-10-10	286.10999999999996	290.12	291.81	291.79999999999995
2023-10-11	285.53999999999996	289.465	291.13	290.95
2023-10-12	285.19	289.025	290.76	290.07
2023-10-13	284.95	288.625	290.51	289.65
2023-10-14	284.69	287.985	289.83	289.39
2023-10-15	284.44	287.53	289.27	288.85999999999996
2023-10-16	284.2	286.93999999999994	288.91999999999996	288.59
2023-10-17	284.10999999999996	286.695	288.52	288.21999999999997
2023-10-18	284.09	286.63	288.34999999999997	288.01
2023-10-19	284.04999999999995	286.55999999999995	288.25	287.9
2023-10-20	283.96	286.41499999999996	288.09	287.7
2023-10-21	283.84	286.25	287.90999999999997	287.38
2023-10-22	283.71999999999997	286.075	287.76	287.06
2023-10-23	283.62	285.94499999999994	287.72999999999996	286.9
2023-10-24	283.58	286.0	287.84999999999997	286.94
2023-10-25	283.46999999999997	285.995	287.92999999999995	286.96999999999997
2023-10-26	283.32	285.89	288.02	287.04999999999995
2023-10-27	283.06	285.78999999999996	288.15	287.09999999999997
2023-10-28	282.83	285.63	288.09	287.12
2023-10-29	282.64	285.405	287.77	286.96999999999997
2023-10-30	282.41999999999996	285.17999999999995	287.33	286.56
2023-10-31	282.17999999999995	284.88	286.94	286.19
2023-11-01	281.96	284.62	286.57	285.9
2023-11-02	281.66999999999996	284.30999999999995	286.15999999999997	285.53999999999996
2023-11-03	281.45	284.10499999999996	285.84	285.10999999999996
2023-11-04	281.39	283.96999999999997	285.59	284.88
2023-11-05	281.31	283.9	285.47999999999996	284.77
2023-11-06	281.03	283.705	285.40999999999997	284.60999999999996
2023-11-07	280.82	283.47499999999997	285.22999999999996	284.34999999999997
2023-11-08	280.59999999999997	283.26	285.04999999999995	283.98999999999995
2023-11-09	280.33	283.09999999999997	284.89	283.65999999999997
2023-11-10	280.15999999999997	282.91999999999996	284.75	283.44
2023-11-11	280.09	282.755	284.64	283.27
2023-11-12	280.07	282.68499999999995	284.56	283.15
2023-11-13	280.08	282.68499999999995	284.59	283.10999999999996
2023-11-14	280.09	282.67499999999995	284.64	283.07
2023-11-15	280.09999999999997	282.635	284.60999999999996	283.0
2023-11-16	280.01	282.55499999999995	284.5	282.94
2023-11-17	279.81	282.4	284.35999999999996	282.90999999999997
2023-11-18	279.66999999999996	282.265	284.21999999999997	282.85999999999996
2023-11-19	279.60999999999996	282.21	284.12	282.73999999999995
2023-11-20	279.56	282.15999999999997	284.02	282.60999999999996
2023-11-21	279.46999999999997	282.075	283.91999999999996	282.48999999999995
2023-11-22	279.33	281.95	283.67999999999995	282.39
2023-11-23	279.16999999999996	281.79999999999995	283.33	282.16999999999996
2023-11-24	279.04999999999995	281.635	283.01	281.98999999999995
2023-11-25	278.98999999999995	281.44499999999994	282.71999999999997	281.84999999999997
2023-11-26	278.87	281.155	282.53999999999996	281.67999999999995
2023-11-27	278.71	280.895	282.41999999999996	281.40999999999997
2023-11-28	278.46999999999997	280.595	282.03999999999996	281.09
2023-11-29	278.26	280.31	281.46999999999997	280.73999999999995
2023-11-30	278.10999999999996	280.125	281.14	280.60999999999996
2023-12-01	277.96	280.08	281.10999999999996	280.57
2023-12-02	277.90999999999997	280.025	281.08	280.59999999999997
2023-12-03	277.89	279.91999999999996	280.84999999999997	280.53
2023-12-04	277.84999999999997	279.78999999999996	280.54999999999995	280.38
2023-12-05	277.85999999999996	279.65999999999997	280.35999999999996	280.14
2023-12-06	277.85999999999996	279.59999999999997	280.19	280.01
2023-12-07	277.89	279.565	280.15	279.97999999999996
2023-12-08	277.88	279.53499999999997	280.16999999999996	279.97999999999996
2023-12-09	277.87	279.51	280.13	279.95
2023-12-10	277.85999999999996	279.43499999999995	279.98999999999995	279.81
2023-12-11	277.84	279.315	279.85999999999996	279.69
2023-12-12	277.82	279.245	279.79999999999995	279.63
2023-12-13	277.84	279.21	279.73999999999995	279.62
2023-12-14	277.95	279.235	279.72999999999996	279.63
2023-12-15	278.0	279.24	279.81	279.63
2023-12-16	277.92999999999995	279.18999999999994	279.81	279.53
2023-12-17	277.78	279.11	279.76	279.44
2023-12-18	277.59999999999997	278.99	279.63	279.33
2023-12-19	277.5	278.85499999999996	279.4	279.2
2023-12-20	277.48999999999995	278.76	279.21999999999997	279.16999999999996
2023-12-21	277.51	278.72999999999996	279.21999999999997	279.19
2023-12-22	276.71	278.155	279.21999999999997	278.78
2023-12-23	277.56	278.715	279.16999999999996	279.06
2023-12-24	277.58	278.68499999999995	279.04999999999995	279.04999999999995
2023-12-25	277.58	278.55499999999995	278.94	279.01
2023-12-26	277.59999999999997	278.59000000000003	278.78999999999996	279.02
2023-12-27	277.62	278.585	278.81	279.01
2023-12-28	277.65999999999997	278.605	278.84	279.01
2023-12-29	277.66999999999996	278.605	278.84999999999997	279.02
2023-12-30	277.65	278.575	278.84999999999997	279.0
2023-12-31	277.64	278.55999999999995	278.83	279.0
2024-01-01	277.59999999999997	278.485	278.76	278.78999999999996
2024-01-01	277.59999999999997	278.78	278.76	278.78999999999996
2024-01-01	277.59999999999997	278.19	278.76	278.78999999999996
2024-01-02	277.56	278.365	278.65999999999997	278.72999999999996
2024-01-03	277.52	278.28999999999996	278.48999999999995	278.66999999999996
2024-01-04	277.47999999999996	278.235	278.4	278.62
2024-01-05	277.42999999999995	278.16499999999996	278.32	278.56
2024-01-06	277.38	278.11	278.27	278.47999999999996
2024-01-07	277.35999999999996	278.05999999999995	278.17999999999995	278.34
2024-01-08	277.28	277.965	278.04999999999995	278.25
2024-01-09	277.15	277.85	277.83	278.21
2024-01-10	276.92999999999995	277.55999999999995	277.56	278.2
2024-01-11	276.76	277.24	277.34999999999997	278.12
2024-01-12	276.65	277.08	277.15	278.03
2024-01-13	276.35999999999996	276.94	277.08	277.94
2024-01-14	276.21999999999997	276.7	276.90999999999997	277.75
2024-01-15	276.09	276.615	276.51	277.63
2024-01-16	275.98999999999995	276.52	276.16999999999996	277.41999999999996
2024-01-17	275.90999999999997	276.39	275.79999999999995	277.32
2024-01-18	275.84	276.32	275.64	277.2
2024-01-19	275.71999999999997	276.11	275.21	277.02
2024-01-20	275.71999999999997	276.005	275.06	276.92999999999995
2024-01-21	275.67999999999995	276.07499999999993	275.02	276.95
2024-01-22	275.63	276.02	274.72999999999996	276.72999999999996
2024-01-23	275.76	276.105	274.71999999999997	276.91999999999996
2024-01-24	275.81	276.10499999999996	274.57	276.9
2024-01-25	275.90999999999997	276.10999999999996	274.60999999999996	276.96
2024-01-26	275.94	276.14	274.65999999999997	277.0
2024-01-27	275.96	276.13	274.7	276.97999999999996
2024-01-28	275.96999999999997	276.105	274.77	276.95
2024-01-29	275.98999999999995	276.16999999999996	274.97999999999996	276.92999999999995
2024-01-30	276.03999999999996	276.21999999999997	274.98999999999995	276.88
2024-01-31	276.10999999999996	276.245	274.96	276.89
2024-02-01	276.15	276.245	274.92999999999995	276.89
2024-02-02	276.09	276.265	275.07	276.87
2024-02-03	276.09	276.22499999999997	275.14	276.83
2024-02-04	276.10999999999996	276.26	275.15999999999997	276.79999999999995
2024-02-05	276.08	276.28	275.2	276.94
2024-02-06	276.03	276.24	275.31	276.96999999999997
2024-02-07	275.97999999999996	276.24	275.37	276.91999999999996
2024-02-08	275.97999999999996	276.265	275.38	276.96999999999997
2024-02-09	275.96999999999997	276.28	275.39	277.04999999999995
2024-02-10	275.91999999999996	276.30499999999995	275.40999999999997	277.08
2024-02-11	275.82	276.265	275.44	277.03999999999996
2024-02-12	275.71999999999997	276.235	275.4	276.92999999999995
2024-02-13	275.63	276.18499999999995	275.39	276.85999999999996
2024-02-14	275.5	276.10499999999996	275.37	276.83
2024-02-15	275.51	276.06999999999994	275.31	276.79999999999995
2024-02-16	275.48999999999995	276.02	275.28	276.76
2024-02-17	275.5	275.955	275.19	276.7
2024-02-18	275.5	275.92499999999995	275.09	276.65
2024-02-19	275.21999999999997	275.775	275.0	276.54999999999995
2024-02-20	275.41999999999996	275.86499999999995	275.15	276.54999999999995
2024-02-21	275.52	275.99	275.2	276.60999999999996
2024-02-22	275.5	275.965	275.19	276.66999999999996
2024-02-23	275.48999999999995	275.95	275.12	276.63
2024-02-24	275.4	275.825	275.08	276.53
2024-02-25	275.47999999999996	275.835	275.09	276.48999999999995
2024-02-26	275.53	275.87	275.16999999999996	276.56
2024-02-27	275.57	275.98	275.28	276.67999999999995
2024-02-28	275.53999999999996	276.0	275.35999999999996	276.71
2024-02-29	275.45	275.99	275.42999999999995	276.71
2024-03-01	275.39	276.065	275.51	276.75
2024-03-02	275.47999999999996	276.155	275.64	276.81
2024-03-03	275.56	276.18999999999994	275.85999999999996	276.79999999999995
2024-03-04	275.62	276.28499999999997	276.02	276.77
2024-03-05	275.65	276.34999999999997	276.14	276.92999999999995
2024-03-06	275.63	276.375	276.21999999999997	277.09999999999997
2024-03-07	275.62	276.365	276.27	277.21999999999997
2024-03-08	275.62	276.395	276.32	277.16999999999996
2024-03-09	275.63	276.34	276.38	277.13
2024-03-10	275.66999999999996	276.30499999999995	276.4	277.06
2024-03-11	275.71	276.28	276.40999999999997	277.02
2024-03-12	275.66999999999996	276.28499999999997	276.48999999999995	277.02
2024-03-13	275.63	276.37	276.65999999999997	277.09999999999997
2024-03-14	275.64	276.395	276.76	277.12
2024-03-15	275.65999999999997	276.40999999999997	276.94	277.19
2024-03-16	275.65	276.385	277.08	277.2
2024-03-17	275.60999999999996	276.34499999999997	277.06	277.16999999999996
2024-03-18	275.53999999999996	276.265	276.96999999999997	277.12
2024-03-19	275.45	276.17499999999995	276.87	277.04999999999995
2024-03-20	275.34	276.12	276.78	277.0
2024-03-21	275.21999999999997	276.05499999999995	276.67999999999995	276.94
2024-03-22	275.12	276.01	276.62	276.9
2024-03-23	275.13	276.04499999999996	276.60999999999996	276.90999999999997
2024-03-24	275.06	276.01	276.63	276.90999999999997
2024-03-25	275.12	276.0849999999999	276.71	276.94
2024-03-26	275.21999999999997	276.145	276.79999999999995	276.98999999999995
2024-03-27	275.29999999999995	276.17499999999995	276.92999999999995	277.06
2024-03-28	275.33	276.18499999999995	277.02	277.10999999999996
2024-03-29	275.34	276.17999999999995	277.08	277.10999999999996
2024-03-30	275.34	276.21	277.13	277.16999999999996
2024-03-31	275.37	276.28	277.23999999999995	277.25
2024-04-01	275.37	276.335	277.40999999999997	277.28
2024-04-02	275.44	276.4	277.52	277.23999999999995
2024-04-03	275.58	276.54499999999996	277.65999999999997	277.31
2024-04-04	275.71	276.655	277.78	277.47999999999996
2024-04-05	275.81	276.73	277.96	277.65
2024-04-06	275.87	276.835	278.12	277.79999999999995
2024-04-07	275.94	276.90999999999997	278.31	277.90999999999997
2024-04-08	275.90999999999997	276.975	278.41999999999996	277.79999999999995
2024-04-09	275.84999999999997	277.03999999999996	278.56	277.77
2024-04-10	275.84999999999997	277.10499999999996	278.71	277.82
2024-04-11	275.89	277.22499999999997	278.98999999999995	277.92999999999995
2024-04-12	275.96	277.395	279.28999999999996	278.09
2024-04-13	276.04999999999995	277.52	279.42999999999995	278.21999999999997
2024-04-14	276.10999999999996	277.67499999999995	279.58	278.31
2024-04-15	276.15	277.765	279.78	278.42999999999995
2024-04-16	276.13	277.80499999999995	279.92999999999995	278.53999999999996
2024-04-17	276.14	277.835	280.09999999999997	278.58
2024-04-18	276.12	277.84499999999997	280.28	278.53999999999996
2024-04-19	276.08	277.875	280.42999999999995	278.47999999999996
2024-04-20	276.06	277.81999999999994	280.53999999999996	278.41999999999996
2024-04-21	276.08	277.82	280.66999999999996	278.42999999999995
2024-04-22	276.09999999999997	277.88	280.78999999999996	278.5
2024-04-23	276.16999999999996	277.96999999999997	280.84999999999997	278.53999999999996
2024-04-24	276.25	278.075	280.82	278.59999999999997
2024-04-25	276.27	278.145	280.83	278.67999999999995
2024-04-26	276.26	278.15999999999997	280.87	278.78
2024-04-27	276.26	278.24	281.03	278.84
2024-04-28	276.23999999999995	278.325	281.41999999999996	278.89
2024-04-29	276.26	278.495	281.87	279.06
2024-04-30	276.26	278.68999999999994	282.34	279.35999999999996
2024-05-01	276.23999999999995	278.84	282.78999999999996	279.7
2024-05-02	276.33	279.01	283.2	279.87
2024-05-03	276.57	279.27	283.42999999999995	279.96
2024-05-04	276.63	279.5	283.71	280.2
2024-05-05	276.67999999999995	279.77	284.06	280.46999999999997
2024-05-06	276.71	280.0	284.34	280.71999999999997
2024-05-07	276.77	280.215	284.58	281.09999999999997
2024-05-08	276.83	280.42499999999995	284.79999999999995	281.65999999999997
2024-05-09	276.88	280.59	284.89	282.02
2024-05-10	276.92999999999995	280.78	284.96999999999997	282.21
2024-05-11	276.96999999999997	280.84	284.98999999999995	282.44
2024-05-12	277.02	280.89	285.01	282.79999999999995
2024-05-13	277.10999999999996	280.995	285.2	282.98999999999995
2024-05-14	277.16999999999996	281.135	285.60999999999996	283.21
2024-05-15	277.2	281.24	286.04999999999995	283.57
2024-05-16	277.15999999999997	281.35999999999996	286.44	284.19
2024-05-17	277.17999999999995	281.71999999999997	286.96999999999997	285.01
2024-05-18	277.25	282.265	287.78999999999996	285.77
2024-05-19	277.31	282.69	288.53999999999996	286.34
2024-05-20	277.28999999999996	282.98	289.29999999999995	286.95
2024-05-21	277.28	283.235	290.0	287.57
2024-05-22	277.38	283.37	290.35999999999996	288.08
2024-05-23	277.40999999999997	283.4	290.58	288.2
2024-05-24	277.35999999999996	283.47999999999996	290.9	288.15999999999997
2024-05-25	277.48999999999995	283.69999999999993	291.02	288.08
2024-05-26	277.54999999999995	283.865	290.98999999999995	287.96
2024-05-27	277.63	284.075	290.64	287.81
2024-05-28	277.79999999999995	284.27	290.16999999999996	287.62
2024-05-29	277.98999999999995	284.395	289.71	287.46999999999997
2024-05-30	278.03999999999996	284.6	289.51	287.39
2024-05-31	278.09	284.72	289.66999999999996	287.39
2024-06-01	278.15999999999997	284.82499999999993	289.82	287.4
2024-06-02	278.29999999999995	285.05499999999995	290.02	287.60999999999996
2024-06-03	278.40999999999997	285.41999999999996	290.32	288.13
2024-06-04	278.53999999999996	285.80499999999995	290.63	288.77
2024-06-05	278.59999999999997	286.19499999999994	291.03999999999996	289.42999999999995
2024-06-06	278.65	286.405	291.38	289.76
2024-06-07	278.7	286.41999999999996	291.32	289.59
2024-06-08	278.75	286.385	291.13	289.14
2024-06-09	278.90999999999997	286.34999999999997	290.98999999999995	288.78999999999996
2024-06-10	279.04999999999995	286.33	291.01	288.59999999999997
2024-06-11	279.06	286.43999999999994	291.19	288.64
2024-06-12	279.15999999999997	286.65	291.48999999999995	288.71
2024-06-13	279.35999999999996	286.995	291.82	288.89
2024-06-14	279.47999999999996	287.29499999999996	292.12	289.08
2024-06-15	279.47999999999996	287.495	292.31	289.25
2024-06-16	279.48999999999995	287.635	292.66999999999996	289.46999999999997
2024-06-17	279.59999999999997	287.965	293.40999999999997	289.81
2024-06-18	279.71	288.45	294.12	290.32
2024-06-19	279.87	288.995	295.13	291.27
2024-06-20	280.0	289.47	296.03999999999996	292.10999999999996
2024-06-21	280.34	289.77	296.33	292.27
2024-06-22	280.76	289.90999999999997	296.03999999999996	292.03
2024-06-23	281.07	290.025	295.56	291.75
2024-06-24	281.22999999999996	290.17499999999995	295.08	291.39
2024-06-25	281.56	290.24	294.78999999999996	291.17999999999995
2024-06-26	281.72999999999996	290.24	294.54999999999995	291.15999999999997
2024-06-27	281.88	290.215	294.41999999999996	291.19
2024-06-28	281.96999999999997	290.18999999999994	294.4	291.31
2024-06-29	282.03999999999996	290.155	294.37	291.40999999999997
2024-06-30	282.06	290.01	294.28	291.46
2024-07-01	282.31	289.98999999999995	294.21999999999997	291.5
2024-07-02	282.54999999999995	290.09499999999997	294.28999999999996	291.63
2024-07-03	282.85999999999996	290.255	294.45	292.03
2024-07-04	283.10999999999996	290.465	294.78999999999996	292.62
2024-07-05	283.71999999999997	290.85499999999996	295.22999999999996	293.45
2024-07-06	284.32	291.26	295.64	294.35999999999996
2024-07-07	285.35999999999996	291.80499999999995	295.96999999999997	295.0
2024-07-08	286.09	292.12	296.29999999999995	295.28
2024-07-09	286.67999999999995	292.38	296.5	295.45
2024-07-10	287.0	292.625	296.46999999999997	295.41999999999996
2024-07-11	287.38	292.855	296.45	295.44
2024-07-12	287.89	293.17499999999995	296.58	295.48999999999995
2024-07-13	288.54999999999995	293.53499999999997	296.89	295.71999999999997
2024-07-14	289.14	293.745	296.96999999999997	295.96999999999997
2024-07-15	289.47999999999996	293.91999999999996	296.84999999999997	295.96
2024-07-16	289.39	293.9549999999999	296.79999999999995	295.91999999999996
2024-07-17	289.03999999999996	293.83	296.82	295.81
2024-07-18	288.71	293.62	296.73999999999995	295.62
2024-07-19	288.77	293.575	296.73999999999995	295.51
2024-07-20	289.07	293.66999999999996	296.84	295.53999999999996
2024-07-21	289.35999999999996	293.845	296.90999999999997	295.7
2024-07-22	289.51	294.05999999999995	297.08	295.97999999999996
2024-07-23	289.53999999999996	294.125	297.29999999999995	296.26
2024-07-24	289.59	294.09	297.33	296.35999999999996
2024-07-25	289.78999999999996	294.085	297.34	296.27
2024-07-26	290.01	294.2	297.41999999999996	296.23999999999995
2024-07-27	290.33	294.40999999999997	297.59	296.38
2024-07-28	290.79999999999995	294.68499999999995	297.83	296.64
2024-07-29	291.34999999999997	295.03499999999997	298.0	296.88
2024-07-30	291.78999999999996	295.40999999999997	298.14	297.13
2024-07-31	292.14	295.755	298.31	297.33
2024-08-01	292.46999999999997	296.04499999999996	298.48999999999995	297.52
2024-08-02	292.72999999999996	296.355	298.63	297.63
2024-08-03	292.76	296.52	298.82	297.66999999999996
2024-08-04	292.66999999999996	296.455	298.95	297.72999999999996
2024-08-05	292.59	296.17999999999995	298.84	297.58
2024-08-06	292.62	295.80999999999995	298.60999999999996	297.31
2024-08-07	292.48999999999995	295.55999999999995	298.15	297.09999999999997
2024-08-08	292.26	295.39	297.71	296.91999999999996
2024-08-09	291.94	295.21999999999997	297.44	296.69
2024-08-10	291.66999999999996	295.03	297.27	296.46
2024-08-11	291.25	294.84	297.10999999999996	296.25
2024-08-12	291.01	294.635	297.01	295.95
2024-08-13	291.40999999999997	294.67999999999995	297.09999999999997	295.65
2024-08-14	291.64	294.74	297.16999999999996	295.5
2024-08-15	291.57	294.695	297.14	295.53999999999996
2024-08-16	291.45	294.56999999999994	297.02	295.64
2024-08-17	291.26	294.37	296.91999999999996	295.65
2024-08-18	291.10999999999996	294.125	296.78	295.59
2024-08-19	291.07	293.865	296.46999999999997	295.31
2024-08-20	291.12	293.63	296.09	294.97999999999996
2024-08-21	291.21999999999997	293.525	295.83	294.7
2024-08-22	291.38	293.58	295.79999999999995	294.52
2024-08-23	291.62	293.755	295.82	294.47999999999996
2024-08-24	291.94	294.03499999999997	296.0	294.64
2024-08-25	292.17999999999995	294.405	296.25	294.92999999999995
2024-08-26	292.25	294.745	296.59999999999997	295.25
2024-08-27	291.94	294.80999999999995	296.84	295.42999999999995
2024-08-28	291.51	294.56499999999994	296.81	295.34
2024-08-29	291.23999999999995	294.325	296.71	295.09
2024-08-30	291.13	294.27	296.67999999999995	294.96
2024-08-31	291.03999999999996	294.24	296.59	294.96
2024-09-01	290.81	294.05499999999995	296.41999999999996	294.88
2024-09-02	290.64	293.78999999999996	296.17999999999995	294.67999999999995
2024-09-03	290.59	293.55999999999995	295.96999999999997	294.51
2024-09-04	290.53999999999996	293.455	295.81	294.38
2024-09-05	290.44	293.41499999999996	295.69	294.31
2024-09-06	290.16999999999996	293.22	295.47999999999996	294.2
2024-09-07	289.84999999999997	292.84999999999997	295.14	294.03
2024-09-08	289.65999999999997	292.465	294.79999999999995	293.73999999999995
2024-09-09	289.64	292.23	294.62	293.41999999999996
2024-09-10	289.63	292.17499999999995	294.64	293.2
2024-09-11	289.75	292.30499999999995	294.67999999999995	293.15999999999997
2024-09-12	290.0	292.485	294.7	293.23999999999995
2024-09-13	290.26	292.65999999999997	294.71999999999997	293.46
2024-09-14	290.44	292.835	294.78	293.83
2024-09-15	290.71	293.04999999999995	294.9	294.17999999999995
2024-09-16	290.84999999999997	293.22999999999996	294.95	294.37
2024-09-17	291.01	293.41999999999996	294.98999999999995	294.47999999999996
2024-09-18	291.12	293.635	295.06	294.53
2024-09-19	291.15999999999997	293.775	295.17999999999995	294.60999999999996
2024-09-20	291.02	293.765	295.28999999999996	294.59
2024-09-21	290.85999999999996	293.745	295.39	294.51
2024-09-22	290.65	293.575	295.46999999999997	294.44
2024-09-23	290.41999999999996	293.335	295.4	294.34999999999997
2024-09-24	290.29999999999995	293.13	295.23999999999995	294.10999999999996
2024-09-25	290.34999999999997	292.96	295.07	293.73999999999995
2024-09-26	290.54999999999995	292.90999999999997	294.85999999999996	293.40999999999997
2024-09-27	290.75	292.84499999999997	294.54999999999995	293.04999999999995
2024-09-28	290.78	292.78999999999996	294.38	293.02
2024-09-29	290.67999999999995	292.715	294.22999999999996	293.03
2024-09-30	290.44	292.605	294.17999999999995	293.03
2024-10-01	290.02	292.40999999999997	294.13	292.95
2024-10-02	289.45	292.09999999999997	294.02	292.78
2024-10-03	288.90999999999997	291.78999999999996	293.84	292.59
2024-10-04	288.53999999999996	291.54999999999995	293.71	292.52
2024-10-05	288.22999999999996	291.35999999999996	293.60999999999996	292.44
2024-10-06	287.71999999999997	291.13	293.40999999999997	292.27
2024-10-07	287.06	290.85	293.16999999999996	292.04999999999995
2024-10-08	286.59999999999997	290.52	292.88	291.73999999999995
2024-10-09	286.33	290.205	292.59	291.40999999999997
2024-10-10	286.15999999999997	289.93999999999994	292.27	291.0
2024-10-11	286.08	289.71	292.0	290.59999999999997
2024-10-12	285.96	289.515	291.78	290.33
2024-10-13	285.79999999999995	289.265	291.56	290.04999999999995
2024-10-14	285.51	288.88	291.15	289.58
2024-10-15	285.23999999999995	288.4549999999999	290.69	289.09
2024-10-16	285.09999999999997	288.105	290.31	288.71
2024-10-17	285.12	287.955	290.13	288.52
2024-10-18	285.09	287.91499999999996	290.08	288.5
2024-10-19	285.0	287.84999999999997	290.09	288.52
2024-10-20	284.90999999999997	287.775	290.07	288.51
2024-10-21	284.94	287.735	290.01	288.47999999999996
2024-10-22	284.81	287.67999999999995	289.96	288.47999999999996
2024-10-23	284.52	287.5	289.83	288.34999999999997
2024-10-24	284.25	287.29499999999996	289.64	288.07
2024-10-25	284.13	287.11	289.4	287.78999999999996
2024-10-26	284.01	286.94	289.2	287.57
2024-10-27	283.89	286.77	288.98999999999995	287.32
2024-10-28	283.78	286.635	288.83	287.13
2024-10-29	283.69	286.54499999999996	288.75	286.90999999999997
2024-10-30	283.53999999999996	286.465	288.66999999999996	286.76
2024-10-31	283.33	286.34499999999997	288.62	286.64
2024-11-01	283.12	286.13	288.57	286.52
2024-11-02	282.97999999999996	285.905	288.45	286.28
2024-11-03	282.94	285.81999999999994	288.37	286.10999999999996
2024-11-04	282.83	285.72499999999997	288.39	286.07
2024-11-05	282.7	285.615	288.44	286.04999999999995
2024-11-06	282.63	285.53499999999997	288.4	285.98999999999995
2024-11-07	282.54999999999995	285.485	288.25	285.92999999999995
2024-11-08	282.46	285.40999999999997	288.07	285.75
2024-11-09	282.32	285.31499999999994	287.88	285.53999999999996
2024-11-10	282.17999999999995	285.17499999999995	287.69	285.39
2024-11-11	281.92999999999995	284.95	287.44	285.17999999999995
2024-11-12	281.73999999999995	284.77	287.2	284.96
2024-11-13	281.65	284.645	287.02	284.79999999999995
2024-11-14	281.58	284.59	286.97999999999996	284.66999999999996
2024-11-15	281.46999999999997	284.46	286.84999999999997	284.46999999999997
2024-11-16	281.37	284.29999999999995	286.53	284.31
2024-11-17	281.31	284.15	286.15	284.16999999999996
2024-11-18	281.23999999999995	284.04999999999995	285.94	284.13
2024-11-19	281.21	283.99	285.88	284.03999999999996
2024-11-20	281.15	283.88	285.83	283.95
2024-11-21	281.09	283.76	285.72999999999996	283.79999999999995
2024-11-22	280.98999999999995	283.615	285.59	283.59
2024-11-23	280.89	283.45	285.32	283.38
2024-11-24	280.84	283.28	284.91999999999996	283.21999999999997
2024-11-25	280.82	283.16999999999996	284.59999999999997	283.09999999999997
2024-11-26	280.76	283.07499999999993	284.35999999999996	283.01
2024-11-27	280.65	282.96	284.23999999999995	282.89
2024-11-28	280.60999999999996	282.74	284.06	282.75
2024-11-29	280.27	282.30999999999995	283.67999999999995	282.46999999999997
2024-11-30	280.15999999999997	281.96999999999997	282.97999999999996	282.07
2024-12-01	280.02	281.56499999999994	282.09999999999997	281.76
2024-12-02	279.94	281.28	281.62	281.53999999999996
2024-12-03	279.75	281.13	281.35999999999996	281.39
2024-12-04	278.89	280.865	280.92999999999995	281.2
2024-12-05	278.77	280.715	280.51	281.03
2024-12-06	278.63	280.485	280.19	280.81
2024-12-07	278.52	280.375	279.88	280.47999999999996
2024-12-08	278.41999999999996	280.28499999999997	279.65999999999997	280.2
2024-12-09	278.38	280.275	279.62	280.09
2024-12-10	278.16999999999996	280.155	279.46999999999997	279.97999999999996
2024-12-11	278.06	280.04499999999996	279.27	279.87
2024-12-12	278.01	279.865	279.0	279.67999999999995
2024-12-13	277.90999999999997	279.54999999999995	278.64	279.56
2024-12-14	277.87	279.52	278.59999999999997	279.57
2024-12-15	277.83	279.515	278.65	279.58
2024-12-16	277.85999999999996	279.49	278.54999999999995	279.52
2024-12-17	277.84	279.43499999999995	278.46999999999997	279.42999999999995
2024-12-18	277.82	279.40999999999997	278.42999999999995	279.34999999999997
2024-12-19	277.76	279.215	278.32	279.26
2024-12-20	277.71	279.01	278.13	279.15999999999997
2024-12-21	277.7	278.84	277.96999999999997	279.03
2024-12-22	277.66999999999996	278.53499999999997	277.82	278.9
2024-12-23	277.60999999999996	278.63	277.71999999999997	278.76
2024-12-24	277.71	278.60499999999996	277.66999999999996	278.67999999999995
2024-12-25	277.69	278.5	277.54999999999995	278.48999999999995
2024-12-26	277.65999999999997	278.465	277.45	278.34
2024-12-27	277.7	278.455	277.42999999999995	278.57
2024-12-28	277.65	278.42499999999995	277.45	278.59
2024-12-29	277.59999999999997	278.43499999999995	277.45	278.59999999999997
2024-12-30	277.52	278.34999999999997	277.46	278.54999999999995
2024-12-31	277.45	278.335	277.42999999999995	278.48999999999995
2025-01-01	277.38	278.245	277.38	278.42999999999995
2025-01-02	277.31	278.125	277.25	278.32
2025-01-03	277.28	278.09	277.13	278.26
2025-01-04	277.22999999999996	278.01	276.96	278.15
2025-01-05	277.13	277.90999999999997	276.75	278.0
2025-01-06	277.02	277.635	276.34	277.77
2025-01-07	277.03	277.53	276.09	277.65
2025-01-08	277.0	277.405	276.0	277.53999999999996
2025-01-09	276.94	277.22999999999996	275.91999999999996	277.41999999999996
2025-01-10	276.82	277.03999999999996	275.45	277.29999999999995
2025-01-11	276.9	277.0	275.2	276.84999999999997
2025-01-12	276.82	276.91499999999996	275.23999999999995	277.01
2025-01-13	276.82	276.91499999999996	275.22999999999996	276.96
2025-01-14	276.78	276.81999999999994	274.97999999999996	276.84999999999997
2025-01-15	276.7	276.75	274.77	276.88
2025-01-16	276.60999999999996	276.67499999999995	274.53999999999996	276.78999999999996
2025-01-17	276.52	276.74	274.53	276.77
2025-01-18	276.34	276.5799999999999	274.26	276.40999999999997
2025-01-19	276.12	276.32	274.42999999999995	276.62
2025-01-20	275.88	275.995	274.15	276.14
2025-01-21	275.7	275.76	273.89	276.27
2025-01-22	275.64	275.7	273.5	276.03
2025-01-23	275.65	275.63	273.46999999999997	276.03
2025-01-24	275.63	275.46999999999997	273.52	276.06
2025-01-25	275.56	275.51	273.44	276.02
2025-01-26	275.65999999999997	275.645	273.39	276.29999999999995
2025-01-27	275.67999999999995	275.705	273.47999999999996	276.21
2025-01-28	275.64	275.65	273.34999999999997	276.2
2025-01-29	275.63	275.64	273.34999999999997	276.15999999999997
2025-01-30	275.58	275.51	273.34999999999997	276.14
2025-01-31	275.54999999999995	275.52	273.34999999999997	275.96999999999997
2025-02-01	275.4	275.27	273.34999999999997	275.88
2025-02-02	275.21	275.13	273.34999999999997	275.53
2025-02-03	275.37	275.365	273.34999999999997	275.53999999999996
2025-02-04	275.37	275.28	273.34999999999997	275.83
2025-02-05	275.28	275.235	273.34999999999997	275.76
2025-02-06	275.17999999999995	275.19	273.34999999999997	275.81
2025-02-07	275.19	275.17499999999995	273.34999999999997	275.79999999999995
2025-02-08	275.15	275.12	273.34999999999997	275.85999999999996
2025-02-09	275.10999999999996	274.995	273.34999999999997	275.66999999999996
2025-02-10	274.91999999999996	274.92999999999995	273.34999999999997	275.63
2025-02-11	274.7	274.885	273.34999999999997	275.52
2025-02-12	274.47999999999996	274.79499999999996	273.34999999999997	275.48999999999995
2025-02-13	274.38	274.745	273.34999999999997	275.48999999999995
2025-02-14	274.40999999999997	274.71999999999997	273.34999999999997	275.41999999999996
2025-02-15	274.34	274.67999999999995	273.34999999999997	275.38
2025-02-16	274.34999999999997	274.645	273.34999999999997	275.29999999999995
2025-02-17	274.27	274.495	273.34999999999997	275.25
2025-02-18	274.19	274.41999999999996	273.34999999999997	275.10999999999996
2025-02-19	274.15	274.335	273.34999999999997	274.97999999999996
2025-02-20	274.12	274.31499999999994	273.34999999999997	274.94
2025-02-21	274.01	274.29499999999996	273.34999999999997	274.89
2025-02-22	274.14	274.365	273.34999999999997	274.87
2025-02-23	274.2	274.4	273.37	275.03999999999996
2025-02-24	274.2	274.41999999999996	273.37	275.16999999999996
2025-02-25	274.25	274.5	273.34999999999997	275.22999999999996
2025-02-26	274.27	274.48	273.41999999999996	275.15999999999997
2025-02-27	274.31	274.53	273.4	275.16999999999996
2025-02-28	274.35999999999996	274.55999999999995	273.42999999999995	275.12
2025-03-01	274.31	274.51	273.39	275.12
2025-03-02	274.26	274.40999999999997	273.46999999999997	275.02
2025-03-03	274.28999999999996	274.24	273.48999999999995	274.97999999999996
2025-03-04	274.31	274.55499999999995	273.47999999999996	275.01
2025-03-05	274.35999999999996	274.585	273.53999999999996	275.10999999999996
2025-03-06	274.34	274.655	273.62	275.21
2025-03-07	274.31	274.645	273.76	275.23999999999995
2025-03-08	274.21999999999997	274.635	273.85999999999996	275.26
2025-03-09	274.26	274.7	273.94	275.29999999999995
2025-03-10	274.23999999999995	274.75	274.03999999999996	275.34
2025-03-11	274.32	274.79999999999995	274.26	275.44
2025-03-12	274.34	274.78499999999997	274.31	275.4
2025-03-13	274.32	274.78	274.4	275.16999999999996
2025-03-14	274.39	274.81499999999994	274.47999999999996	274.95
2025-03-15	274.37	274.84	274.63	275.09
2025-03-16	274.34999999999997	274.77	274.73999999999995	275.32
2025-03-17	274.31	274.93499999999995	275.03	275.59
2025-03-18	274.34	275.005	275.09999999999997	275.65999999999997
2025-03-19	274.39	275.03499999999997	275.27	275.69
2025-03-20	274.45	275.015	275.34	275.72999999999996
2025-03-21	274.35999999999996	274.97499999999997	275.29999999999995	275.69
2025-03-22	274.33	275.005	275.40999999999997	275.59999999999997
2025-03-23	274.17999999999995	274.87	275.4	275.57
2025-03-24	274.21999999999997	274.91499999999996	275.45	275.57
2025-03-25	274.34	274.99	275.48999999999995	275.67999999999995
2025-03-26	274.29999999999995	275.025	275.60999999999996	275.71
2025-03-27	274.46	275.06999999999994	275.71	275.78
2025-03-28	274.47999999999996	275.09499999999997	275.76	275.81
2025-03-29	274.46	275.075	275.84	275.79999999999995
2025-03-30	274.46999999999997	275.03499999999997	276.0	275.89
2025-03-31	274.44	275.06499999999994	276.22999999999996	275.95
2025-04-01	274.37	275.115	276.42999999999995	276.0
2025-04-02	274.41999999999996	275.17999999999995	276.40999999999997	275.95
2025-04-03	274.48999999999995	275.24	276.46999999999997	276.06
2025-04-04	274.53	275.25	276.56	276.17999999999995
2025-04-05	274.59	275.32499999999993	276.76	276.15
2025-04-06	274.59999999999997	275.40999999999997	276.96999999999997	276.16999999999996
2025-04-07	274.59	275.41999999999996	277.04999999999995	276.23999999999995
2025-04-08	274.57	275.4	277.02	276.16999999999996
2025-04-09	274.59	275.405	277.02	276.09999999999997
2025-04-10	274.66999999999996	275.525	277.16999999999996	276.10999999999996
2025-04-11	274.65999999999997	275.615	277.32	276.21999999999997
2025-04-12	274.71	275.735	277.51	276.39
2025-04-13	274.76	275.80499999999995	277.59999999999997	276.46999999999997
2025-04-14	274.83	275.89	277.71	276.46999999999997
2025-04-15	274.91999999999996	275.97999999999996	277.87	276.53
2025-04-16	274.97999999999996	276.05999999999995	278.02	276.65999999999997
2025-04-17	274.96999999999997	276.125	278.17999999999995	276.77
2025-04-18	274.96999999999997	276.16999999999996	278.27	276.79999999999995
2025-04-19	274.97999999999996	276.26	278.40999999999997	276.82
2025-04-20	275.0	276.325	278.51	276.85999999999996
2025-04-21	275.06	276.505	278.97999999999996	277.01
2025-04-22	275.15	276.61	279.39	277.03999999999996
2025-04-23	275.16999999999996	276.65	279.64	276.96999999999997
2025-04-24	275.21	276.755	279.96999999999997	277.02
2025-04-25	275.34	276.85	280.28	277.17999999999995
2025-04-26	275.38	276.92999999999995	280.57	277.35999999999996
2025-04-27	275.31	277.005	280.73999999999995	277.47999999999996
2025-04-28	275.38	277.125	280.98999999999995	277.57
2025-04-29	275.5	277.265	281.17999999999995	277.7
2025-04-30	275.57	277.375	281.35999999999996	277.81
2025-05-01	275.67999999999995	277.445	281.46	277.84999999999997
2025-05-02	275.79999999999995	277.54999999999995	281.62	278.02
2025-05-03	275.87	277.60999999999996	281.83	278.08
2025-05-04	276.0	277.685	282.09999999999997	278.19
2025-05-05	276.12	277.84499999999997	282.32	278.28999999999996
2025-05-06	276.15	278.015	282.51	278.38
2025-05-07	276.12	278.18999999999994	282.60999999999996	278.53
2025-05-08	276.08	278.28	282.72999999999996	278.59
2025-05-09	276.15999999999997	278.4	282.82	278.63
2025-05-10	276.26	278.52	282.96	278.84999999999997
2025-05-11	276.41999999999996	278.68499999999995	283.16999999999996	279.06
2025-05-12	276.65999999999997	278.83	283.35999999999996	279.10999999999996
2025-05-13	276.77	278.895	283.7	279.09999999999997
2025-05-14	276.71	278.995	284.25	279.13
2025-05-15	276.65999999999997	279.24	284.67999999999995	279.26
2025-05-16	276.64	279.46999999999997	285.0	279.46
2025-05-17	276.59	279.515	285.08	279.63
2025-05-18	276.57	279.515	285.03	279.76
2025-05-19	276.57	279.54499999999996	285.06	279.81
2025-05-20	276.51	279.565	285.09	279.84
2025-05-21	276.47999999999996	279.56499999999994	285.09	279.88
2025-05-22	276.51	279.585	285.06	279.92999999999995
2025-05-23	276.59	279.67499999999995	285.03999999999996	279.98999999999995
2025-05-24	276.67999999999995	279.87	285.12	279.97999999999996
2025-05-25	276.78999999999996	280.135	285.28999999999996	280.01
2025-05-26	276.85999999999996	280.37	285.53999999999996	280.15
2025-05-27	276.84	280.515	285.66999999999996	280.34999999999997
2025-05-28	276.92999999999995	280.705	285.83	280.64
2025-05-29	277.15999999999997	280.91999999999996	285.98999999999995	280.85999999999996
2025-05-30	277.27	281.08	286.06	281.09
2025-05-31	277.27	281.13	286.03999999999996	281.13
2025-06-01	277.38	281.27	286.12	281.14
2025-06-02	277.45	281.43499999999995	286.44	281.23999999999995
2025-06-03	277.52	281.64	286.82	281.47999999999996
2025-06-04	277.62	281.89	287.35999999999996	281.89
2025-06-05	277.69	282.22499999999997	287.9	282.32
2025-06-06	277.64	282.655	288.69	282.9
2025-06-07	277.57	283.03499999999997	289.25	283.60999999999996
2025-06-08	277.69	283.34999999999997	289.40999999999997	284.10999999999996
2025-06-09	277.79999999999995	283.53999999999996	289.38	284.40999999999997
2025-06-10	277.88	283.64	289.40999999999997	284.76
2025-06-11	277.94	283.87	289.54999999999995	285.14
2025-06-12	277.94	284.155	289.65999999999997	285.40999999999997
2025-06-13	277.92999999999995	284.31999999999994	289.76	285.71
2025-06-14	278.0	284.5	289.83	286.04999999999995
2025-06-15	278.06	284.75	289.89	286.32
2025-06-16	278.12	285.05999999999995	290.28	286.75
2025-06-17	278.25	285.38	290.83	287.15
2025-06-18	278.29999999999995	285.765	291.28	287.46
2025-06-19	278.4	286.17999999999995	291.46	287.37
2025-06-20	278.54999999999995	286.495	291.57	287.16999999999996
2025-06-21	278.66999999999996	286.81999999999994	292.21	287.31
2025-06-22	278.79999999999995	287.245	293.19	287.76
2025-06-23	279.0	287.78	294.04999999999995	288.58
2025-06-24	279.14	288.29999999999995	294.7	289.44
2025-06-25	279.12	288.655	295.2	290.26
2025-06-26	279.31	288.885	295.56	290.82
2025-06-27	279.63	288.96999999999997	295.71	290.85999999999996
2025-06-28	279.94	289.03	295.71	290.81
2025-06-29	280.26	289.395	295.89	290.78999999999996
2025-06-30	280.53	290.03499999999997	296.13	291.09999999999997
2025-07-01	280.69	290.63	296.4	291.7
2025-07-02	280.72999999999996	291.03999999999996	296.63	292.14
2025-07-03	280.78	291.23499999999996	296.79999999999995	292.28999999999996
2025-07-04	281.0	291.42999999999995	296.96	292.42999999999995
2025-07-05	281.27	291.66499999999996	297.28	292.88
2025-07-06	281.46	291.9	297.71999999999997	293.59999999999997
2025-07-07	281.63	291.97	297.87	294.21999999999997
2025-07-08	281.96999999999997	292.09499999999997	297.85999999999996	294.62
2025-07-09	282.4	292.31999999999994	297.90999999999997	294.98999999999995
2025-07-10	282.75	292.655	298.14	295.48999999999995
2025-07-11	283.09	293.095	298.46	296.08
2025-07-12	283.53	293.4	298.73999999999995	296.57
2025-07-13	283.87	293.54499999999996	298.85999999999996	296.91999999999996
2025-07-14	284.08	293.78499999999997	299.01	297.13
2025-07-15	284.14	293.99	299.13	297.37
2025-07-16	284.07	293.985	299.06	297.45
2025-07-17	284.02	293.55499999999995	298.72999999999996	296.82
2025-07-18	284.10999999999996	293.15999999999997	298.12	295.75
2025-07-19	284.41999999999996	293.11	297.69	295.2
2025-07-20	284.77	293.125	297.51	295.02
2025-07-21	285.10999999999996	293.14	297.34	294.84
2025-07-22	285.66999999999996	293.25	297.37	294.87
2025-07-23	286.29999999999995	293.49	297.53	295.07
2025-07-24	286.84	293.80499999999995	297.71	295.35999999999996
2025-07-25	287.26	294.07	297.87	295.7
2025-07-26	287.71	294.445	298.12	295.96999999999997
2025-07-27	288.23999999999995	294.86	298.42999999999995	296.29999999999995
2025-07-28	288.66999999999996	295.09	298.71	296.58
2025-07-29	289.01	295.16499999999996	298.92999999999995	296.83
2025-07-30	289.10999999999996	294.87	298.81	296.85999999999996
2025-07-31	289.21	294.525	298.23999999999995	296.45
2025-08-01	289.21	294.335	297.58	296.09
2025-08-02	289.25	294.245	297.16999999999996	295.92999999999995
2025-08-03	289.39	294.28999999999996	296.97999999999996	295.84999999999997
2025-08-04	289.7	294.48	297.03	295.89
2025-08-05	290.12	294.695	297.28	296.03
2025-08-06	290.5	294.92999999999995	297.42999999999995	296.21999999999997
2025-08-07	290.84	295.19	297.47999999999996	296.40999999999997
2025-08-08	290.96999999999997	295.4	297.56	296.59
2025-08-09	290.92999999999995	295.515	297.73999999999995	296.78
2025-08-10	290.92999999999995	295.53	297.89	296.82
2025-08-11	290.97999999999996	295.56499999999994	298.07	297.02
2025-08-12	291.04999999999995	295.67999999999995	298.4	297.5
2025-08-13	291.09	295.80499999999995	298.69	297.87
2025-08-14	291.16999999999996	295.93999999999994	298.83	297.81
2025-08-15	291.2	296.04499999999996	298.94	297.82
2025-08-16	291.02	295.98999999999995	298.98999999999995	297.94
2025-08-17	290.7	295.79999999999995	298.9	297.79999999999995
2025-08-18	290.47999999999996	295.57	298.59	297.46
2025-08-19	290.32	295.245	298.21999999999997	297.08
2025-08-20	290.15999999999997	294.91499999999996	297.87	296.46999999999997
2025-08-21	290.14	294.79999999999995	297.42999999999995	295.89
2025-08-22	290.13	294.775	297.15999999999997	295.62
2025-08-23	290.01	294.68499999999995	296.96999999999997	295.5
2025-08-24	289.67999999999995	294.485	296.77	295.4
2025-08-25	289.19	294.15999999999997	296.52	295.21
2025-08-26	288.89	293.725	296.19	294.94
2025-08-27	288.75	293.37	295.87	294.60999999999996
2025-08-28	288.63	293.14	295.58	294.33
2025-08-29	288.63	292.93499999999995	295.29999999999995	293.98999999999995
2025-08-30	288.79999999999995	292.83	295.09	293.72999999999996
2025-08-31	289.16999999999996	292.89	294.96	293.59
2025-09-01	289.48999999999995	293.005	294.91999999999996	293.58
2025-09-02	289.60999999999996	293.04499999999996	294.96999999999997	293.7
2025-09-03	289.48999999999995	292.945	294.95	293.72999999999996
2025-09-04	289.16999999999996	292.65	294.75	293.56
2025-09-05	288.69	292.21	294.47999999999996	293.26
2025-09-06	288.12	291.67499999999995	294.23999999999995	292.90999999999997
2025-09-07	287.63	291.17499999999995	294.01	292.5
2025-09-08	287.34	290.84	293.87	292.21
2025-09-09	287.21	290.765	293.83	292.15
2025-09-10	287.03	290.84	293.92999999999995	292.33
2025-09-11	286.90999999999997	290.88	294.07	292.51
2025-09-12	287.03999999999996	290.995	294.15	292.60999999999996
2025-09-13	287.37	291.335	294.2	292.73999999999995
2025-09-14	287.65999999999997	291.61	294.32	292.94
2025-09-15	287.85999999999996	291.80999999999995	294.39	293.03999999999996
2025-09-16	287.95	292.0	294.45	293.12
2025-09-17	287.98999999999995	292.15	294.54999999999995	293.14
2025-09-18	287.94	292.15	294.62	293.15999999999997
2025-09-19	287.88	292.065	294.60999999999996	293.12
2025-09-20	287.83	291.92499999999995	294.53999999999996	292.95
2025-09-21	287.83	291.78999999999996	294.44	292.79999999999995
2025-09-22	287.84	291.72999999999996	294.45	292.78
2025-09-23	287.85999999999996	291.67999999999995	294.52	292.81
2025-09-24	287.9	291.655	294.52	292.83
2025-09-25	287.96	291.65	294.52	292.82
2025-09-26	287.96	291.635	294.53999999999996	292.81
2025-09-27	287.85999999999996	291.68499999999995	294.58	292.87
2025-09-28	287.85999999999996	291.79499999999996	294.65	292.96999999999997
2025-09-29	287.89	291.84999999999997	294.69	292.98999999999995
2025-09-30	287.85999999999996	291.80499999999995	294.60999999999996	292.85999999999996
2025-10-01	287.85999999999996	291.67499999999995	294.44	292.63
2025-10-02	287.90999999999997	291.59499999999997	294.25	292.42999999999995
2025-10-03	288.01	291.615	294.15	292.32
2025-10-04	288.01	291.69499999999994	294.16999999999996	292.35999999999996
2025-10-05	287.95	291.69499999999994	294.2	292.46
2025-10-06	287.56	291.58	294.15999999999997	292.47999999999996
2025-10-07	287.16999999999996	291.31499999999994	293.92999999999995	292.29999999999995
2025-10-08	286.9	290.995	293.52	291.92999999999995
2025-10-09	286.73999999999995	290.69999999999993	293.13	291.54999999999995
2025-10-10	286.53	290.40999999999997	292.79999999999995	291.23999999999995
2025-10-11	286.28	290.09	292.53999999999996	290.96999999999997
2025-10-12	286.16999999999996	289.905	292.31	290.7
2025-10-13	286.06	289.83	292.21999999999997	290.53999999999996
2025-10-14	285.90999999999997	289.725	292.14	290.35999999999996
2025-10-15	285.78999999999996	289.54499999999996	291.97999999999996	290.15999999999997
2025-10-16	285.62	289.37	291.77	289.91999999999996
2025-10-17	285.60999999999996	289.235	291.53999999999996	289.71
2025-10-18	285.59	289.02	291.4	289.58
2025-10-19	285.41999999999996	288.71	291.19	289.35999999999996
2025-10-20	285.21999999999997	288.46999999999997	290.90999999999997	289.08
2025-10-21	285.03	288.21	290.63	288.84999999999997
2025-10-22	284.7	287.8299999999999	290.34	288.67999999999995
2025-10-23	284.35999999999996	287.365	289.78999999999996	288.42999999999995
2025-10-24	284.09	286.985	289.17999999999995	288.06
2025-10-25	283.96	286.755	288.76	287.67999999999995
2025-10-26	283.94	286.66999999999996	288.53	287.44
2025-10-27	283.95	286.61	288.4	287.27
2025-10-28	283.89	286.495	288.17999999999995	287.14
2025-10-29	283.79999999999995	286.33	287.91999999999996	286.98999999999995
2025-10-30	283.67999999999995	286.16999999999996	287.66999999999996	286.75
2025-10-31	283.53999999999996	286.0	287.27	286.28999999999996
2025-11-01	283.34	285.765	286.92999999999995	285.72999999999996
2025-11-02	283.03	285.52	286.71	285.39
2025-11-03	282.71999999999997	285.315	286.53999999999996	285.17999999999995
2025-11-04	282.5	285.09	286.40999999999997	284.96999999999997
2025-11-05	282.4	284.95	286.2	284.83
2025-11-06	282.34	284.78999999999996	285.98999999999995	284.63
2025-11-07	282.21999999999997	284.65999999999997	285.82	284.47999999999996
2025-11-08	281.91999999999996	284.4	285.60999999999996	284.26
2025-11-09	281.52	283.96	285.23999999999995	284.09
2025-11-10	281.16999999999996	283.43999999999994	284.7	283.79999999999995
2025-11-11	280.9	283.025	284.16999999999996	283.35999999999996
2025-11-12	280.71999999999997	282.735	283.69	282.89
2025-11-13	280.59999999999997	282.53499999999997	283.44	282.34999999999997
2025-11-14	280.46999999999997	282.4	283.26	281.97999999999996
2025-11-15	280.34999999999997	282.24	283.15999999999997	281.76
2025-11-16	280.22999999999996	282.125	283.09999999999997	281.59999999999997
2025-11-17	280.12	281.965	282.89	281.41999999999996
2025-11-18	280.0	281.81499999999994	282.69	281.34
2025-11-19	279.90999999999997	281.68499999999995	282.60999999999996	281.29999999999995
2025-11-20	279.84999999999997	281.615	282.48999999999995	281.26
2025-11-21	279.78	281.565	282.42999999999995	281.21999999999997
2025-11-22	279.71	281.49	282.35999999999996	281.16999999999996
2025-11-23	279.65999999999997	281.41499999999996	282.32	281.08
2025-11-24	279.63	281.30999999999995	282.22999999999996	281.03999999999996
2025-11-25	279.60999999999996	281.275	282.16999999999996	280.96
2025-11-26	279.58	281.215	282.07	280.77
2025-11-27	279.51	281.06999999999994	281.87	280.53
2025-11-28	279.40999999999997	280.88	281.54999999999995	280.2
2025-11-29	279.32	280.705	281.2	279.97999999999996
2025-11-30	279.21	280.515	280.78999999999996	279.81
2025-12-01	279.09	280.28499999999997	280.45	279.60999999999996
2025-12-02	278.91999999999996	280.005	280.14	279.42999999999995
2025-12-03	278.79999999999995	279.79999999999995	279.81	279.29999999999995
2025-12-04	278.60999999999996	279.56499999999994	279.52	279.22999999999996
2025-12-05	278.31	279.19499999999994	279.21999999999997	279.10999999999996
2025-12-06	277.89	279.03	279.0	279.02
2025-12-07	277.62	278.84499999999997	278.73999999999995	278.84
2025-12-08	277.51	278.615	278.52	278.71
2025-12-09	277.51	278.53999999999996	278.29999999999995	278.66999999999996
2025-12-10	277.48999999999995	278.42999999999995	278.15999999999997	278.62
2025-12-11	277.46	278.29499999999996	277.91999999999996	278.48999999999995
2025-12-12	277.33	278.10999999999996	277.58	278.28999999999996
2025-12-13	277.31	278.01	277.34999999999997	278.21
2025-12-14	277.23999999999995	277.82	276.94	278.09
2025-12-15	277.19	277.645	276.62	278.01
2025-12-16	277.22999999999996	277.635	276.47999999999996	277.90999999999997
2025-12-17	277.26	277.64	276.53	277.84999999999997
2025-12-18	277.22999999999996	277.67999999999995	276.5	277.84999999999997
2025-12-19	277.06	277.56999999999994	276.44	277.81
2025-12-20	276.84	277.485	276.09	277.77
2025-12-21	276.7	277.385	275.95	277.75
2025-12-22	276.47999999999996	277.25	275.76	277.64
2025-12-23	276.66999999999996	277.29499999999996	275.9	277.69
2025-12-24	276.69	277.335	275.87	277.7
2025-12-25	276.73999999999995	277.28499999999997	275.82	277.7
2025-12-26	276.65999999999997	277.17499999999995	275.89	277.59999999999997
2025-12-27	276.63	277.115	275.89	277.48999999999995
2025-12-28	276.53	277.095	275.83	277.46999999999997
2025-12-29	276.46	276.9549999999999	275.7	277.28999999999996
2025-12-30	276.42999999999995	276.89	275.58	277.2
2025-12-31	276.37	276.765	275.37	277.08
2026-01-01	276.28	276.08	275.09999999999997	276.92999999999995
2026-01-01	276.28	277.06	275.09999999999997	276.92999999999995
2026-01-01	276.28	276.57	275.09999999999997	276.92999999999995
2026-01-02	276.17999999999995	276.405	274.83	276.7
2026-01-03	276.08	276.275	274.65	276.65
2026-01-04	275.94	276.14	274.4	276.59
2026-01-05	275.84	276.10999999999996	274.4	276.52
2026-01-06	275.89	276.18499999999995	274.42999999999995	276.52
2026-01-07	275.95	276.26	274.44	276.67999999999995
2026-01-08	275.91999999999996	276.32	274.45	276.71999999999997
2026-01-09	275.91999999999996	276.29499999999996	274.41999999999996	276.73999999999995
2026-01-10	275.89	276.34	274.72999999999996	276.78999999999996
2026-01-11	275.9	276.27	274.72999999999996	276.66999999999996
2026-01-12	275.91999999999996	276.29499999999996	274.66999999999996	276.59999999999997
2026-01-13	275.91999999999996	276.325	274.65	276.53999999999996
2026-01-14	275.90999999999997	276.29999999999995	274.63	276.45
2026-01-15	275.79999999999995	276.105	274.46	276.31
2026-01-16	275.7	275.965	274.19	276.19
2026-01-17	275.64	275.89	274.0	276.02
2026-01-18	275.60999999999996	275.81999999999994	273.9	276.12
2026-01-19	275.46999999999997	275.715	273.82	276.13
2026-01-20	275.31	275.515	273.53999999999996	275.97999999999996
2026-01-21	274.87	275.37	273.41999999999996	275.94
2026-01-22	274.66999999999996	275.22499999999997	273.40999999999997	275.9
2026-01-23	274.46	274.85499999999996	273.34999999999997	275.65999999999997
2026-01-24	274.31	274.68999999999994	273.34999999999997	275.46999999999997
2026-01-25	274.14	274.59	273.34999999999997	275.37
2026-01-26	274.13	274.375	273.34999999999997	274.88
2026-01-27	274.16999999999996	274.54999999999995	273.34999999999997	275.22999999999996
2026-01-28	274.21	274.56499999999994	273.34999999999997	275.25
2026-01-29	274.13	274.48	273.34999999999997	275.03999999999996
2026-01-30	274.06	274.355	273.34999999999997	274.78999999999996
2026-01-31	273.96	274.17499999999995	273.34999999999997	274.57
2026-02-01	273.88	274.115	273.34999999999997	274.53
2026-02-02	273.91999999999996	274.17499999999995	273.34999999999997	274.4
2026-02-03	273.96999999999997	274.24	273.34999999999997	274.39
2026-02-04	273.9	274.24	273.34999999999997	274.60999999999996
2026-02-05	273.78999999999996	274.12	273.34999999999997	274.56
2026-02-06	273.71	274.09	273.34999999999997	274.26
2026-02-07	273.76	274.16499999999996	273.34999999999997	274.28
2026-02-08	273.69	274.10999999999996	273.34999999999997	274.29999999999995
2026-02-09	273.67999999999995	274.02	273.34999999999997	274.03
2026-02-10	273.72999999999996	274.09	273.34999999999997	274.04999999999995
2026-02-11	273.75	274.115	273.34999999999997	274.37
2026-02-12	273.76	274.085	273.34999999999997	274.31
2026-02-13	273.75	274.05999999999995	273.34999999999997	274.17999999999995
2026-02-14	273.77	274.13	273.34999999999997	274.23999999999995
2026-02-15	273.81	274.15	273.34999999999997	274.28
2026-02-16	273.81	274.15	273.34999999999997	274.26
2026-02-17	273.84	274.16499999999996	273.34999999999997	274.34999999999997
2026-02-18	273.88	274.23	273.34999999999997	274.39
2026-02-19	273.89	274.22999999999996	273.34999999999997	274.37
2026-02-20	273.83	274.21	273.34999999999997	274.28999999999996
2026-02-21	273.78999999999996	274.14	273.34999999999997	274.21
2026-02-22	273.78	274.11	273.34999999999997	274.21999999999997
2026-02-23	273.71999999999997	274.13	273.34999999999997	274.23999999999995
2026-02-24	273.71999999999997	274.135	273.34999999999997	274.15999999999997
2026-02-25	273.7	274.145	273.34999999999997	274.13
2026-02-26	273.65999999999997	274.09999999999997	273.34999999999997	274.19
2026-02-27	273.65	274.12	273.34999999999997	274.29999999999995
2026-02-28	273.66999999999996	274.22999999999996	273.38	274.40999999999997
2026-03-01	273.56	274.13	273.34999999999997	274.37
2026-03-02	273.53	274.04499999999996	273.34999999999997	274.29999999999995
2026-03-03	273.59	274.155	273.34999999999997	274.31
2026-03-04	273.60999999999996	274.185	273.34999999999997	274.5
2026-03-05	273.71999999999997	274.215	273.42999999999995	274.52
2026-03-06	273.71999999999997	274.245	273.34999999999997	274.48999999999995
2026-03-07	273.79999999999995	274.275	273.34999999999997	274.46999999999997
2026-03-08	273.85999999999996	274.38	273.48999999999995	274.76
2026-03-09	273.91999999999996	274.43499999999995	273.69	274.90999999999997
2026-03-10	273.9	274.41999999999996	273.87	275.07
2026-03-11	273.83	274.40999999999997	274.01	274.98999999999995
2026-03-12	273.75	274.385	274.10999999999996	274.82
2026-03-13	273.72999999999996	274.34999999999997	274.09	274.73999999999995
2026-03-14	273.7	274.34	274.29999999999995	274.77
2026-03-15	273.7	274.315	274.28999999999996	274.78
2026-03-16	273.67999999999995	274.28499999999997	274.40999999999997	274.85999999999996
2026-03-17	273.7	274.29499999999996	274.52	274.84
2026-03-18	273.71999999999997	274.28999999999996	274.5	274.79999999999995
2026-03-19	273.75	274.29499999999996	274.41999999999996	274.78
2026-03-20	273.73999999999995	274.275	274.34999999999997	274.75
2026-03-21	273.78	274.275	274.45	274.76
2026-03-22	273.79999999999995	274.30499999999995	274.54999999999995	274.78999999999996
2026-03-23	273.78999999999996	274.335	274.63	274.78999999999996
2026-03-24	273.78999999999996	274.28999999999996	274.67999999999995	274.77
2026-03-25	273.77	274.315	274.82	274.77
2026-03-26	273.72999999999996	274.43999999999994	275.09999999999997	274.90999999999997
2026-03-27	273.62	274.42499999999995	275.26	275.04999999999995
2026-03-28	273.69	274.42499999999995	275.22999999999996	274.9
2026-03-29	273.7	274.485	275.37	274.81
2026-03-30	273.71	274.64	275.53	274.72999999999996
2026-03-31	273.77	274.71500000000003	275.78	274.82
2026-04-01	273.84	274.72999999999996	276.09999999999997	274.92999999999995
2026-04-02	273.88	274.76	276.28	275.01
2026-04-03	273.9	274.775	276.59	275.19
2026-04-04	273.95	274.77	276.83	275.35999999999996
2026-04-05	273.96	274.78999999999996	276.9	275.47999999999996
2026-04-06	273.96	274.82	276.9	275.57
2026-04-07	273.92999999999995	274.875	276.94	275.62
2026-04-08	274.0	274.9	276.98999999999995	275.72999999999996
2026-04-09	274.09	275.07499999999993	277.12	275.79999999999995
2026-04-10	274.12	275.155	277.41999999999996	275.89
2026-04-11	274.19	275.28999999999996	277.65999999999997	275.96999999999997
2026-04-12	274.2	275.39	277.7	275.90999999999997
2026-04-13	274.2	275.51	277.96	275.96999999999997
2026-04-14	274.28999999999996	275.64	278.26	276.07
2026-04-15	274.41999999999996	275.695	278.5	276.17999999999995
2026-04-16	274.48999999999995	275.765	278.78999999999996	276.35999999999996
2026-04-17	274.42999999999995	275.82	279.13	276.53
2026-04-18	274.39	275.865	279.34	276.58
2026-04-19	274.34999999999997	275.905	279.48999999999995	276.54999999999995
2026-04-20	274.34999999999997	275.965	279.56	276.51
2026-04-21	274.57	276.135	279.66999999999996	276.53
2026-04-22	274.60999999999996	276.28499999999997	279.97999999999996	276.64
2026-04-23	274.65	276.28999999999996	280.31	276.71999999999997
2026-04-24	274.64	276.28999999999996	280.41999999999996	276.79999999999995
2026-04-25	274.63	276.30999999999995	280.48999999999995	276.84
2026-04-26	274.64	276.31499999999994	280.60999999999996	276.87
2026-04-27	274.66999999999996	276.43499999999995	280.77	276.90999999999997
2026-04-28	274.78	276.645	280.94	277.01
2026-04-29	274.82	276.76	281.04999999999995	277.09999999999997
2026-04-30	274.88	276.88	281.14	277.16999999999996
2026-05-01	274.91999999999996	276.99	281.21	277.21999999999997
2026-05-02	274.96999999999997	277.06	281.29999999999995	277.32
2026-05-03	275.03	277.115	281.34	277.40999999999997
2026-05-04	275.12	277.21	281.48999999999995	277.47999999999996
2026-05-05	275.15999999999997	277.30499999999995	281.73999999999995	277.59
2026-05-06	275.16999999999996	277.375	282.08	277.73999999999995
2026-05-07	275.16999999999996	277.42499999999995	282.34	277.82
2026-05-08	275.17999999999995	277.52	282.56	277.91999999999996
2026-05-09	275.25	277.635	282.85999999999996	278.0
2026-05-10	275.35999999999996	277.72999999999996	283.12	278.09999999999997
2026-05-11	275.46999999999997	277.775	283.17999999999995	278.17999999999995
2026-05-12	275.53	277.755	283.17999999999995	278.27
2026-05-13	275.57	277.84999999999997	283.15999999999997	278.27
2026-05-14	275.64	278.02	283.2	278.22999999999996
2026-05-15	275.84999999999997	278.16999999999996	283.28999999999996	278.22999999999996
2026-05-16	275.96	278.385	283.54999999999995	278.29999999999995
2026-05-17	275.89	278.43499999999995	283.73999999999995	278.34
2026-05-18	275.84999999999997	278.40999999999997	283.89	278.38